PVvolts, PVcur, PVpow, OutV1, OutV2,  OutPow, BattV, VAWTdcV, RPM, REBuss, VAWTrms, BattCurr, VAWTCur, OutCur2,  RemoteCurr,  HAWTCur, HAWTBatV, HAWTrms, acPower, ACVolts, ACCurr, CosAngle, BattPow, DateS, TimeS, acCurRMS, anemometer
-0.3529037	-0.0439724	0.0155180 	-0.0636942	0.0000000 	-48.2696669	186.3117726	-0.0029081	0.0000000 	785.2662741	0.0213942 	0.0043377 	-0.0355623	3.0788187 	0.1590764 	-0.0424516	8.7504195 	0.0148365 	-163.3369094	125.0571416	-0.4380524	-0.0254403	3.4062590 	3854149229.9626007	0.0000000 	0.0107073 	0.0000000 
-0.3376920	-0.0787088	0.0265793 	-0.1375813	0.0000000 	-44.3950748	186.2981590	-0.0024492	0.0000000 	785.1864537	0.0199240 	0.0049919 	-0.0258816	3.0642858 	0.1710050 	-0.0626995	8.7464787 	0.0147310 	-157.2498701	124.9440377	-0.4221234	-0.0252139	3.9195339 	3854149289.9686699	0.0166689 	0.0112091 	0.0000000 
-0.3242408	-0.0442706	0.0143543 	-0.1140119	0.0000000 	-43.0089349	186.2774193	-0.0022173	0.0000000 	785.1732619	0.0222656 	0.0043235 	-0.0236041	3.0626856 	0.1777478 	-0.0526640	8.7430059 	0.0134490 	-156.9345309	125.0604602	-0.4208912	-0.0253261	3.3947279 	3854149349.9744558	0.0333378 	0.0092899 	0.0000000 
-0.3613074	-0.0971837	0.0351132 	0.0245253 	0.0000000 	-46.3530120	186.2853859	-0.0031862	0.0000000 	785.2594054	0.0213903 	0.0045282 	-0.0235732	3.0571282 	0.1674059 	-0.0231410	8.7268679 	0.0140700 	-157.6566336	125.0876354	-0.4226794	-0.0251657	3.5557740 	3854149409.9796791	0.0500067 	0.0131186 	0.0000000 
-0.3620642	-0.0486397	0.0176107 	-0.1509227	0.0000000 	-43.9828062	186.3005180	-0.0029769	0.0000000 	785.1742786	0.0220995 	0.0053586 	-0.0216472	3.0701141 	0.1689211 	-0.0910376	8.7768154 	0.0146376 	-158.1661957	125.0705766	-0.4240712	-0.0252489	4.2074025 	3854149469.9869399	0.0666758 	0.0111678 	0.0000000 
-0.3345789	-0.0783135	0.0262020 	0.0316214 	0.0000000 	-26.3155571	186.2696801	-0.0022230	0.0000000 	785.2204747	0.0220503 	0.0043377 	-0.0236417	3.1023024 	0.1911208 	-0.0553784	8.7307720 	0.0137791 	-157.0708770	125.0472624	-0.4212806	-0.0252482	3.4060604 	3854149529.9945011	0.0833453 	0.0108582 	0.0000000 
-0.3274437	-0.0312119	0.0102201 	-0.0020733	0.0000000 	-45.3700776	186.2554375	-0.0020053	0.0000000 	785.3161649	0.0210636 	0.0060167 	-0.0289596	3.1045418 	0.1749118 	-0.0527524	8.6921479 	0.0146551 	-157.6097997	125.0415451	-0.4227456	-0.0252578	4.7249991 	3854149590.0005279	0.1000142 	0.0096747 	0.0000000 
-0.3947060	-0.0462961	0.0182734 	-0.0429482	0.0000000 	-42.9240112	186.3252222	-0.0034039	0.0000000 	785.1808001	0.0211141 	0.0053169 	-0.0189186	3.0480041 	0.1644993 	-0.0706262	8.7536753 	0.0134714 	-159.6097172	125.1226347	-0.4279024	-0.0251860	4.1747496 	3854149650.0023470	0.1166819 	0.0119143 	0.0000000 
-0.3462561	-0.0583123	0.0201910 	-0.0679387	0.0000000 	-47.1359581	186.2653556	-0.0022098	0.0000000 	785.1672363	0.0219834 	0.0049613 	-0.0262045	3.0346077 	0.1689596 	-0.0243347	8.7298982 	0.0145453 	-158.9913007	125.0684746	-0.4264160	-0.0252076	3.8954441 	3854149710.0020299	0.1333492 	0.0109278 	0.0000000 
-0.3650042	-0.0919509	0.0335625 	-0.0320844	0.0000000 	-76.6739873	186.3315574	-0.0025670	0.0000000 	785.2504290	0.0094082 	0.0046074 	-0.0289950	3.1199047 	0.1205862 	-0.0755688	8.7356261 	0.0040372 	-157.4975038	125.1008566	-0.4223191	-0.0252519	3.6179850 	3854149770.0071340	0.1500181 	0.0094952 	0.0000000 
-0.3575215	-0.0923463	0.0330158 	-0.0159569	0.0000000 	-48.6917338	186.3015405	-0.0026245	0.0000000 	785.2986833	0.0095832 	0.0042420 	-0.0201016	3.1059489 	0.1627010 	-0.0293834	8.7319869 	0.0043238 	-156.5530567	125.1091847	-0.4196680	-0.0253247	3.3312757 	3854149830.0109549	0.1666864 	0.0119957 	0.0000000 
-0.3580518	-0.0549526	0.0196759 	-0.0327108	0.0000000 	-75.2622458	186.3380701	-0.0025208	0.0000000 	785.2407831	0.0092891 	0.0054188 	-0.0276506	3.0922506 	0.1300471 	-0.0794062	8.7317445 	0.0044181 	-157.6220231	125.2915143	-0.4218640	-0.0252562	4.2550557 	3854149890.0164251	0.1833550 	0.0127854 	0.0000000 
-0.3598390	-0.0823004	0.0296149 	-0.0311775	0.0000000 	-27.4474027	186.3131371	-0.0026320	0.0000000 	785.2889134	0.0099331 	0.0057279 	-0.0234007	3.1034343 	0.1981873 	-0.0667314	8.7343886 	0.0042992 	-158.3319629	125.2561262	-0.4239740	-0.0253051	4.4980750 	3854149950.0182681	0.2000228 	0.0113869 	0.0000000 
-0.3568577	-0.0648638	0.0231471 	-0.0156110	0.0000000 	-62.0532053	186.3184031	-0.0026160	0.0000000 	785.3102137	0.0103309 	0.0045676 	-0.0286501	3.0745840 	0.1460447 	-0.0445825	8.7434795 	0.0044158 	-156.8766898	125.2326258	-0.4200184	-0.0252354	3.5869583 	3854150010.0193500	0.2166906 	0.0121435 	0.0000000 
-0.3562223	-0.0927019	0.0330225 	-0.0215852	0.0000000 	-38.7388271	186.3160621	-0.0026094	0.0000000 	785.2486189	0.0098094 	0.0043063 	-0.0368757	3.0666873 	0.1696122 	-0.0714352	8.7387917 	0.0044262 	-158.8542326	125.2973106	-0.4252319	-0.0251862	3.3814905 	3854150070.0238352	0.2333589 	0.0099340 	0.0000000 
-0.3528579	-0.0535345	0.0188901 	-0.0291207	0.0000000 	-52.6703291	186.3240912	-0.0025792	0.0000000 	785.2960796	0.0101331 	0.0051185 	-0.0251520	3.0460266 	0.1586509 	-0.0663556	8.7402829 	0.0046648 	-159.2934549	125.2264877	-0.4265551	-0.0251553	4.0195505 	3854150130.0254240	0.2500267 	0.0139869 	0.0000000 
-0.3658072	-0.0424969	0.0155457 	-0.0167983	0.0000000 	-45.5843924	186.3217626	-0.0025293	0.0000000 	785.2627034	0.0099986 	0.0041814 	-0.0274251	3.1103390 	0.1652378 	-0.0125617	8.7348114 	0.0046708 	-157.9406316	124.9379994	-0.4238896	-0.0253045	3.2834772 	3854150190.0287123	0.2666950 	0.0084799 	0.0000000 
-0.3552193	-0.0428128	0.0152079 	-0.0368057	0.0000000 	-43.0437002	186.3160140	-0.0025236	0.0000000 	785.3077836	0.0097726 	0.0037562 	-0.0286810	3.0465726 	0.1707811 	-0.0702195	8.7392314 	0.0043732 	-157.6017651	124.9444759	-0.4229983	-0.0252800	2.9497778 	3854150250.0330892	0.2833633 	0.0094080 	0.0000000 
-0.3612065	-0.0374674	0.0135335 	-0.0144704	0.0000000 	-46.5434710	186.3116406	-0.0025858	0.0000000 	785.2729444	0.0098574 	0.0041583 	-0.0194670	3.0426864 	0.1634109 	-0.0525711	8.7326296 	0.0045029 	-157.2389178	124.9224958	-0.4219800	-0.0252801	3.2654352 	3854150310.0357461	0.3000314 	0.0118178 	0.0000000 
-0.3592264	-0.0568721	0.0204300 	-0.0228006	0.0000000 	-43.0081905	186.3366710	-0.0025651	0.0000000 	785.2622570	0.0099670 	0.0035950 	-0.0340852	2.9639633 	0.1733577 	-0.0770454	8.7420531 	0.0043477 	-157.4134062	125.0007568	-0.4222675	-0.0253147	2.8230149 	3854150370.0394120	0.3166997 	0.0101175 	0.0000000 
-0.3537735	-0.0457483	0.0161845 	-0.0030923	0.0000000 	-41.6037392	186.3210189	-0.0024831	0.0000000 	785.3231576	0.0096982 	0.0045078 	-0.0257092	3.1555798 	0.1751913 	-0.0681814	8.7433639 	0.0050586 	-158.3302503	125.0106942	-0.4247106	-0.0252781	3.5400636 	3854150430.0433187	0.3333681 	0.0108570 	0.0000000 
-0.3602607	-0.0574045	0.0206806 	-0.0254090	0.0000000 	-36.5846040	186.3160499	-0.0025726	0.0000000 	785.2583888	0.0097672 	0.0040782 	-0.0199070	3.0286996 	0.1718623 	-0.0674475	8.7356487 	0.0048886 	-163.6489791	125.0791164	-0.4387249	-0.0254645	3.2024269 	3854150490.0500679	0.3500372 	0.0085901 	0.0000000 
-0.3611311	-0.0585906	0.0211589 	-0.0170321	0.0000000 	-38.9990817	186.3244694	-0.0025877	0.0000000 	785.2487677	0.0096643 	0.0023372 	-0.0298132	3.0180907 	0.1800167 	-0.0547462	8.7348002 	0.0046637 	-157.4652885	125.0602127	-0.4222067	-0.0252637	1.8352888 	3854150550.0564527	0.3667064 	0.0140964 	0.0000000 
-0.3599829	-0.0539211	0.0194107 	-0.0246517	0.0000000 	-39.2678426	186.3199811	-0.0025679	0.0000000 	785.3277201	0.0095618 	0.0036313 	-0.0232614	3.0438494 	0.1781965 	-0.0552325	8.7387748 	0.0049323 	-156.4163754	125.0881275	-0.4192672	-0.0252868	2.8517706 	3854150610.0629568	0.3833756 	0.0091562 	0.0000000 
-0.3657395	-0.0413859	0.0151364 	-0.0231371	0.0000000 	-56.0471337	186.3265816	-0.0025736	0.0000000 	785.2673899	0.0099083 	0.0028603 	-0.0259988	3.0447482 	0.1427967 	-0.0625889	8.7408917 	0.0049739 	-157.0081715	125.0819249	-0.4208227	-0.0252897	2.2460629 	3854150670.0698261	0.4000447 	0.0107026 	0.0000000 
-0.3544963	-0.0715588	0.0253673 	-0.0159663	0.0000000 	-23.7145252	186.3250613	-0.0024567	0.0000000 	785.3464912	0.0097867 	0.0041854 	-0.0128356	3.1286226 	0.1925768 	-0.0836723	8.7270765 	0.0045548 	-157.1555922	124.7843888	-0.4222150	-0.0253025	3.2869579 	3854150730.0740919	0.4167131 	0.0083784 	0.0000000 
-0.3569000	-0.0740570	0.0264309 	-0.0338888	0.0000000 	-43.8870354	186.3062011	-0.0027093	0.0000000 	785.3017581	0.0094738 	0.0042757 	-0.0248225	2.9949754 	0.1619056 	-0.0570451	8.7380250 	0.0046365 	-156.9078875	125.0174286	-0.4207962	-0.0251852	3.3577213 	3854150790.0778217	0.4333814 	0.0135913 	0.0000000 
-0.3577707	-0.0319739	0.0114393 	-0.0211270	0.0000000 	-68.4091021	186.3285005	-0.0025594	0.0000000 	785.2766639	0.0099178 	0.0042961 	-0.0305606	3.0919421 	0.1400033 	-0.0663512	8.7327255 	0.0047240 	-156.6714650	124.9549890	-0.4204328	-0.0252157	3.3736122 	3854150850.0828500	0.4500500 	0.0128289 	0.0000000 
-0.3575003	-0.0511512	0.0182866 	-0.0207998	0.0000000 	-63.2110108	186.3320617	-0.0025463	0.0000000 	785.3117511	0.0094736 	0.0048754 	-0.0289132	3.0717520 	0.1427721 	-0.0720718	8.7329228 	0.0045999 	-158.0025807	125.0590487	-0.4236319	-0.0252321	3.8286875 	3854150910.0897040	0.4667192 	0.0091885 	0.0000000 
-0.3583004	-0.0612699	0.0219530 	-0.0367029	0.0000000 	-72.2788907	186.3276375	-0.0026320	0.0000000 	785.3187438	0.0097143 	0.0043297 	-0.0281503	3.0371511 	0.1459161 	-0.0379997	8.7346480 	0.0047802 	-156.3750661	125.0521814	-0.4191809	-0.0252246	3.4002261 	3854150970.0964289	0.4833883 	0.0125890 	0.0000000 
-0.3557276	-0.0686917	0.0244355 	-0.0287934	0.0000000 	-48.5103012	186.3223009	-0.0026301	0.0000000 	785.3523680	0.0098655 	0.0050459 	-0.0221248	3.0929342 	0.1649570 	-0.0373587	8.7358178 	0.0049197 	-156.9170973	125.0439240	-0.4207454	-0.0252301	3.9627961 	3854151030.1014400	0.5000572 	0.0083863 	0.0000000 
-0.3538538	-0.0577579	0.0204378 	-0.0376752	0.0000000 	-52.2339494	186.3173034	-0.0026810	0.0000000 	785.3149499	0.0097811 	0.0054613 	-0.0307728	3.0510026 	0.1597151 	-0.0510238	8.7487197 	0.0046176 	-156.3177641	125.0440053	-0.4190443	-0.0252584	4.2888467 	3854151090.1073270	0.5167261 	0.0103905 	0.0000000 
-0.3743697	-0.0577026	0.0216021 	-0.0298031	0.0000000 	-54.1124434	186.3062132	-0.0027149	0.0000000 	785.3413087	0.0098714 	0.0040117 	-0.0222287	3.0417831 	0.1607842 	-0.0637163	8.7347043 	0.0045297 	-158.3603303	125.0804048	-0.4244352	-0.0251956	3.1505928 	3854151150.1150498	0.5333956 	0.0134872 	0.0000000 
-0.3666561	-0.0524102	0.0192165 	-0.0331034	0.0000000 	-50.5618623	186.3160846	-0.0026791	0.0000000 	785.2957573	0.0096015 	0.0036016 	-0.0265185	3.0029032 	0.1683344 	-0.0366912	8.7367903 	0.0045718 	-157.4508754	125.1027837	-0.4219425	-0.0253132	2.8283523 	3854151210.1189480	0.5500639 	0.0099055 	0.0000000 
-0.3593277	-0.0618663	0.0222303 	-0.0389187	0.0000000 	-47.1189305	186.3247833	-0.0027272	0.0000000 	785.3224137	0.0097805 	0.0034457 	-0.0324909	3.0709841 	0.1669500 	-0.0353560	8.7446014 	0.0049225 	-156.6755730	125.0652343	-0.4199509	-0.0252946	2.7060204 	3854151270.1251521	0.5667328 	0.0089388 	0.0000000 
-0.3591200	-0.0618575	0.0222143 	-0.0373106	0.0000000 	-50.9130045	186.3238444	-0.0025434	0.0000000 	785.3160409	0.0099234 	0.0041858 	-0.0257821	3.0960303 	0.1654653 	-0.0880093	8.7391694 	0.0046263 	-157.2825283	125.1637099	-0.4213483	-0.0252157	3.2871783 	3854151330.1321812	0.5834022 	0.0097440 	0.0000000 
-0.3601208	-0.0560239	0.0201754 	-0.0233428	0.0000000 	-39.6646987	186.3258309	-0.0026490	0.0000000 	785.3058247	0.0096775 	0.0042443 	-0.0314959	3.0488364 	0.1809890 	-0.0530884	8.7327931 	0.0046432 	-156.1968167	125.1836828	-0.4184446	-0.0251854	3.3330450 	3854151390.1371241	0.6000708 	0.0106573 	0.0000000 
-0.3646391	-0.0560968	0.0204551 	-0.0384606	0.0000000 	-39.2453539	186.3160311	-0.0025679	0.0000000 	785.3275466	0.0099723 	0.0045158 	-0.0245483	3.0591767 	0.1722259 	-0.0687606	8.7442180 	0.0046150 	-156.2278074	125.1347614	-0.4185670	-0.0252249	3.5463439 	3854151450.1447101	0.6167403 	0.0144792 	0.0000000 
-0.3627223	-0.0577336	0.0209413 	-0.0248200	0.0000000 	-47.7106139	186.3383530	-0.0026829	0.0000000 	785.3139580	0.0099459 	0.0044568 	-0.0259701	3.0389933 	0.1722757 	-0.0396620	8.7293710 	0.0047485 	-158.2242597	125.1823293	-0.4238143	-0.0251522	3.5000248 	3854151510.1532850	0.6334097 	0.0090820 	0.0000000 
-0.3704803	-0.0727714	0.0269604 	-0.0417795	0.0000000 	-56.3060791	186.3299249	-0.0026066	0.0000000 	785.3863146	0.0100869 	0.0040512 	-0.0238938	3.0412726 	0.1612271 	-0.0355815	8.7381574 	0.0051329 	-155.9860762	125.2005551	-0.4177265	-0.0253026	3.1817307 	3854151570.1596308	0.6500789 	0.0109403 	0.0000000 
-0.3502281	-0.0780462	0.0273340 	-0.0364785	0.0000000 	-33.6442683	186.3073718	-0.0025340	0.0000000 	785.3166608	0.0104479 	0.0035835 	-0.0287916	3.0697945 	0.1930502 	-0.0614572	8.7328298 	0.0050827 	-157.1876606	125.1536463	-0.4211305	-0.0252566	2.8141676 	3854151630.1656918	0.6667478 	0.0094473 	0.0000000 
-0.3599930	-0.0632557	0.0227716 	-0.0378248	0.0000000 	-46.2602719	186.3061774	-0.0026838	0.0000000 	785.3008158	0.0102430 	0.0037110 	-0.0313256	3.0640883 	0.1664905 	-0.0535305	8.7428621 	0.0047985 	-158.1367739	125.0914212	-0.4238210	-0.0252676	2.9142763 	3854151690.1699538	0.6834164 	0.0099571 	0.0000000 
-0.3492561	-0.0784769	0.0274085 	-0.0172378	0.0000000 	-34.2879827	186.3142362	-0.0026301	0.0000000 	785.2819456	0.0099667 	0.0040352 	-0.0287651	3.0841874 	0.1851959 	-0.0524341	8.7344704 	0.0048274 	-157.7059732	125.1462066	-0.4225520	-0.0252763	3.1687874 	3854151750.1754250	0.7000850 	0.0094084 	0.0000000 
-0.3577928	-0.0689015	0.0246525 	-0.0179109	0.0000000 	-60.2566868	186.3088938	-0.0023907	0.0000000 	785.3064942	0.0099957 	0.0043244 	-0.0268325	3.0033692 	0.1550003 	-0.0555818	8.7371004 	0.0047400 	-158.3722029	125.1612477	-0.4241411	-0.0252636	3.3959995 	3854151810.1798010	0.7167536 	0.0070164 	0.0000000 
-0.3639697	-0.0974775	0.0354788 	-0.0308783	0.0000000 	-47.1420544	186.3167090	-0.0025717	0.0000000 	785.3097426	0.0100250 	0.0036486 	-0.0266202	3.0880248 	0.1677092 	-0.0378627	8.7274655 	0.0049040 	-158.6672016	125.1429204	-0.4250604	-0.0252002	2.8652695 	3854151870.1833129	0.7334219 	0.0131730 	0.0000000 
-0.3500063	-0.0637571	0.0223154 	-0.0315421	0.0000000 	-45.1968609	186.3218532	-0.0025849	0.0000000 	785.3396225	0.0101611 	0.0037310 	-0.0299304	3.0451610 	0.1639972 	-0.0597330	8.7416106 	0.0045978 	-158.4506113	125.1524081	-0.4245062	-0.0252137	2.9300719 	3854151930.1882648	0.7500906 	0.0117972 	0.0000000 
-0.3621332	-0.0688551	0.0249347 	-0.0438083	0.0000000 	-42.0559195	186.3316587	-0.0024916	0.0000000 	785.3124454	0.0095147 	0.0044878 	-0.0267816	3.0132612 	0.1721068 	-0.0469919	8.7323111 	0.0044783 	-158.6650552	125.0710711	-0.4252803	-0.0252804	3.5243642 	3854151990.1922841	0.7667589 	0.0147901 	0.0000000 
-0.3536610	-0.0646031	0.0228476 	-0.0171349	0.0000000 	-56.8328505	186.3119338	-0.0025415	0.0000000 	785.2485197	0.0096563 	0.0042292 	-0.0243780	3.1699772 	0.1590048 	-0.0720674	8.7313893 	0.0049093 	-157.9215876	125.0592334	-0.4233770	-0.0252943	3.3209774 	3854152050.1957092	0.7834272 	0.0113647 	0.0000000 
-0.3474853	-0.0343462	0.0119348 	-0.0202576	0.0000000 	-45.3882643	186.2962735	-0.0026235	0.0000000 	785.2601245	0.0094772 	0.0038616 	-0.0215742	3.0889681 	0.1653480 	-0.0496710	8.7388452 	0.0045761 	-158.3543234	125.0516359	-0.4245506	-0.0251796	3.0323701 	3854152110.2016277	0.8000961 	0.0129783 	0.0000000 
-0.3515085	-0.0526797	0.0185174 	-0.0111420	0.0000000 	-52.1189868	186.3189345	-0.0024831	0.0000000 	785.3239263	0.0096444 	0.0050167 	-0.0212558	2.9934861 	0.1613453 	-0.0263108	8.7205564 	0.0045333 	-156.9187265	125.0998368	-0.4205143	-0.0252447	3.9396974 	3854152170.2086802	0.8167653 	0.0093749 	0.0000000 
-0.3570584	-0.0494968	0.0176732 	-0.0265309	0.0000000 	-66.0668381	186.3211877	-0.0025265	0.0000000 	785.3398209	0.0099397 	0.0048475 	-0.0160683	2.9830304 	0.1359393 	-0.0526374	8.7425239 	0.0047661 	-157.4279238	125.1010887	-0.4218470	-0.0251395	3.8069121 	3854152230.2117958	0.8334336 	0.0103177 	0.0000000 
-0.3384310	-0.0517586	0.0175167 	-0.0135261	0.0000000 	-47.1263142	186.2896505	-0.0025359	0.0000000 	785.2991296	0.0094529 	0.0047097 	-0.0309630	3.0498862 	0.1647926 	-0.0376107	8.7352061 	0.0048141 	-158.4159184	125.1338390	-0.4245107	-0.0251385	3.6985503 	3854152290.2201738	0.8501031 	0.0108746 	0.0000000 
-0.3509283	-0.0417083	0.0146366 	-0.0281577	0.0000000 	-48.9105233	186.3317922	-0.0025821	0.0000000 	785.3207771	0.0098761 	0.0045366 	-0.0249021	2.9244109 	0.1532384 	-0.0175220	8.7408269 	0.0042828 	-157.7642309	125.0411537	-0.4230254	-0.0252074	3.5626602 	3854152350.2250853	0.8667717 	0.0103993 	0.0000000 
-0.3440775	-0.0557103	0.0191686 	-0.0323368	0.0000000 	-41.7889310	186.3254326	-0.0026169	0.0000000 	785.3511778	0.0098809 	0.0051070 	-0.0251962	3.1524681 	0.1749006 	-0.0271022	8.7425774 	0.0050745 	-159.2870368	125.1886579	-0.4266660	-0.0251077	4.0107892 	3854152410.2314539	0.8834408 	0.0127515 	0.0000000 
-0.3470410	-0.0499319	0.0173284 	-0.0328323	0.0000000 	-50.6547297	186.3261490	-0.0025755	0.0000000 	785.3088499	0.0097491 	0.0049941 	-0.0268723	3.0181728 	0.1587042 	-0.0696668	8.7351131 	0.0052448 	-157.4722665	125.1459150	-0.4220227	-0.0251230	3.9218839 	3854152470.2338090	0.9001086 	0.0134278 	0.0000000 
-0.3466956	-0.0458168	0.0158845 	-0.0474919	0.0000000 	-42.8804491	186.3201194	-0.0026188	0.0000000 	785.2641168	0.0097145 	0.0043253 	-0.0271995	3.1492988 	0.1694594 	-0.0964577	8.7384619 	0.0045549 	-155.2512193	125.1204845	-0.4160905	-0.0253237	3.3965118 	3854152530.2388048	0.9167775 	0.0103570 	0.0000000 
-0.3468519	-0.0568876	0.0197316 	-0.0212953	0.0000000 	-18.8381840	186.3138825	-0.0025613	0.0000000 	785.3371181	0.0096373 	0.0039148 	-0.0284334	3.1133707 	0.2093559 	-0.0220314	8.7314119 	0.0047305 	-156.3344108	125.1755515	-0.4188859	-0.0252972	3.0744050 	3854152590.2464600	0.9334469 	0.0101976 	0.0000000 
-0.3550758	-0.0625422	0.0222072 	-0.0305885	0.0000000 	-50.7275975	186.3371050	-0.0025265	0.0000000 	785.2950382	0.0100222 	0.0051057 	-0.0321659	3.0127907 	0.1684414 	-0.0496489	8.7359785 	0.0046557 	-156.7666047	125.1291863	-0.4201109	-0.0252971	4.0094591 	3854152650.2500138	0.9501150 	0.0091741 	0.0000000 
-0.3446566	-0.0554761	0.0191202 	-0.0259793	0.0000000 	-46.8998014	186.3186340	-0.0025406	0.0000000 	785.2643895	0.0097066 	0.0036690 	-0.0271752	3.0567664 	0.1674082 	-0.0633051	8.7363252 	0.0052033 	-156.8988123	125.1312933	-0.4203928	-0.0253211	2.8811020 	3854152710.2530789	0.9667833 	0.0089500 	0.0000000 
-0.3429931	-0.0578595	0.0198454 	-0.0453416	0.0000000 	-50.8556682	186.3137368	0.0024185 	0.0000000 	785.2713574	0.0102296 	0.0051066 	-0.0262111	3.0412549 	0.1537508 	-0.0653830	8.7433047 	0.0045458 	-174.6088633	125.1619626	-0.4677639	-0.0251761	4.0100338 	3854152770.2554092	0.9834511 	0.0115778 	0.0000000 
-0.3554317	-0.0120611	0.0042869 	-0.0214543	0.0000000 	-40.1121965	186.3287293	0.0280190 	0.0000000 	785.2856403	0.0101861 	0.0045073 	-0.0232393	3.0484547 	0.1788764 	-0.0710860	8.7355895 	0.0050931 	-157.0310082	125.0781141	-0.4208936	-0.0252561	3.5395466 	3854152830.2608700	1.0001200 	0.0093267 	0.0000000 
-0.3095464	-0.0532651	0.0164880 	-0.0402089	0.0000000 	-53.6987016	186.2710186	0.0456088 	0.0000000 	752.0622651	0.0167560 	0.0051889 	-0.0250900	3.1112045 	0.1507178 	-0.0627437	8.7360517 	0.0129303 	-158.6296006	125.0877806	-0.4251893	-0.0252217	3.9024017 	3854152890.2675838	1.0167892 	0.0131219 	0.0000000 
-0.3474310	-0.0599093	0.0208143 	-0.0071499	0.0000000 	-50.4398251	186.2899369	0.0053071 	0.0000000 	785.2549916	0.0199234 	0.0036406 	-0.0373114	3.1302406 	0.1571246 	-0.0635041	8.7352230 	0.0143790 	-156.6636595	125.0687318	-0.4200045	-0.0252105	2.8588098 	3854152950.2742071	1.0334583 	0.0092425 	0.0000000 
-0.3399006	-0.0499098	0.0169644 	-0.0779705	0.0000000 	-53.6487349	186.3011396	0.0501626 	0.0000000 	785.2428165	0.0219656 	0.0040950 	-0.0234184	3.1169151 	0.1589936 	-0.0589417	8.7461123 	0.0146013 	-156.7451536	125.1061986	-0.4201748	-0.0252224	3.2155787 	3854153010.2812271	1.0501275 	0.0108581 	0.0000000 
-0.3180479	-0.0625003	0.0198781 	-0.1042232	0.0000000 	-50.4590046	186.2794562	-0.0030326	0.0000000 	785.2692581	0.0232554 	0.0035977 	-0.0304434	3.0517261 	0.1718860 	-0.0898307	8.7048046 	0.0158981 	-157.0022922	125.0984544	-0.4208426	-0.0252084	2.8251268 	3854153070.2869463	1.0667964 	0.0124203 	0.0000000 
-0.3474519	-0.0559952	0.0194556 	-0.0930602	0.0000000 	-25.6225625	186.3167476	-0.0020458	0.0000000 	785.2825903	0.0226020 	0.0043448 	-0.0329818	3.0561450 	0.1936240 	-0.0137377	8.7288298 	0.0147931 	-156.9732215	125.1083404	-0.4207822	-0.0251628	3.4118944 	3854153130.2923598	1.0834653 	0.0087504 	0.0000000 
-0.3230835	-0.0676160	0.0218456 	-0.1840190	0.0000000 	-43.3117013	186.3129778	-0.0021212	0.0000000 	785.3206531	0.0234388 	0.0048067 	-0.0260696	3.0795267 	0.1733156 	-0.0392641	8.7573934 	0.0146590 	-158.7640975	125.0861224	-0.4256060	-0.0251488	3.7748211 	3854153190.2976809	1.1001339 	0.0103004 	0.0000000 
-0.3234978	-0.0566954	0.0183408 	-0.0063365	0.0000000 	-41.0930194	186.2802276	-0.0032512	0.0000000 	785.1954301	0.0198105 	0.0042903 	-0.0230005	3.0503634 	0.1830640 	-0.0873771	8.6997588 	0.0143616 	-158.9081489	125.1133915	-0.4259086	-0.0251406	3.3687424 	3854153250.3033743	1.1168028 	0.0113532 	0.0000000 
-0.3281107	-0.0596354	0.0195670 	-0.0511942	0.0000000 	-27.3361391	186.2670223	-0.0029025	0.0000000 	785.3011877	0.0220157 	0.0051863 	-0.0269032	3.0456959 	0.1932648 	-0.0459707	8.7571707 	0.0156896 	-159.9014782	125.0475147	-0.4287731	-0.0251275	4.0727895 	3854153310.3084650	1.1334714 	0.0134725 	0.0000000 
-0.2855749	-0.0561763	0.0160426 	-0.0348704	0.0000000 	-48.6542294	186.2837258	-0.0029600	0.0000000 	785.2772590	0.0211310 	0.0041300 	-0.0276860	3.1353763 	0.1647295 	-0.0281720	8.7577824 	0.0138904 	-158.0585902	125.0691489	-0.4237042	-0.0252318	3.2431948 	3854153370.3143249	1.1501403 	0.0104002 	0.0000000 
-0.3067308	-0.0627830	0.0192575 	-0.0150126	0.0000000 	-50.9495827	186.2855252	-0.0022984	0.0000000 	785.2356006	0.0216189 	0.0043616 	-0.0213221	3.1815271 	0.1552292 	-0.0299713	8.7412948 	0.0145830 	-158.2873354	125.1981171	-0.4239377	-0.0251259	3.4249054 	3854153430.3209238	1.1668094 	0.0089736 	0.0000000 
-0.2835642	-0.0696128	0.0197397 	-0.0857491	0.0000000 	-57.8522121	186.2852535	-0.0025736	0.0000000 	785.2314596	0.0226465 	0.0042748 	-0.0205925	3.0418319 	0.1558190 	-0.0390785	8.7475076 	0.0149357 	-157.2870050	125.1763707	-0.4213625	-0.0251583	3.3567252 	3854153490.3277230	1.1834786 	0.0132136 	0.0000000 
-0.2642813	-0.0520988	0.0137687 	-0.0848328	0.0000000 	-39.9413632	186.3119375	-0.0032597	0.0000000 	785.3036674	0.0218526 	0.0060955 	-0.0285992	3.0822632 	0.1787219 	-0.0231101	8.7514992 	0.0133431 	-159.2460059	125.0981190	-0.4267553	-0.0251285	4.7868319 	3854153550.3348579	1.2001481 	0.0105353 	0.0000000 
-0.2949146	-0.0580671	0.0171248 	-0.1219774	0.0000000 	-44.6836385	186.2989486	-0.0026452	0.0000000 	785.3265051	0.0241688 	0.0037035 	-0.0233122	3.1089629 	0.1690770 	-0.0838403	8.7444830 	0.0134661 	-157.7450027	125.0117730	-0.4229690	-0.0251781	2.9084589 	3854153610.3390279	1.2168164 	0.0106992 	0.0000000 
-0.3186833	-0.0677220	0.0215819 	0.0175602 	0.0000000 	-54.7594653	186.2884557	-0.0022616	0.0000000 	785.2206483	0.0221923 	0.0043745 	-0.0281459	3.0553016 	0.1593178 	-0.0742027	8.7360095 	0.0155030 	-158.6027458	125.0392601	-0.4252302	-0.0251868	3.4349253 	3854153670.3442278	1.2334850 	0.0117350 	0.0000000 
-0.2748003	-0.0476745	0.0131010 	-0.0400312	0.0000000 	-43.6765933	186.2908223	-0.0026461	0.0000000 	785.1934712	0.0224031 	0.0045242 	-0.0238496	3.0605417 	0.1747219 	-0.0619656	8.7427043 	0.0136890 	-158.6146675	124.9809921	-0.4255039	-0.0252194	3.5523457 	3854153730.3504248	1.2501542 	0.0138952 	0.0000000 
-0.2822369	-0.0657031	0.0185438 	0.1120624 	0.0000000 	-53.3391612	186.2853476	-0.0030241	0.0000000 	785.2456433	0.0213918 	0.0045361 	-0.0285660	3.0781151 	0.1579070 	-0.0562626	8.7762094 	0.0128371 	-158.6459757	125.0335908	-0.4253668	-0.0252376	3.5619716 	3854153790.3533583	1.2668222 	0.0096433 	0.0000000 
-0.2846286	-0.0568478	0.0161805 	0.0057801 	0.0000000 	-48.0245198	186.2916126	-0.0027215	0.0000000 	785.2031666	0.0215967 	0.0038200 	-0.0248756	3.1079020 	0.1692834 	-0.0423499	8.7476655 	0.0150346 	-159.2713902	125.0248863	-0.4270401	-0.0252239	2.9994613 	3854153850.3562660	1.2834903 	0.0137288 	0.0000000 
-0.2936853	-0.0560637	0.0164651 	-0.0946589	0.0000000 	-54.3956144	186.2916725	-0.0031211	0.0000000 	785.2610668	0.0204604 	0.0034218 	-0.0305097	3.0647408 	0.1612885 	-0.0660019	8.7506676 	0.0148217 	-158.6030552	125.1186949	-0.4250606	-0.0251823	2.6870289 	3854153910.3601699	1.3001586 	0.0119007 	0.0000000 
-0.2759817	-0.0553303	0.0152702 	-0.0177707	0.0000000 	-48.8849094	186.3008231	-0.0021589	0.0000000 	785.2309389	0.0241057 	0.0043497 	-0.0225427	3.0548999 	0.1620749 	-0.0421510	8.7213485 	0.0156338 	-157.8791871	125.1582076	-0.4229900	-0.0252426	3.4154954 	3854153970.3660541	1.3168275 	0.0109088 	0.0000000 
-0.2682480	-0.0610601	0.0163792 	-0.0379650	0.0000000 	-45.8896493	186.2985066	-0.0027347	0.0000000 	785.1974427	0.0212895 	0.0045441 	-0.0220894	3.0249776 	0.1736157 	-0.0459663	8.7264281 	0.0131628 	-157.8472709	125.1527375	-0.4229308	-0.0252135	3.5680124 	3854154030.3723001	1.3334967 	0.0085775 	0.0000000 
-0.2950350	-0.0500401	0.0147636 	-0.0832154	0.0000000 	-49.6022861	186.3026493	-0.0025378	0.0000000 	785.3178263	0.0223123 	0.0052102 	-0.0335147	3.1068367 	0.1680334 	-0.0536189	8.7529960 	0.0152267 	-158.4349019	125.1033775	-0.4246365	-0.0251707	4.0916573 	3854154090.3792210	1.3501658 	0.0117431 	0.0000000 
-0.2804384	-0.0618995	0.0173590 	-0.0023911	0.0000000 	-54.0349023	186.2781977	-0.0029835	0.0000000 	785.2710908	0.0236720 	0.0037367 	-0.0158649	3.0803234 	0.1603887 	-0.0715015	8.7171935 	0.0155201 	-158.0899369	125.0340299	-0.4238727	-0.0252113	2.9343374 	3854154150.3849559	1.3668347 	0.0117471 	0.0000000 
-0.3041568	-0.0604306	0.0183804 	-0.0024285	0.0000000 	-54.3940272	186.3147817	-0.0024897	0.0000000 	785.2584383	0.0202357 	0.0053692 	-0.0319470	3.0681565 	0.1598638 	-0.0440387	8.7108257 	0.0169256 	-159.5287963	125.0848743	-0.4275875	-0.0251871	4.2162002 	3854154210.3908291	1.3835036 	0.0112019 	0.0000000 
-0.2625486	-0.0443943	0.0116557 	0.0024985 	0.0000000 	-45.7692322	186.2941571	-0.0028554	0.0000000 	785.2222353	0.0220121 	0.0036756 	-0.0257048	3.0722802 	0.1719819 	-0.0664130	8.7654046 	0.0153650 	-163.9685591	125.0700172	-0.4395144	-0.0253736	2.8861637 	3854154270.3945279	1.4001719 	0.0110883 	0.0000000 
-0.2824282	-0.0831575	0.0234860 	-0.0324864	0.0000000 	-53.4043588	186.3172642	-0.0031654	0.0000000 	785.2747545	0.0237389 	0.0045534 	-0.0293444	3.0522543 	0.1626379 	-0.0641186	8.7201421 	0.0151649 	-159.8932267	125.0872332	-0.4286055	-0.0250724	3.5756672 	3854154330.3984632	1.4168403 	0.0126073 	0.0000000 
-0.2940155	-0.0437449	0.0128617 	0.0320234 	0.0000000 	-44.1639055	186.2865156	-0.0029364	0.0000000 	785.2160609	0.0225963 	0.0037739 	-0.0266733	3.0735764 	0.1696547 	-0.0739507	8.7178870 	0.0149203 	-158.9973207	125.1395467	-0.4260706	-0.0251936	2.9633436 	3854154390.3991408	1.4335078 	0.0087413 	0.0000000 
-0.3039080	-0.0400451	0.0121700 	-0.0997449	0.0000000 	-49.3098504	186.2991577	-0.0023681	0.0000000 	785.2754488	0.0225541 	0.0049126 	-0.0197146	3.0672133 	0.1575989 	-0.0639108	8.7466620 	0.0144340 	-157.4836989	125.1258250	-0.4220900	-0.0252032	3.8577245 	3854154450.4000730	1.4501753 	0.0115478 	0.0000000 
-0.2899370	-0.0580318	0.0168256 	0.0598655 	0.0000000 	-54.5660842	186.2771506	-0.0033021	0.0000000 	785.2174495	0.0227345 	0.0047647 	-0.0196217	3.0683984 	0.1527538 	-0.0511166	8.7521306 	0.0148965 	-158.1490352	125.1836932	-0.4237336	-0.0251744	3.7412878 	3854154510.4047170	1.4668439 	0.0100154 	0.0000000 
-0.2777210	-0.0642254	0.0178367 	0.0523861 	0.0000000 	-53.4202147	186.3006293	-0.0028497	0.0000000 	785.2600131	0.0222040 	0.0049405 	-0.0222066	3.0540432 	0.1472047 	-0.0655023	8.7603025 	0.0123827 	-159.6040888	125.0778125	-0.4278146	-0.0252056	3.8795588 	3854154570.4101849	1.4835128 	0.0090291 	0.0000000 
-0.3168149	-0.0626173	0.0198381 	-0.1207714	0.0000000 	-41.7244049	186.2967742	-0.0026867	0.0000000 	785.2143421	0.0222703 	0.0035104 	-0.0215433	3.0927234 	0.1633213 	-0.0376903	8.7433780 	0.0141121 	-157.4308821	125.0428384	-0.4220203	-0.0252063	2.7564208 	3854154630.4173412	1.5001819 	0.0107726 	0.0000000 
-0.3362305	-0.0992865	0.0333831 	-0.0700330	0.0000000 	-49.0180244	186.3191169	-0.0025151	0.0000000 	785.2198300	0.0237413 	0.0050587 	-0.0329265	3.1014679 	0.1624328 	-0.0803567	8.7394879 	0.0150683 	-157.6124866	125.0671087	-0.4225074	-0.0252420	3.9722124 	3854154690.4211798	1.5168503 	0.0104395 	0.0000000 
-0.2998326	-0.0381168	0.0114286 	0.0111185 	0.0000000 	-58.5764867	186.2878439	-0.0019129	0.0000000 	785.2986337	0.0202025 	0.0046818 	-0.0241901	3.0719517 	0.1571040 	-0.0439901	8.7251033 	0.0163549 	-158.3104104	125.0926290	-0.4243891	-0.0251793	3.6766368 	3854154750.4290218	1.5335197 	0.0091953 	0.0000000 
-0.3193937	-0.0340503	0.0108754 	-0.1101226	0.0000000 	-65.8417007	186.2881211	-0.0022211	0.0000000 	785.2227064	0.0228948 	0.0051371 	-0.0215764	3.0717698 	0.1490741 	-0.0472041	8.7907237 	0.0157492 	-158.4574312	125.1181528	-0.4247289	-0.0251845	4.0337809 	3854154810.4363508	1.5501892 	0.0138402 	0.0000000 
-0.2880651	-0.0755480	0.0217627 	0.0061821 	0.0000000 	-48.5658591	186.2927023	-0.0027093	0.0000000 	785.1829574	0.0212654 	0.0046309 	-0.0254969	3.0539078 	0.1645149 	-0.0403870	8.7424168 	0.0147631 	-157.6182170	125.1331631	-0.4223740	-0.0252605	3.6361046 	3854154870.4417810	1.5668581 	0.0106366 	0.0000000 
-0.3493991	-0.0541133	0.0189071 	-0.0565607	0.0000000 	-31.5105829	186.3044147	-0.0026226	0.0000000 	785.2054975	0.0229975 	0.0041504 	-0.0185294	3.0929475 	0.1781034 	-0.0938493	8.7460446 	0.0147614 	-158.4216207	125.1640258	-0.4244637	-0.0251900	3.2588952 	3854154930.4497399	1.5835275 	0.0116678 	0.0000000 
-0.3057233	-0.0688927	0.0210621 	-0.0904330	0.0000000 	-42.9342326	186.2778821	-0.0030580	0.0000000 	785.2842516	0.0199863 	0.0050499 	-0.0273101	3.0604374 	0.1754753 	-0.0641274	8.7661122 	0.0147414 	-158.7727325	125.1555888	-0.4255079	-0.0251686	3.9655825 	3854154990.4563889	1.6001967 	0.0089042 	0.0000000 
-0.3187815	-0.0576784	0.0183868 	-0.0682660	0.0000000 	-85.3801609	186.2871651	-0.0021570	0.0000000 	785.2890870	0.0249378 	0.0039356 	-0.0223703	3.0753253 	0.1213548 	-0.0457806	8.7611932 	0.0161152 	-157.8857835	125.1890785	-0.4230273	-0.0251823	3.0905631 	3854155050.4627151	1.6168656 	0.0077698 	0.0000000 
-0.3259708	-0.0826340	0.0269363 	0.1279281 	0.0000000 	-50.7439409	186.3005573	-0.0029110	0.0000000 	785.2816232	0.0205086 	0.0041300 	-0.0333179	3.0382076 	0.1699776 	-0.0494499	8.7372188 	0.0128137 	-158.0977730	125.2075107	-0.4235605	-0.0251860	3.2432129 	3854155110.4692669	1.6335347 	0.0083207 	0.0000000 
-0.3251373	-0.0565894	0.0183993 	-0.0448554	0.0000000 	-59.7477559	186.2788093	-0.0030212	0.0000000 	785.2835573	0.0216084 	0.0039170 	-0.0315136	3.0512290 	0.1576396 	-0.0063769	8.7359277 	0.0137342 	-157.4351316	125.2921827	-0.4215277	-0.0252388	3.0759342 	3854155170.4768877	1.6502042 	0.0086850 	0.0000000 
-0.3445998	-0.0370742	0.0127758 	-0.0095246	0.0000000 	-93.2233112	186.2803249	-0.0022579	0.0000000 	785.2553388	0.0212456 	0.0039125 	-0.0302245	3.0686870 	0.1240080 	-0.0495693	8.7274091 	0.0137522 	-157.9886498	125.2460085	-0.4230788	-0.0251904	3.0723459 	3854155230.4819021	1.6668728 	0.0103752 	0.0000000 
-0.3308644	-0.0713909	0.0236207 	-0.0479687	0.0000000 	-53.0469436	186.2928185	-0.0022692	0.0000000 	785.2038857	0.0238593 	0.0051172 	-0.0262266	3.0695281 	0.1524363 	-0.0304842	8.7153866 	0.0137101 	-157.5171780	125.2430113	-0.4218593	-0.0250975	4.0180353 	3854155290.4877238	1.6835417 	0.0124503 	0.0000000 
-0.3496828	-0.0534108	0.0186769 	-0.0417141	0.0000000 	-45.5288750	186.3016435	-0.0030118	0.0000000 	785.2683322	0.0215947 	0.0044307 	-0.0279093	3.0773072 	0.1717637 	-0.0557144	8.7830902 	0.0139451 	-163.9554927	125.2946875	-0.4388928	-0.0251724	3.4793023 	3854155350.4951301	1.7002111 	0.0120401 	0.0000000 
-0.3679577	-0.0481096	0.0177023 	0.0479265 	0.0000000 	-47.0261469	186.3072268	-0.0030495	0.0000000 	785.2217889	0.0229517 	0.0047412 	-0.0278496	3.0500771 	0.1648898 	-0.0602149	8.7147947 	0.0151763 	-159.3544332	125.2648321	-0.4265832	-0.0250371	3.7228771 	3854155410.4976420	1.7168792 	0.0119247 	0.0000000 
-0.3757507	-0.0598364	0.0224836 	-0.0441636	0.0000000 	-39.8180295	186.2768496	-0.0026132	0.0000000 	785.2126390	0.0222052 	0.0041610 	-0.0297999	3.0619377 	0.1731463 	-0.0625049	8.7403139 	0.0148614 	-158.4587769	125.2482973	-0.4242193	-0.0251342	3.2672710 	3854155470.5045509	1.7335483 	0.0129110 	0.0000000 
-0.3679011	-0.0700391	0.0257675 	-0.1030919	0.0000000 	-56.1463844	186.2704253	-0.0029129	0.0000000 	785.2358982	0.0237588 	0.0047332 	-0.0344036	3.0018511 	0.1426373 	-0.0616827	8.7292808 	0.0136750 	-158.0985102	125.2366012	-0.4234306	-0.0251804	3.7166842 	3854155530.5110121	1.7502172 	0.0102224 	0.0000000 
-0.3384394	-0.0252612	0.0085494 	0.0569205 	0.0000000 	-45.4559479	186.2830746	-0.0025783	0.0000000 	785.1977114	0.0212790 	0.0054671 	-0.0273875	3.1248540 	0.1664959 	-0.0641982	8.7549325 	0.0158216 	-159.5039468	125.2171064	-0.4271410	-0.0251399	4.2927271 	3854155590.5176601	1.7668864 	0.0135024 	0.0000000 
-0.3419286	-0.0719873	0.0246145 	-0.0460054	0.0000000 	-38.7358792	186.2764800	-0.0027253	0.0000000 	785.2458169	0.0236127 	0.0043231 	-0.0293068	3.0449702 	0.1683380 	-0.0583758	8.7502419 	0.0164718 	-158.4755204	125.2326354	-0.4244014	-0.0251612	3.3946938 	3854155650.5237441	1.7835556 	0.0114684 	0.0000000 
-0.3453905	-0.0485801	0.0167791 	0.0226181 	0.0000000 	-45.9609044	186.2866899	-0.0027960	0.0000000 	785.2868305	0.0225012 	0.0036202 	-0.0253487	3.0580959 	0.1726577 	-0.0442554	8.7398770 	0.0139370 	-156.3606982	125.1924803	-0.4187919	-0.0252151	2.8429273 	3854155710.5317969	1.8002250 	0.0102151 	0.0000000 
-0.3331334	-0.0869898	0.0289792 	-0.0079446	0.0000000 	-53.5819774	186.2846176	-0.0026593	0.0000000 	785.2990304	0.0197341 	0.0049963 	-0.0294284	3.1044353 	0.1669549 	-0.0261870	8.7434710 	0.0144895 	-159.3661243	125.3988644	-0.4262608	-0.0251278	3.9235738 	3854155770.5385389	1.8168942 	0.0096706 	0.0000000 
-0.3439604	-0.0618619	0.0212781 	-0.0428921	0.0000000 	-56.3250419	186.3067333	-0.0022814	0.0000000 	785.2931784	0.0205414 	0.0065070 	-0.0344058	3.1492721 	0.1660417 	-0.0434110	8.7576161 	0.0149970 	-158.9038478	125.3567711	-0.4251460	-0.0251555	5.1098681 	3854155830.5453901	1.8335633 	0.0089814 	0.0000000 
-0.3675126	-0.1018179	0.0374193 	0.0179996 	0.0000000 	-36.2479202	186.2860714	-0.0029883	0.0000000 	785.1851643	0.0218500 	0.0062837 	-0.0301625	3.0927145 	0.1748765 	-0.0536056	8.7294471 	0.0182499 	-159.9766849	125.2553924	-0.4282046	-0.0252158	4.9339015 	3854155890.5539689	1.8502331 	0.0074756 	0.0000000 
-0.3527534	-0.0560769	0.0197813 	0.1083788 	0.0000000 	-48.3266240	186.2693136	-0.0021231	0.0000000 	785.2215905	0.0233370 	0.0042491 	-0.0205748	3.0873057 	0.1661976 	-0.0427390	8.7437642 	0.0146830 	-157.8031305	125.3296233	-0.4222637	-0.0251844	3.3365128 	3854155950.5608220	1.8669022 	0.0094131 	0.0000000 
-0.3380049	-0.0665248	0.0224857 	0.0672327 	0.0000000 	-26.8950061	186.2803370	-0.0027828	0.0000000 	785.1786428	0.0209075 	0.0041623 	-0.0236196	3.0647320 	0.1841004 	-0.0704405	8.7404548 	0.0165142 	-157.8201426	125.2886238	-0.4223621	-0.0251236	3.2681728 	3854156010.5659142	1.8835708 	0.0116630 	0.0000000 
-0.3013063	-0.0644662	0.0194241 	0.0479639 	0.0000000 	-30.2351553	186.2828221	-0.0024124	0.0000000 	785.2628273	0.0250562 	0.0042881 	-0.0251011	3.0907348 	0.1903491 	-0.0369874	8.7690494 	0.0153546 	-158.2299848	125.3007239	-0.4234411	-0.0251287	3.3672927 	3854156070.5715079	1.9002397 	0.0090289 	0.0000000 
-0.3597676	-0.0535345	0.0192600 	0.0021058 	0.0000000 	-58.6819113	186.2703000	-0.0033624	0.0000000 	785.2946662	0.0228218 	0.0044909 	-0.0244797	3.0828292 	0.1491520 	-0.0561565	8.7387128 	0.0137744 	-158.0795120	125.1801845	-0.4234091	-0.0251286	3.5267189 	3854156130.5758448	1.9169081 	0.0124089 	0.0000000 
-0.3413692	-0.0745982	0.0254655 	-0.0860856	0.0000000 	-38.2282359	186.2939687	-0.0023257	0.0000000 	785.1490604	0.0230238 	0.0046938 	-0.0325329	3.1119192 	0.1672908 	-0.0287865	8.7378671 	0.0134796 	-158.5254152	125.2707866	-0.4243926	-0.0251725	3.6853252 	3854156190.5823340	1.9335772 	0.0095323 	0.0000000 
-0.3348437	-0.0694670	0.0232606 	-0.0084401	0.0000000 	-69.0655301	186.3051018	-0.0034727	0.0000000 	785.2605957	0.0224718 	0.0038355 	-0.0308900	3.0891767 	0.1410558 	-0.0646535	8.7619092 	0.0147347 	-159.0718146	125.2352439	-0.4259040	-0.0251283	3.0118529 	3854156250.5872192	1.9502458 	0.0118802 	0.0000000 
-0.3157492	-0.0276446	0.0087288 	-0.0575517	0.0000000 	-50.2140883	186.2804618	-0.0027112	0.0000000 	785.2125199	0.0246788 	0.0031348 	-0.0316728	3.0928277 	0.1521998 	-0.0802771	8.7430003 	0.0145382 	-159.0779630	125.2156507	-0.4258895	-0.0250857	2.4615158 	3854156310.5878859	1.9669133 	0.0122847 	0.0000000 
-0.3281195	-0.0457152	0.0150001 	0.0537137 	0.0000000 	-30.8529347	186.2752988	-0.0025877	0.0000000 	785.2267730	0.0221543 	0.0043962 	-0.0269541	3.0512290 	0.1898296 	-0.0744282	8.7439671 	0.0151380 	-156.3566359	125.1720252	-0.4187237	-0.0251813	3.4519925 	3854156370.5946770	1.9835825 	0.0095662 	0.0000000 
-0.3335446	-0.0575016	0.0191794 	0.1007778 	0.0000000 	-62.1058876	186.2724290	-0.0027611	0.0000000 	785.2479990	0.0235835 	0.0042611 	-0.0326170	3.0673953 	0.1515553 	-0.0531016	8.7607789 	0.0168349 	-165.0712626	125.2220778	-0.4419402	-0.0253604	3.3460149 	3854156430.6015348	2.0002517 	0.0106034 	0.0000000 
-0.3362246	-0.0518514	0.0174337 	0.0111933 	0.0000000 	-14.7071366	186.2785983	-0.0019224	0.0000000 	785.2063158	0.0222944 	0.0042624 	-0.0241591	3.0206475 	0.2036747 	-0.0446090	8.7422251 	0.0160912 	-158.8383811	125.2488829	-0.4250823	-0.0251565	3.3468806 	3854156490.6051903	2.0169200 	0.0102364 	0.0000000 
-0.3402915	-0.0600374	0.0204302 	-0.0121424	0.0000000 	-44.6878229	186.2796414	-0.0024680	0.0000000 	785.1840236	0.0205966 	0.0037349 	-0.0233078	3.0621752 	0.1741679 	-0.0690391	8.7394231 	0.0141344 	-159.3106371	125.2670965	-0.4264118	-0.0251525	2.9326211 	3854156550.6117291	2.0335892 	0.0113152 	0.0000000 
-0.3132245	-0.0796233	0.0249400 	-0.0650498	0.0000000 	-60.5608120	186.2657905	-0.0004192	0.0000000 	785.2148211	0.0239949 	0.0043010 	-0.0281990	3.0240831 	0.1473175 	-0.1161883	8.7285648 	0.0154089 	-164.5200637	125.2203071	-0.4404534	-0.0251616	3.3771718 	3854156610.6176252	2.0502581 	0.0091086 	0.0000000 
-0.3293990	-0.0575105	0.0189439 	-0.1005302	0.0000000 	-62.4261723	186.2814994	-0.0026292	0.0000000 	785.2698448	0.0222682 	0.0038151 	-0.0298132	3.0894763 	0.1342580 	-0.0460414	8.7406719 	0.0121690 	-159.1287934	125.2820939	-0.4258929	-0.0250894	2.9958904 	3854156670.6237707	2.0669269 	0.0115639 	0.0000000 
-0.3500426	-0.0604041	0.0211440 	-0.0176024	0.0000000 	-33.4125651	186.2924157	-0.0025057	0.0000000 	785.2368402	0.0226441 	0.0038705 	-0.0283604	3.0528403 	0.1822390 	-0.0649497	8.7518177 	0.0164983 	-159.1614277	125.1912554	-0.4263289	-0.0252311	3.0392356 	3854156730.6282968	2.0835956 	0.0093431 	0.0000000 
-0.3508121	-0.0367495	0.0128922 	-0.0894794	0.0000000 	-31.5989620	186.2984114	-0.0024699	0.0000000 	785.2373983	0.0237950 	0.0048368 	-0.0197809	3.0915715 	0.1835253 	-0.0561432	8.7487113 	0.0139481 	-159.0138979	125.2120082	-0.4258532	-0.0252281	3.7980692 	3854156790.6310310	2.1002636 	0.0071916 	0.0000000 
-0.3268994	-0.0931658	0.0304558 	-0.1149094	0.0000000 	-40.4623229	186.2933354	-0.0028026	0.0000000 	785.2301950	0.0237347 	0.0036353 	-0.0175233	3.0484636 	0.1795446 	-0.0196175	8.7421997 	0.0148219 	-158.3634777	125.2343703	-0.4240951	-0.0251538	2.8545463 	3854156850.6393800	2.1169333 	0.0104370 	0.0000000 
-0.3374265	-0.0231164	0.0078001 	-0.0558221	0.0000000 	-67.3431954	186.2919472	-0.0026037	0.0000000 	785.2240793	0.0236889 	0.0037000 	-0.0266202	3.0613762 	0.1560595 	-0.0513244	8.7119673 	0.0152017 	-159.6739742	125.2544633	-0.4275234	-0.0251423	2.9052975 	3854156910.6453390	2.1336022 	0.0077548 	0.0000000 
-0.3281577	-0.0749759	0.0246039 	0.0655873 	0.0000000 	-77.3723829	186.3226609	-0.0033370	0.0000000 	785.2451969	0.0219409 	0.0048847 	-0.0244001	3.0756182 	0.1251545 	-0.0593970	8.7081731 	0.0175584 	-157.9020954	125.2513976	-0.4227728	-0.0252322	3.8356663 	3854156970.6520452	2.1502714 	0.0088733 	0.0000000 
-0.3164785	-0.0575149	0.0182022 	-0.0978470	0.0000000 	-49.7744225	186.2923003	-0.0026518	0.0000000 	785.2406953	0.0214383 	0.0039967 	-0.0217953	3.0824430 	0.1744219 	-0.0533934	8.7292188 	0.0164293 	-156.9367574	125.2236836	-0.4202745	-0.0252253	3.1383650 	3854157030.6581578	2.1669403 	0.0083025 	0.0000000 
-0.3071176	-0.0614179	0.0188625 	-0.0898160	0.0000000 	-24.2828020	186.2961444	-0.0028337	0.0000000 	785.2084822	0.0213842 	0.0035963 	-0.0311377	3.0765393 	0.2005987 	-0.0107934	8.7547296 	0.0149314 	-158.9608491	125.2981040	-0.4254167	-0.0252494	2.8238649 	3854157090.6648049	2.1836094 	0.0102572 	0.0000000 
-0.3253141	-0.0363099	0.0118121 	0.0650730 	0.0000000 	-56.1836593	186.2950017	-0.0027932	0.0000000 	785.2021996	0.0219500 	0.0037921 	-0.0267507	3.0661901 	0.1562208 	-0.0504623	8.7182478 	0.0165213 	-173.2088798	125.2382932	-0.4637994	-0.0253416	2.9775492 	3854157150.6720619	2.2002786 	0.0085183 	0.0000000 
-0.3426505	-0.0625776	0.0214422 	0.0223563 	0.0000000 	-38.4337536	186.3130705	-0.0026848	0.0000000 	785.1436299	0.0227390 	0.0033222 	-0.0217732	3.0444841 	0.1800982 	-0.0473191	8.7275557 	0.0164306 	-160.8312595	125.1577195	-0.4307913	-0.0252110	2.6083885 	3854157210.6787081	2.2169478 	0.0084875 	0.0000000 
-0.3069291	-0.0401820	0.0123330 	0.0233006 	0.0000000 	-42.0351867	186.2630569	-0.0028167	0.0000000 	785.2597753	0.0205035 	0.0049276 	-0.0295058	3.0831599 	0.1676886 	-0.0466957	8.7345239 	0.0154485 	-158.0103853	125.1999692	-0.4232288	-0.0251721	3.8694720 	3854157270.6843033	2.2336167 	0.0088152 	0.0000000 
-0.3355431	-0.0839482	0.0281683 	-0.0986043	0.0000000 	-67.4980230	186.2877597	-0.0026433	0.0000000 	785.2112256	0.0198986 	0.0026530 	-0.0268745	3.0598825 	0.1495134 	-0.0359042	8.7596936 	0.0155317 	-158.0662195	125.2914737	-0.4229031	-0.0251878	2.0831519 	3854157330.6906137	2.2502858 	0.0091092 	0.0000000 
-0.3090689	-0.0611661	0.0189046 	-0.0912932	0.0000000 	-51.2415995	186.3026843	-0.0030071	0.0000000 	785.2112256	0.0240219 	0.0043187 	-0.0288734	3.1012571 	0.1632403 	-0.0362977	8.6983184 	0.0150524 	-159.0520300	125.2589929	-0.4258320	-0.0251498	3.3910667 	3854157390.6941738	2.2669539 	0.0122935 	0.0000000 
-0.2771862	-0.0710905	0.0197053 	0.0036952 	0.0000000 	-55.5895909	186.3141195	-0.0032832	0.0000000 	785.2290543	0.0214264 	0.0037673 	-0.0248225	3.0928521 	0.1639488 	-0.0185963	8.7522292 	0.0145536 	-158.8419075	125.3015330	-0.4251430	-0.0251216	2.9581762 	3854157450.6983242	2.2836225 	0.0098092 	0.0000000 
-0.3271568	-0.0527614	0.0172613 	-0.0054297	0.0000000 	-71.0787142	186.3025387	-0.0026056	0.0000000 	785.2374604	0.0221280 	0.0034418 	-0.0246942	3.0786611 	0.1297197 	-0.0466338	8.6904283 	0.0150879 	-158.6722783	125.2127394	-0.4250517	-0.0251973	2.7025978 	3854157510.7044930	2.3002914 	0.0101820 	0.0000000 
-0.3111655	-0.0873764	0.0271885 	-0.0060748	0.0000000 	-39.1425282	186.2717842	-0.0027677	0.0000000 	785.2447754	0.0227308 	0.0056535 	-0.0265096	3.0410085 	0.1713696 	-0.0389989	8.7414612 	0.0144638 	-158.4819081	125.1421873	-0.4245578	-0.0251573	4.4393965 	3854157570.7076082	2.3169594 	0.0102022 	0.0000000 
-0.3105414	-0.0651487	0.0202314 	-0.0459119	0.0000000 	-41.0794129	186.2650686	-0.0024906	0.0000000 	785.3112800	0.0210615 	0.0040609 	-0.0247672	3.0538190 	0.1766438 	-0.0655598	8.7066509 	0.0149773 	-158.4257595	125.1974324	-0.4244047	-0.0251783	3.1890783 	3854157630.7142982	2.3336286 	0.0098554 	0.0000000 
-0.3067362	-0.0342358	0.0105014 	-0.0451453	0.0000000 	-30.1201438	186.2836225	-0.0020213	0.0000000 	785.2585623	0.0235241 	0.0044830 	-0.0196704	3.0681033 	0.1932710 	-0.0666208	8.7308481 	0.0143014 	-164.3236732	125.2341886	-0.4399446	-0.0251790	3.5202968 	3854157690.7198009	2.3502975 	0.0118178 	0.0000000 
-0.2983166	-0.0600948	0.0179273 	-0.0463046	0.0000000 	-41.4262499	186.2868601	-0.0026518	0.0000000 	785.2411551	0.0223848 	0.0033554 	-0.0202453	3.0716521 	0.1811082 	-0.0658339	8.7357107 	0.0137753 	-157.6961622	125.3018508	-0.4220437	-0.0251155	2.6347952 	3854157750.7224622	2.3669656 	0.0113718 	0.0000000 
-0.3215094	-0.0851697	0.0273829 	-0.0721553	0.0000000 	-50.1516742	186.2952688	-0.0029025	0.0000000 	785.2250621	0.0224002 	0.0047957 	-0.0218860	3.0754052 	0.1647680 	-0.0762054	8.7559107 	0.0159174 	-158.0479381	125.3324908	-0.4228332	-0.0250584	3.7656675 	3854157810.7299023	2.3836350 	0.0125162 	0.0000000 
-0.3141597	-0.0593262	0.0186379 	0.0736089 	0.0000000 	-41.7168972	186.2900046	-0.0028639	0.0000000 	785.2118455	0.0229896 	0.0045964 	-0.0203492	3.0679301 	0.1786614 	-0.0885442	8.7245818 	0.0154914 	-158.7500932	125.3401819	-0.4247929	-0.0250952	3.6091133 	3854157870.7345409	2.4003036 	0.0107160 	0.0000000 
-0.3150758	-0.0668230	0.0210543 	0.0012364 	0.0000000 	-43.8517706	186.2769998	-0.0023710	0.0000000 	785.2300462	0.0224541 	0.0033275 	-0.0222685	3.0287306 	0.1689296 	-0.0587693	8.7039730 	0.0149836 	-157.6761508	125.2316541	-0.4221459	-0.0251501	2.6128487 	3854157930.7425728	2.4169731 	0.0137729 	0.0000000 
-0.3368164	-0.0649013	0.0218598 	0.0436072 	0.0000000 	-42.9712273	186.2858090	-0.0033794	0.0000000 	785.2286080	0.0250576 	0.0038789 	-0.0224764	3.0089910 	0.1731678 	-0.0391182	8.7265437 	0.0139243 	-156.6908732	125.2774094	-0.4194730	-0.0251894	3.0458112 	3854157990.7490330	2.4336419 	0.0104492 	0.0000000 
-0.3129279	-0.0475574	0.0148820 	0.0987210 	0.0000000 	-34.8669984	186.2978220	-0.0027592	0.0000000 	785.1598032	0.0218683 	0.0042150 	-0.0331919	3.0661724 	0.1904275 	-0.0596402	8.7083479 	0.0141879 	-156.5621064	125.2419429	-0.4191261	-0.0252182	3.3094747 	3854158050.7545652	2.4503108 	0.0091510 	0.0000000 
-0.3331942	-0.0519618	0.0173134 	-0.0431165	0.0000000 	-61.0592164	186.2866689	-0.0032917	0.0000000 	785.2516937	0.0210552 	0.0038900 	-0.0258662	3.0634580 	0.1574103 	-0.0588356	8.7665322 	0.0150332 	-156.0184415	125.2591385	-0.4175607	-0.0252119	3.0545951 	3854158110.7607307	2.4669800 	0.0097930 	0.0000000 
-0.3019999	-0.0183276	0.0055349 	0.0728984 	0.0000000 	-30.1219074	186.2852137	-0.0020581	0.0000000 	785.2221361	0.0246438 	0.0033798 	-0.0321018	3.0895984 	0.1928585 	-0.0451042	8.7542842 	0.0154711 	-156.6347165	125.3118010	-0.4190026	-0.0251878	2.6538583 	3854158170.7659321	2.4836486 	0.0111838 	0.0000000 
-0.3188146	-0.0721883	0.0230147 	-0.0241469	0.0000000 	-39.7378739	186.2694569	-0.0027941	0.0000000 	785.2526359	0.0235948 	0.0045755 	-0.0278894	3.0682653 	0.1651402 	-0.0829164	8.7313330 	0.0141663 	-159.1952129	125.2310376	-0.4261131	-0.0251824	3.5929553 	3854158230.7655172	2.5003158 	0.0104924 	0.0000000 
-0.3435377	-0.0841669	0.0289145 	-0.0372545	0.0000000 	-42.7149758	186.2646699	-0.0019186	0.0000000 	785.3084036	0.0228776 	0.0037022 	-0.0321615	3.0612696 	0.1784357 	-0.0613069	8.7563363 	0.0145048 	-160.1029574	125.2399201	-0.4284621	-0.0251486	2.9073485 	3854158290.7725301	2.5169850 	0.0100243 	0.0000000 
-0.3282026	-0.0259261	0.0085090 	-0.0700797	0.0000000 	-47.5328504	186.3042363	-0.0026320	0.0000000 	785.2669436	0.0205870 	0.0039249 	-0.0273897	3.0103760 	0.1602633 	-0.0814177	8.7767675 	0.0158625 	-161.0715173	125.2635909	-0.4310845	-0.0250976	3.0821292 	3854158350.7754378	2.5336531 	0.0096503 	0.0000000 
-0.3478077	-0.0860003	0.0299115 	-0.0499695	0.0000000 	-15.4390515	186.2655733	-0.0025453	0.0000000 	785.2614635	0.0231649 	0.0035210 	-0.0199070	3.0564601 	0.1993540 	-0.0628498	8.7569508 	0.0145081 	-159.9205691	125.3078339	-0.4277960	-0.0250756	2.7649329 	3854158410.7814779	2.5503219 	0.0109652 	0.0000000 
-0.3410149	-0.0566689	0.0193249 	0.0206267 	0.0000000 	-40.0439892	186.2690206	-0.0028968	0.0000000 	785.2636208	0.0229912 	0.0042717 	-0.0264831	3.0710129 	0.1815193 	-0.0534199	8.7193048 	0.0135078 	-159.3522780	125.2619520	-0.4264378	-0.0251014	3.3544282 	3854158470.7880149	2.5669911 	0.0113381 	0.0000000 
-0.3243321	-0.0575878	0.0186776 	-0.0865811	0.0000000 	-50.1007692	186.3153069	-0.0027743	0.0000000 	785.2198548	0.0225701 	0.0038200 	-0.0340808	3.0353601 	0.1562073 	-0.0582609	8.7543631 	0.0169161 	-158.3032246	125.3087196	-0.4235592	-0.0251705	2.9995251 	3854158530.7926841	2.5836597 	0.0102385 	0.0000000 
-0.3584962	-0.0489512	0.0175488 	-0.0467533	0.0000000 	-42.4777124	186.3099956	-0.0030589	0.0000000 	785.2271946	0.0223103 	0.0043700 	-0.0242100	3.0867087 	0.1653520 	-0.0541671	8.7311864 	0.0127986 	-158.8058008	125.3811458	-0.4246897	-0.0250986	3.4314763 	3854158590.7967281	2.6003281 	0.0096632 	0.0000000 
-0.3496374	-0.0475574	0.0166278 	-0.0031952	0.0000000 	-36.7412715	186.2924462	-0.0023644	0.0000000 	785.2889630	0.0204426 	0.0047518 	-0.0209109	3.0605239 	0.1827984 	-0.0600734	8.7728521 	0.0139981 	-158.2845600	125.3367135	-0.4234837	-0.0251628	3.7315426 	3854158650.8031039	2.6169972 	0.0104684 	0.0000000 
-0.3452339	-0.0794444	0.0274269 	-0.0131521	0.0000000 	-77.1649697	186.2920483	-0.0029666	0.0000000 	785.2896325	0.0221501 	0.0045202 	-0.0332781	3.0520768 	0.1341263 	-0.0227033	8.7317642 	0.0168525 	-158.5260701	125.2416777	-0.4243669	-0.0251385	3.5496506 	3854158710.8099709	2.6336664 	0.0122123 	0.0000000 
-0.3384140	-0.0760781	0.0257459 	-0.0175556	0.0000000 	-41.6682337	186.2968022	-0.0020157	0.0000000 	785.2610481	0.0215164 	0.0027681 	-0.0244974	3.0995659 	0.1706235 	-0.0861039	8.7316684 	0.0156485 	-156.6077155	125.2868442	-0.4190624	-0.0252118	2.1737067 	3854158770.8151669	2.6503353 	0.0096028 	0.0000000 
-0.3350588	-0.0592908	0.0198659 	-0.0419011	0.0000000 	-43.1584692	186.2853908	-0.0020948	0.0000000 	785.2870537	0.0203402 	0.0048373 	-0.0281282	3.0554037 	0.1650694 	-0.0440387	8.7591157 	0.0152222 	-156.8095931	125.2033400	-0.4197952	-0.0252303	3.7986571 	3854158830.8233318	2.6670047 	0.0090386 	0.0000000 
-0.3186426	-0.0827775	0.0263765 	-0.0701639	0.0000000 	-46.4234671	186.2677162	-0.0030731	0.0000000 	785.2154658	0.0211860 	0.0041734 	-0.0216649	3.0487099 	0.1654702 	-0.0820587	8.7308087 	0.0144635 	-157.1517529	125.2125377	-0.4207274	-0.0252446	3.2770200 	3854158890.8303061	2.6836739 	0.0082968 	0.0000000 
-0.3283279	-0.0517255	0.0169829 	-0.0683782	0.0000000 	-49.5739153	186.2979807	-0.0016302	0.0000000 	785.2412050	0.0221248 	0.0040583 	-0.0264101	3.0891523 	0.1668152 	-0.0102142	8.7272963 	0.0153763 	-158.7419412	125.2185634	-0.4250354	-0.0252049	3.1867071 	3854158950.8378162	2.7003433 	0.0102244 	0.0000000 
-0.2965544	-0.0676911	0.0200741 	0.0198975 	0.0000000 	-61.9249050	186.3004389	0.0241607 	0.0000000 	785.1931736	0.0209109 	0.0034900 	-0.0335081	3.0562382 	0.1586953 	-0.0545605	8.7461377 	0.0154279 	-156.6493055	125.2900983	-0.4190822	-0.0252290	2.7403500 	3854159010.8432879	2.7170122 	0.0092552 	0.0000000 
-0.3234639	-0.0522534	0.0169021 	-0.0695094	0.0000000 	-68.0968600	186.2834303	-0.0006218	0.0000000 	785.2280129	0.0224049 	0.0047620 	-0.0332803	3.0754229 	0.1381742 	-0.0716518	8.7568916 	0.0171789 	-157.4071637	125.2974445	-0.4211674	-0.0251637	3.7392515 	3854159070.8474083	2.7336806 	0.0148684 	0.0000000 
-0.3333679	-0.0450062	0.0150036 	0.0780872 	0.0000000 	-41.6803430	186.2675908	-0.0029440	0.0000000 	785.2575970	0.0216817 	0.0057837 	-0.0290945	3.0914072 	0.1828911 	-0.0642468	8.7663377 	0.0141999 	-156.8963080	125.3809832	-0.4195537	-0.0252387	4.5417156 	3854159130.8549609	2.7503500 	0.0089326 	0.0000000 
-0.2963066	-0.0480632	0.0142414 	0.0037233 	0.0000000 	-42.8519589	186.2711489	-0.0007471	0.0000000 	785.2440508	0.0221030 	0.0044573 	-0.0225383	3.0198463 	0.1715913 	-0.0853258	8.7654497 	0.0138406 	-156.0928127	125.4029685	-0.4173815	-0.0251355	3.5000610 	3854159190.8605809	2.7670189 	0.0103699 	0.0000000 
-0.3067268	-0.0512881	0.0157314 	-0.0537746	0.0000000 	-90.2623453	186.3168954	0.0139437 	0.0000000 	785.1922065	0.0232437 	0.0037642 	-0.0315490	3.0936245 	0.1093343 	-0.0793752	8.7508621 	0.0169073 	-155.4811884	125.3221433	-0.4159347	-0.0252078	2.9556031 	3854159250.8683438	2.7836883 	0.0112511 	0.0000000 
-0.3001869	-0.0789783	0.0237083 	0.0061447 	0.0000000 	-27.9640153	186.2940424	0.0047492 	0.0000000 	785.2186149	0.0218869 	0.0040529 	-0.0253023	3.0834284 	0.1849585 	-0.0906309	8.7129821 	0.0148004 	-158.4921150	125.2935260	-0.4240354	-0.0251011	3.1824423 	3854159310.8745952	2.8003572 	0.0116410 	0.0000000 
-0.3128996	-0.0588071	0.0184007 	0.0712435 	0.0000000 	-53.8851340	186.2738888	-0.0023436	0.0000000 	785.3047585	0.0254326 	0.0044887 	-0.0288093	3.1113688 	0.1595588 	-0.0491272	8.7708873 	0.0159851 	-159.6472058	125.2363787	-0.4273914	-0.0251950	3.5250253 	3854159370.8792257	2.8170258 	0.0127124 	0.0000000 
-0.2735014	-0.0630503	0.0172443 	-0.0036720	0.0000000 	-43.2348499	186.2721051	-0.0028525	0.0000000 	785.2071093	0.0227746 	0.0049325 	-0.0224145	3.0700186 	0.1710252 	-0.0375090	8.7407649 	0.0144292 	-159.1862979	125.3325344	-0.4258706	-0.0250615	3.8730378 	3854159430.8850508	2.8336947 	0.0125602 	0.0000000 
-0.3048562	-0.0462785	0.0141083 	-0.0908444	0.0000000 	-37.3401942	186.2702856	-0.0028356	0.0000000 	785.2241198	0.0219179 	0.0053174 	-0.0368006	3.0777223 	0.1757776 	-0.0701443	8.7599783 	0.0175970 	-159.6609521	125.2689297	-0.4271882	-0.0251252	4.1753277 	3854159490.8932552	2.8503644 	0.0141601 	0.0000000 
-0.2841007	-0.0698778	0.0198523 	-0.0722674	0.0000000 	-62.8378900	186.3001192	-0.0032710	0.0000000 	785.2841029	0.0206654 	0.0048656 	-0.0278540	3.0473805 	0.1531040 	-0.0546932	8.7503801 	0.0133830 	-157.3518844	125.3212002	-0.4209388	-0.0251672	3.8209014 	3854159550.9013672	2.8670339 	0.0105043 	0.0000000 
-0.3338848	-0.0666838	0.0222647 	0.0801440 	0.0000000 	-38.3558425	186.2702821	-0.0032342	0.0000000 	785.1661602	0.0219550 	0.0049989 	-0.0298485	3.1079020 	0.1857468 	-0.0059569	8.7484548 	0.0150113 	-157.1890140	125.2650540	-0.4206550	-0.0252501	3.9249964 	3854159610.9081721	2.8837031 	0.0102448 	0.0000000 
-0.2518167	-0.0580251	0.0146117 	0.0714679 	0.0000000 	-49.0887217	186.2550797	-0.0027715	0.0000000 	785.1934464	0.0248151 	0.0048616 	-0.0320973	3.0494978 	0.1604903 	-0.0899589	8.7457966 	0.0140733 	-157.3251150	125.3215386	-0.4209500	-0.0251968	3.8173305 	3854159670.9148550	2.9003722 	0.0117841 	0.0000000 
-0.3061100	-0.0414764	0.0126963 	0.0764885 	0.0000000 	-56.3128364	186.2812997	-0.0019535	0.0000000 	785.1523831	0.0228785 	0.0050025 	-0.0216848	3.0648141 	0.1529477 	-0.0244761	8.7380531 	0.0150473 	-157.5834692	125.1541918	-0.4221324	-0.0251403	3.9277094 	3854159730.9221983	2.9170414 	0.0095744 	0.0000000 
-0.2663581	-0.0729724	0.0194368 	-0.0697338	0.0000000 	-29.0938404	186.2771845	-0.0027036	0.0000000 	785.2571562	0.0217541 	0.0052093 	-0.0267064	3.0887262 	0.1896724 	-0.0392862	8.7315275 	0.0148922 	-156.9306241	125.2241930	-0.4201034	-0.0252360	4.0906456 	3854159790.9283752	2.9337106 	0.0117770 	0.0000000 
-0.2987273	-0.0758351	0.0226540 	-0.0044947	0.0000000 	-55.6411108	186.2960341	-0.0027781	0.0000000 	785.2325011	0.0237267 	0.0046437 	-0.0299481	3.0603397 	0.1756710 	-0.0394940	8.7937596 	0.0145724 	-158.4000734	125.1814575	-0.4242132	-0.0251728	3.6464192 	3854159850.9345713	2.9503794 	0.0101219 	0.0000000 
-0.2738247	-0.0740945	0.0202889 	-0.0326827	0.0000000 	-21.6012707	186.2849642	-0.0026527	0.0000000 	785.1766342	0.0216439 	0.0030303 	-0.0330769	3.0694238 	0.1994091 	-0.0378450	8.7503744 	0.0136990 	-157.1968343	125.1437603	-0.4209921	-0.0251927	2.3793362 	3854159910.9402070	2.9670483 	0.0121002 	0.0000000 
-0.3386971	-0.0708144	0.0239846 	-0.0794757	0.0000000 	-58.9608181	186.3055250	-0.0029675	0.0000000 	785.2015053	0.0232252 	0.0035870 	-0.0201170	3.0642259 	0.1558110 	-0.0479822	8.7441250 	0.0156497 	-158.4825508	125.1835761	-0.4243974	-0.0251777	2.8165370 	3854159970.9459782	2.9837172 	0.0102256 	0.0000000 
-0.2937398	-0.0383730	0.0112717 	-0.0876002	0.0000000 	-45.5822203	186.2611074	-0.0031522	0.0000000 	785.2010837	0.0224145 	0.0049852 	-0.0274074	3.0862382 	0.1654089 	-0.0788756	8.7176248 	0.0144977 	-158.9084526	125.0879327	-0.4258616	-0.0251404	3.9143907 	3854160030.9487529	3.0003853 	0.0116027 	0.0000000 
-0.3047108	-0.0517387	0.0157654 	-0.0631706	0.0000000 	-54.0314484	186.2922221	-0.0023964	0.0000000 	785.1902724	0.0226800 	0.0049037 	-0.0241304	3.0633137 	0.1756137 	0.0140080 	8.7507691 	0.0150006 	-159.0673567	125.2090006	-0.4258704	-0.0251398	3.8503512 	3854160090.9545927	3.0170542 	0.0084912 	0.0000000 
-0.2678105	-0.0554916	0.0148612 	-0.0343375	0.0000000 	-67.6189356	186.2906677	-0.0022852	0.0000000 	785.1430844	0.0222866 	0.0045463 	-0.0328558	3.0742378 	0.1326031 	-0.0307538	8.7324859 	0.0134239 	-158.7903789	125.2171569	-0.4251860	-0.0250962	3.5695041 	3854160150.9600100	3.0337231 	0.0100517 	0.0000000 
-0.2877706	-0.0454391	0.0130760 	0.0257781 	0.0000000 	-35.2393183	186.2966711	-0.0022296	0.0000000 	785.2163337	0.0227459 	0.0040848 	-0.0244974	3.0333626 	0.1839557 	-0.0784203	8.7364097 	0.0147089 	-157.9245958	125.2301470	-0.4227607	-0.0251711	3.2074717 	3854160210.9644880	3.0503917 	0.0116331 	0.0000000 
-0.2785616	-0.0225466	0.0062806 	-0.0542795	0.0000000 	-55.8786025	186.2802885	-0.0036913	0.0000000 	785.2138581	0.0216799 	0.0041747 	-0.0227484	3.0455761 	0.1598691 	-0.0654228	8.7565055 	0.0158069 	-157.7243170	125.1547380	-0.4224154	-0.0252483	3.2780566 	3854160270.9722009	3.0670611 	0.0098797 	0.0000000 
-0.2872724	-0.0467666	0.0134348 	0.0089401 	0.0000000 	-46.3576326	186.2817107	-0.0030420	0.0000000 	785.2127381	0.0227346 	0.0049414 	-0.0268148	3.0274345 	0.1577077 	-0.0593263	8.7477219 	0.0145954 	-157.6678130	125.2096907	-0.4221575	-0.0251935	3.8800207 	3854160330.9810128	3.0837308 	0.0092595 	0.0000000 
-0.2738606	-0.0733325	0.0200829 	0.0502171 	0.0000000 	-52.5185674	186.3099892	-0.0029722	0.0000000 	785.3271498	0.0206804 	0.0041508 	-0.0321239	3.0236481 	0.1594320 	-0.0076722	8.7498839 	0.0137629 	-157.7322558	125.1942777	-0.4223537	-0.0252360	3.2597479 	3854160390.9882331	3.1004000 	0.0096006 	0.0000000 
-0.2539645	-0.0737853	0.0187389 	0.0856133 	0.0000000 	-57.6753548	186.2969919	-0.0031617	0.0000000 	785.2621826	0.0216525 	0.0045893 	-0.0221602	3.0942392 	0.1564998 	-0.0328449	8.7470904 	0.0142064 	-157.6480359	125.2812305	-0.4219571	-0.0251872	3.6037802 	3854160450.9951711	3.1170692 	0.0095415 	0.0000000 
-0.2768071	-0.0742116	0.0205423 	-0.0048500	0.0000000 	-48.0912509	186.2675469	-0.0027649	0.0000000 	785.1975130	0.0227146 	0.0055627 	-0.0303372	3.0553571 	0.1681821 	-0.0209792	8.7756061 	0.0156500 	-157.8140905	125.1243807	-0.4227685	-0.0251724	4.3678403 	3854160510.9988399	3.1337375 	0.0099863 	0.0000000 
-0.2911989	-0.0413041	0.0120277 	0.0064252 	0.0000000 	-49.0044535	186.3129638	-0.0025048	0.0000000 	785.2612404	0.0231800 	0.0051522 	-0.0224676	3.0657374 	0.1560430 	-0.0850517	8.6917504 	0.0143398 	-159.9433294	125.1321959	-0.4283631	-0.0252340	4.0458034 	3854160571.0021658	3.1504058 	0.0099724 	0.0000000 
-0.2950258	-0.0508044	0.0149886 	-0.0907603	0.0000000 	-48.1723058	186.2811739	-0.0026622	0.0000000 	785.2536278	0.0224120 	0.0044524 	-0.0250060	3.1061908 	0.1664668 	-0.0636455	8.7621968 	0.0160704 	-160.2038214	125.0970716	-0.4292016	-0.0251884	3.4962781 	3854160631.0022488	3.1670731 	0.0110730 	0.0000000 
-0.2885901	-0.0712540	0.0205632 	0.1059760 	0.0000000 	-45.0834282	186.2742273	-0.0023851	0.0000000 	785.2115231	0.0216737 	0.0038085 	-0.0384744	3.0543140 	0.1759236 	-0.0605067	8.7570777 	0.0144443 	-158.0143050	125.1683989	-0.4231851	-0.0252000	2.9904515 	3854160691.0022793	3.1837403 	0.0103137 	0.0000000 
-0.2840731	-0.0650471	0.0184781 	-0.0195283	0.0000000 	-54.9137919	186.2897390	-0.0027404	0.0000000 	785.2378633	0.0220851 	0.0056292 	-0.0289088	3.0296650 	0.1658550 	-0.0275531	8.7427184 	0.0162797 	-159.3749902	125.1235233	-0.4268424	-0.0251792	4.4202301 	3854160751.0035582	3.2004081 	0.0109584 	0.0000000 
-0.3060967	-0.0754817	0.0231047 	-0.0572152	0.0000000 	-53.8305556	186.2568552	-0.0029016	0.0000000 	785.2566530	0.0220643 	0.0042358 	-0.0366834	3.0622218 	0.1682574 	-0.0265319	8.7310990 	0.0150110 	-158.6717910	125.1783474	-0.4248991	-0.0251849	3.3262285 	3854160811.0075979	3.2170764 	0.0123947 	0.0000000 
-0.3018566	-0.0515377	0.0155570 	0.0583135 	0.0000000 	-43.7511218	186.2895115	-0.0029119	0.0000000 	785.2957077	0.0206873 	0.0035007 	-0.0308038	3.0760177 	0.1730747 	-0.0310147	8.7274542 	0.0150078 	-159.0146404	125.1732423	-0.4259098	-0.0251280	2.7490549 	3854160871.0117311	3.2337447 	0.0115261 	0.0000000 
-0.2971380	-0.1035960	0.0307823 	-0.0222864	0.0000000 	-48.0493393	186.2776300	-0.0024605	0.0000000 	785.2185006	0.0231753 	0.0029324 	-0.0234316	2.9888142 	0.1668027 	-0.0791365	8.7335881 	0.0135939 	-159.3934898	125.1719420	-0.4268225	-0.0251736	2.3026080 	3854160931.0155640	3.2504131 	0.0143760 	0.0000000 
-0.3130606	-0.0662620	0.0207440 	-0.0494927	0.0000000 	-51.0208252	186.3081970	-0.0025020	0.0000000 	785.2834485	0.0216794 	0.0045578 	-0.0276351	3.0369381 	0.1649328 	-0.0761037	8.7534414 	0.0152832 	-159.0750997	125.1903231	-0.4259737	-0.0252073	3.5791847 	3854160991.0188618	3.2670814 	0.0090087 	0.0000000 
-0.2885706	-0.0665005	0.0191901 	-0.0691541	0.0000000 	-55.3166862	186.3149029	-0.0029873	0.0000000 	785.1988480	0.0235879 	0.0043156 	-0.0278607	3.0207584 	0.1576611 	-0.0697774	8.7566323 	0.0147400 	-159.5690534	125.1413396	-0.4274265	-0.0251948	3.3885790 	3854161051.0236192	3.2837500 	0.0094854 	0.0000000 
-0.2784420	-0.0383200	0.0106699 	0.0029753 	0.0000000 	-46.0728604	186.3015993	-0.0023314	0.0000000 	785.2554380	0.0237102 	0.0041539 	-0.0226268	3.0700075 	0.1647254 	-0.0701310	8.7304732 	0.0156941 	-159.8703157	125.2021075	-0.4280239	-0.0251977	3.2618847 	3854161111.0309100	3.3004192 	0.0137198 	0.0000000 
-0.2654859	-0.0610844	0.0162171 	0.0659706 	0.0000000 	-64.0827110	186.2793789	-0.0027112	0.0000000 	785.2118455	0.0215165 	0.0030188 	-0.0221425	3.0800882 	0.1545023 	-0.0506657	8.7320095 	0.0144284 	-155.8396490	125.2020518	-0.4172362	-0.0251587	2.3704012 	3854161171.0380249	3.3170886 	0.0132337 	0.0000000 
-0.3027694	-0.0805444	0.0243864 	0.0054622 	0.0000000 	-18.4608325	186.2966954	-0.0030033	0.0000000 	785.2129861	0.0235614 	0.0042824 	-0.0246655	3.0768944 	0.2037338 	-0.0268104	8.7144028 	0.0162154 	-157.1417831	125.2302433	-0.4206223	-0.0252284	3.3625581 	3854161231.0457582	3.3337581 	0.0109102 	0.0000000 
-0.3003723	-0.0396055	0.0118964 	-0.0430791	0.0000000 	-41.2680878	186.2922595	-0.0023870	0.0000000 	785.2255332	0.0241782 	0.0042629 	-0.0245262	3.0664343 	0.1730532 	-0.0925054	8.7105438 	0.0134209 	-158.3991320	125.2304996	-0.4239914	-0.0251610	3.3473103 	3854161291.0507941	3.3504267 	0.0112982 	0.0000000 
-0.2902062	-0.0493510	0.0143220 	-0.0052053	0.0000000 	-47.8655672	186.2780779	-0.0027668	0.0000000 	785.1996455	0.0213905 	0.0050512 	-0.0250458	3.0797930 	0.1702419 	0.0118197 	8.7356458 	0.0149722 	-157.6716349	125.2137565	-0.4221256	-0.0251118	3.9661985 	3854161351.0579009	3.3670958 	0.0107927 	0.0000000 
-0.2477463	-0.0579478	0.0143564 	0.0440279 	0.0000000 	-55.5632351	186.3090441	-0.0020317	0.0000000 	785.2238718	0.0229926 	0.0045445 	-0.0188544	3.0912386 	0.1635413 	-0.0492201	8.7770522 	0.0163346 	-157.8101223	125.1999870	-0.4225400	-0.0251447	3.5684803 	3854161411.0629449	3.3837647 	0.0135530 	0.0000000 
-0.2748286	-0.0692373	0.0190284 	0.0315653 	0.0000000 	-44.3706642	186.3012768	-0.0019987	0.0000000 	785.2143636	0.0210793 	0.0038417 	-0.0254151	3.0625924 	0.1692315 	-0.0590876	8.7342787 	0.0157267 	-159.3540656	125.2685089	-0.4265131	-0.0251937	3.0165442 	3854161471.0672703	3.4004331 	0.0116524 	0.0000000 
-0.3217485	-0.0750620	0.0241511 	-0.0584493	0.0000000 	-39.8964695	186.2870493	-0.0034755	0.0000000 	785.2496355	0.0217913 	0.0024989 	-0.0285815	3.0283711 	0.1753104 	-0.0544323	8.7035981 	0.0146807 	-164.4963353	125.2276513	-0.4404250	-0.0253328	1.9622284 	3854161531.0726681	3.4171019 	0.0094238 	0.0000000 
-0.2734152	-0.0562846	0.0153891 	-0.0086832	0.0000000 	-44.3838404	186.2984503	-0.0025349	0.0000000 	785.2362206	0.0235981 	0.0046070 	-0.0265605	3.0738205 	0.1656360 	-0.0574739	8.7411765 	0.0143537 	-159.6569162	125.2707706	-0.4273627	-0.0251097	3.6175717 	3854161591.0791039	3.4337708 	0.0126640 	0.0000000 
-0.2587548	-0.0659461	0.0170639 	0.0525450 	0.0000000 	-35.0725438	186.2709192	-0.0024633	0.0000000 	785.1544165	0.0223510 	0.0036721 	-0.0348879	3.0976394 	0.1784765 	-0.0491361	8.7308171 	0.0139363 	-158.0935364	125.3574373	-0.4229152	-0.0252065	2.8831326 	3854161651.0863438	3.4504403 	0.0112620 	0.0000000 
-0.2907380	-0.0820155	0.0238450 	-0.0495768	0.0000000 	-52.4787551	186.3012684	-0.0030118	0.0000000 	785.2832846	0.0220210 	0.0037930 	-0.0262620	3.0710418 	0.1568402 	-0.0156696	8.6939068 	0.0149016 	-157.3713033	125.2410420	-0.4212036	-0.0251777	2.9785522 	3854161711.0938482	3.4671097 	0.0130763 	0.0000000 
-0.2672841	-0.0860466	0.0229989 	0.0364737 	0.0000000 	-56.3351203	186.3001043	-0.0029901	0.0000000 	785.2721013	0.0233269 	0.0038067 	-0.0344987	3.1140676 	0.1635565 	-0.0070577	8.7160237 	0.0158653 	-156.9757042	125.2732344	-0.4201591	-0.0251772	2.9892911 	3854161771.1009502	3.4837789 	0.0105995 	0.0000000 
-0.2821699	-0.0404758	0.0114211 	0.0211970 	0.0000000 	-50.0169868	186.2930500	-0.0029543	0.0000000 	785.1671371	0.0222760 	0.0028616 	-0.0330548	3.0901400 	0.1667937 	-0.0662008	8.7362829 	0.0146561 	-156.8633561	125.2571977	-0.4197803	-0.0251374	2.2468194 	3854161831.1072068	3.5004478 	0.0110053 	0.0000000 
-0.2405585	-0.0699949	0.0168379 	0.0227022 	0.0000000 	-42.9027441	186.2678828	-0.0023634	0.0000000 	785.2864833	0.0210508 	0.0035334 	-0.0381317	3.0910366 	0.1721010 	-0.0542864	8.7502645 	0.0137724 	-156.1400523	125.2434794	-0.4179933	-0.0251625	2.7747591 	3854161891.1120219	3.5171164 	0.0135008 	0.0000000 
-0.2916666	-0.0849864	0.0247877 	-0.0759137	0.0000000 	-83.8096342	186.3061160	-0.0030750	0.0000000 	785.1787916	0.0226369 	0.0038523 	-0.0204156	3.0541919 	0.1225049 	-0.0007092	8.7118461 	0.0145075 	-159.6566968	125.3300885	-0.4271420	-0.0251531	3.0247534 	3854161951.1177640	3.5337853 	0.0095475 	0.0000000 
-0.2951006	-0.0346621	0.0102288 	-0.0243245	0.0000000 	-73.7964854	186.2844053	-0.0025934	0.0000000 	785.1791635	0.0220143 	0.0046522 	-0.0200949	3.0775935 	0.1354485 	-0.0437027	8.7423632 	0.0137422 	-159.5353702	125.2701782	-0.4269184	-0.0251224	3.6527787 	3854162011.1256661	3.5504550 	0.0097441 	0.0000000 
-0.3018013	-0.0631519	0.0190593 	0.0313035 	0.0000000 	-59.1741998	186.2726538	-0.0029195	0.0000000 	785.3441107	0.0235504 	0.0036597 	-0.0297778	3.0917624 	0.1554531 	-0.0561521	8.7532412 	0.0150267 	-157.0631822	125.3150970	-0.4201472	-0.0251846	2.8740903 	3854162071.1328349	3.5671242 	0.0107202 	0.0000000 
-0.2931824	-0.0369107	0.0108216 	-0.0627499	0.0000000 	-52.6080762	186.2937369	-0.0034896	0.0000000 	785.2214170	0.0233021 	0.0040596 	-0.0281150	3.0730370 	0.1676402 	-0.0807590	8.7235557 	0.0153875 	-157.4382756	125.2807753	-0.4213948	-0.0251868	3.1876701 	3854162131.1345758	3.5837919 	0.0120406 	0.0000000 
-0.3156526	-0.0594609	0.0187690 	0.0308361 	0.0000000 	-69.9003101	186.2640169	-0.0019996	0.0000000 	785.3112056	0.0204815 	0.0045631 	-0.0229806	3.0508716 	0.1551405 	-0.0387778	8.7287170 	0.0135846 	-157.5646558	125.3243331	-0.4216231	-0.0251854	3.5834849 	3854162191.1408501	3.6004608 	0.0141708 	0.0000000 
-0.3011127	-0.0626129	0.0188536 	0.0674197 	0.0000000 	-33.1336024	186.2641972	-0.0031334	0.0000000 	785.2926081	0.0205560 	0.0050025 	-0.0295346	3.0424378 	0.1782969 	-0.0732390	8.7489509 	0.0148979 	-158.8090004	125.2967484	-0.4250591	-0.0251528	3.9284109 	3854162251.1478252	3.6171303 	0.0085987 	0.0000000 
-0.2804034	-0.0570510	0.0159973 	0.0134932 	0.0000000 	-45.1091522	186.2701297	-0.0031287	0.0000000 	785.1885862	0.0219641 	0.0051141 	-0.0277103	3.0906371 	0.1705415 	-0.0701664	8.7467268 	0.0162256 	-158.0216569	125.2400856	-0.4230397	-0.0252203	4.0155228 	3854162311.1545219	3.6337992 	0.0124364 	0.0000000 
-0.2986870	-0.0719961	0.0215043 	-0.1233798	0.0000000 	-51.8061047	186.2667790	-0.0028836	0.0000000 	785.2026459	0.0224519 	0.0039086 	-0.0326435	3.0713192 	0.1582407 	-0.0761833	8.7539262 	0.0171158 	-156.5048551	125.2274486	-0.4191454	-0.0251637	3.0690100 	3854162371.1571550	3.6504672 	0.0123667 	0.0000000 
-0.2842180	-0.0863603	0.0245452 	-0.0665644	0.0000000 	-35.6415609	186.2587172	-0.0028667	0.0000000 	785.2577192	0.0214313 	0.0033045 	-0.0270602	3.0603686 	0.1800198 	-0.1378818	8.7369171 	0.0163110 	-159.7867836	125.3311263	-0.4275083	-0.0251557	2.5948564 	3854162431.1614952	3.6671358 	0.0123101 	0.0000000 
-0.2912245	-0.0537444	0.0156517 	0.0596037 	0.0000000 	-49.2954209	186.2994256	-0.0032465	0.0000000 	785.2917650	0.0235571 	0.0041964 	-0.0245372	3.0460200 	0.1565020 	-0.0665103	8.7494780 	0.0159365 	-158.9485398	125.2733567	-0.4254165	-0.0251525	3.2954237 	3854162491.1650362	3.6838042 	0.0117583 	0.0000000 
-0.3035169	-0.0639449	0.0194083 	-0.1089352	0.0000000 	-54.3967572	186.3098251	-0.0022663	0.0000000 	785.1711046	0.0218590 	0.0037535 	-0.0305827	3.1211786 	0.1520542 	-0.0692690	8.7458248 	0.0140817 	-164.7833071	125.3057766	-0.4409297	-0.0252672	2.9471779 	3854162551.1698089	3.7004728 	0.0082867 	0.0000000 
-0.2832343	-0.0588866	0.0166787 	0.0807050 	0.0000000 	-41.8118409	186.3068382	-0.0028431	0.0000000 	785.1811472	0.0231469 	0.0038040 	-0.0240375	3.0692773 	0.1777872 	-0.0657632	8.7565985 	0.0156571 	-157.5281039	125.3092970	-0.4215898	-0.0252574	2.9868584 	3854162611.1766291	3.7171419 	0.0125276 	0.0000000 
-0.3153120	-0.0473233	0.0149216 	-0.0705752	0.0000000 	-46.3522102	186.2834276	-0.0022277	0.0000000 	785.1982254	0.0207012 	0.0043072 	-0.0266932	3.0669802 	0.1657703 	-0.1150211	8.7517247 	0.0147048 	-158.9193281	125.2840630	-0.4254136	-0.0251924	3.3819690 	3854162671.1837292	3.7338111 	0.0080170 	0.0000000 
-0.2987155	-0.0545020	0.0162806 	-0.0076641	0.0000000 	-57.6756817	186.3119312	-0.0031928	0.0000000 	785.2809785	0.0236792 	0.0040016 	-0.0177090	3.0576653 	0.1673737 	-0.0164124	8.7199447 	0.0150801 	-158.0392809	125.2217601	-0.4232237	-0.0252199	3.1423517 	3854162731.1878161	3.7504794 	0.0100192 	0.0000000 
-0.2949116	-0.0688375	0.0203010 	-0.0307755	0.0000000 	-31.2342332	186.2876321	-0.0022221	0.0000000 	785.2594302	0.0236395 	0.0035534 	-0.0259812	3.0700697 	0.1907370 	-0.0319873	8.7316910 	0.0123308 	-156.9779217	125.2786936	-0.4202066	-0.0252399	2.7903136 	3854162791.1945710	3.7671486 	0.0097055 	0.0000000 
-0.2562529	-0.0624627	0.0160063 	0.0916810 	0.0000000 	-56.5669934	186.2658731	-0.0028441	0.0000000 	785.2535286	0.0211637 	0.0043599 	-0.0267131	3.1242348 	0.1507809 	-0.0719259	8.7643447 	0.0151182 	-156.8622830	125.2740898	-0.4199167	-0.0251261	3.4235925 	3854162851.1989331	3.7838172 	0.0131071 	0.0000000 
-0.2830657	-0.0641061	0.0181462 	-0.1068597	0.0000000 	-52.6949526	186.3021895	-0.0017310	0.0000000 	785.1553339	0.0223874 	0.0039236 	-0.0253355	3.0660503 	0.1597178 	-0.0385700	8.7599248 	0.0150544 	-157.5713698	125.2944676	-0.4216909	-0.0251909	3.0806480 	3854162911.2054219	3.8004864 	0.0157036 	0.0000000 
-0.3019897	-0.0540426	0.0163203 	0.0179996 	0.0000000 	-44.9770421	186.2706633	-0.0023323	0.0000000 	785.2303686	0.0226390 	0.0036136 	-0.0317236	3.0693062 	0.1668510 	-0.0559708	8.7388481 	0.0130745 	-158.6233679	125.3282749	-0.4244168	-0.0251668	2.8375064 	3854162971.2088709	3.8171544 	0.0136534 	0.0000000 
-0.2752834	-0.0706929	0.0194606 	-0.0603004	0.0000000 	-59.5296767	186.2923521	-0.0022984	0.0000000 	785.1403816	0.0200983 	0.0040618 	-0.0235798	3.0440291 	0.1542300 	-0.0406700	8.7500869 	0.0165730 	-158.4767858	125.2601397	-0.4240896	-0.0251913	3.1890798 	3854163031.2159262	3.8338239 	0.0107324 	0.0000000 
-0.2798979	-0.0668539	0.0187123 	-0.1660498	0.0000000 	-53.3368373	186.3028639	-0.0028441	0.0000000 	785.2683074	0.0223922 	0.0038089 	-0.0327452	3.0619199 	0.1561545 	-0.0745652	8.7391018 	0.0164821 	-159.0723880	125.1747379	-0.4260413	-0.0251570	2.9910156 	3854163091.2213860	3.8504925 	0.0103658 	0.0000000 
-0.2856045	-0.0665889	0.0190181 	0.0406248 	0.0000000 	-46.2166169	186.3161169	-0.0022164	0.0000000 	785.2990800	0.0228038 	0.0041464 	-0.0228943	3.0600201 	0.1738970 	-0.0885663	8.7154120 	0.0151861 	-159.8510564	125.1840416	-0.4281035	-0.0252261	3.2561534 	3854163151.2263212	3.8671611 	0.0088207 	0.0000000 
-0.2857523	-0.0493554	0.0141034 	0.0013205 	0.0000000 	-41.7564902	186.2733143	-0.0023389	0.0000000 	785.2431388	0.0228475 	0.0035166 	-0.0215366	3.1002694 	0.1782615 	-0.1071121	8.7558402 	0.0161343 	-158.6338370	125.1803460	-0.4248679	-0.0251634	2.7613907 	3854163211.2318439	3.8838300 	0.0102634 	0.0000000 
-0.2951533	-0.0444650	0.0131240 	0.0132875 	0.0000000 	-76.3110943	186.3023894	-0.0023417	0.0000000 	785.2097378	0.0219194 	0.0035210 	-0.0250547	2.9964824 	0.1363151 	-0.0687738	8.7460052 	0.0162697 	-158.1374724	125.2137313	-0.4234441	-0.0251816	2.7647508 	3854163271.2382212	3.9004992 	0.0090274 	0.0000000 
-0.2867834	-0.0614003	0.0176086 	-0.1238566	0.0000000 	-58.4346396	186.2889523	-0.0024690	0.0000000 	785.1813345	0.0215016 	0.0046588 	-0.0248557	3.0258099 	0.1730375 	-0.0482342	8.7530693 	0.0157237 	-158.7951593	125.1305477	-0.4255409	-0.0251475	3.6580049 	3854163331.2429228	3.9171678 	0.0126605 	0.0000000 
-0.2904344	-0.0560548	0.0162803 	-0.0360858	0.0000000 	-40.2970844	186.3040885	-0.0025971	0.0000000 	785.3089491	0.0223387 	0.0038094 	-0.0346402	3.0635534 	0.1806903 	-0.0351394	8.7040632 	0.0173612 	-156.5872766	125.1749841	-0.4194437	-0.0251777	2.9915182 	3854163391.2487040	3.9338367 	0.0099596 	0.0000000 
-0.3020774	-0.0720624	0.0217684 	-0.0672936	0.0000000 	-56.5995702	186.2568954	-0.0021683	0.0000000 	785.1987386	0.0241123 	0.0032261 	-0.0326789	3.1062375 	0.1521227 	-0.0971075	8.7565872 	0.0147286 	-157.4772124	125.1358115	-0.4218315	-0.0252363	2.5331094 	3854163451.2564549	3.9505061 	0.0099429 	0.0000000 
-0.3245643	-0.0710419	0.0230577 	-0.0556912	0.0000000 	-46.2728799	186.2989605	-0.0029798	0.0000000 	785.2346336	0.0217201 	0.0032938 	-0.0218440	3.0757425 	0.1536316 	-0.0980978	8.7374809 	0.0155320 	-158.9673510	125.1930837	-0.4257022	-0.0251882	2.5864337 	3854163511.2618561	3.9671747 	0.0093036 	0.0000000 
-0.2909567	-0.0603709	0.0175653 	0.0529003 	0.0000000 	-48.8687225	186.2793451	-0.0028629	0.0000000 	785.2360718	0.0250772 	0.0027048 	-0.0277567	3.0590325 	0.1627745 	-0.0392111	8.7457007 	0.0158057 	-170.7241590	125.1605440	-0.4572597	-0.0251025	2.1239067 	3854163571.2686009	3.9838439 	0.0114817 	0.0000000 
-0.2954630	-0.0797426	0.0235610 	0.0047610 	0.0000000 	-55.1265388	186.3007001	-0.0031240	0.0000000 	785.1816432	0.0236842 	0.0053320 	-0.0357193	3.0846913 	0.1566194 	-0.0369918	8.7295063 	0.0152282 	-159.1601434	125.1311388	-0.4263687	-0.0251688	4.1865774 	3854163631.2725773	4.0005125 	0.0098733 	0.0000000 
-0.2761728	-0.0586260	0.0161909 	-0.0367216	0.0000000 	-49.1982443	186.3064634	-0.0026339	0.0000000 	785.2543469	0.0231925 	0.0032119 	-0.0305185	3.0903663 	0.1588113 	-0.0549850	8.7538952 	0.0165056 	-158.7329533	125.1005621	-0.4252865	-0.0252036	2.5221600 	3854163691.2789769	4.0171814 	0.0099582 	0.0000000 
-0.2947355	-0.0483415	0.0142480 	-0.0025220	0.0000000 	-51.3080972	186.2884071	-0.0021222	0.0000000 	785.2937240	0.0200006 	0.0047930 	-0.0274803	3.0873590 	0.1627924 	-0.0736280	8.7773736 	0.0138720 	-159.0376293	125.0603239	-0.4261898	-0.0252217	3.7639100 	3854163751.2813039	4.0338494 	0.0094621 	0.0000000 
-0.3091198	-0.0389429	0.0120380 	-0.0473891	0.0000000 	-49.6702223	186.2865652	-0.0026461	0.0000000 	785.2090930	0.0233135 	0.0036853 	-0.0242232	3.0560318 	0.1634987 	-0.0651487	8.7180364 	0.0143369 	-159.5950174	125.0909960	-0.4275801	-0.0251260	2.8937661 	3854163811.2858448	4.0505178 	0.0104867 	0.0000000 
-0.2954596	-0.0619282	0.0182973 	-0.0583090	0.0000000 	-57.6954058	186.2835361	-0.0024624	0.0000000 	785.2482717	0.0201623 	0.0048811 	-0.0255610	3.0497575 	0.1663042 	-0.0544765	8.7740022 	0.0154763 	-157.8388467	125.0754735	-0.4231024	-0.0252179	3.8328991 	3854163871.2883639	4.0671858 	0.0094993 	0.0000000 
-0.2890400	-0.0472482	0.0136566 	0.0313222 	0.0000000 	-44.9568113	186.2649440	-0.0032983	0.0000000 	785.2327986	0.0228475 	0.0040848 	-0.0235886	3.0689489 	0.1806921 	-0.0697155	8.7129737 	0.0152417 	-157.3869184	125.1078317	-0.4218443	-0.0251641	3.2075390 	3854163931.2955322	4.0838553 	0.0094615 	0.0000000 
-0.2910236	-0.0573051	0.0166771 	0.0167000 	0.0000000 	-49.9065014	186.2808403	-0.0029967	0.0000000 	785.2521400	0.0228653 	0.0036326 	-0.0286855	3.0459245 	0.1665205 	-0.0580398	8.7208552 	0.0139433 	-159.5382881	125.0836821	-0.4276037	-0.0251792	2.8525394 	3854163991.3040690	4.1005247 	0.0106231 	0.0000000 
-0.2941411	-0.0672449	0.0197795 	-0.0590570	0.0000000 	-50.7140518	186.2688807	-0.0024859	0.0000000 	785.2266987	0.0239427 	0.0041991 	-0.0245748	3.0539566 	0.1746507 	-0.0631062	8.7269919 	0.0143310 	-160.9454036	125.1527447	-0.4311965	-0.0252749	3.2972372 	3854164051.3121600	4.1171944 	0.0109548 	0.0000000 
-0.2686557	-0.0605609	0.0162700 	-0.0083466	0.0000000 	-62.2682933	186.2733750	-0.0025679	0.0000000 	785.1878423	0.0241831 	0.0038085 	-0.0252249	3.0755028 	0.1625309 	-0.0300774	8.7425464 	0.0144021 	-158.4989311	125.0392846	-0.4249540	-0.0251681	2.9903614 	3854164111.3180718	4.1338633 	0.0101014 	0.0000000 
-0.3028960	-0.0596818	0.0180774 	-0.0772132	0.0000000 	-43.2643429	186.2791603	-0.0015774	0.0000000 	785.2261035	0.0248490 	0.0042598 	-0.0272194	3.0498929 	0.1708752 	-0.0440211	8.7566436 	0.0149460 	-158.7588102	125.0979412	-0.4256328	-0.0252064	3.3448783 	3854164171.3211389	4.1505314 	0.0096310 	0.0000000 
-0.2777351	-0.0515245	0.0143102 	-0.0355436	0.0000000 	-60.2134001	186.3013860	-0.0032785	0.0000000 	785.2641664	0.0253933 	0.0040370 	-0.0234493	3.0224541 	0.1545659 	-0.0353826	8.7883502 	0.0149278 	-157.0566365	125.0972771	-0.4209714	-0.0251436	3.1701068 	3854164231.3277059	4.1672006 	0.0126585 	0.0000000 
-0.2606186	-0.0551934	0.0143844 	-0.0419291	0.0000000 	-51.7450460	186.2785277	-0.0023408	0.0000000 	785.1820647	0.0209792 	0.0049112 	-0.0285019	3.0746306 	0.1631301 	-0.0352101	8.7330948 	0.0155321 	-158.2036333	125.1085461	-0.4239538	-0.0251980	3.8562226 	3854164291.3340721	4.1838694 	0.0102299 	0.0000000 
-0.2620005	-0.0614754	0.0161066 	0.0662791 	0.0000000 	-48.6265969	186.2829690	-0.0023568	0.0000000 	785.3074613	0.0224046 	0.0030485 	-0.0269541	3.0840609 	0.1709329 	-0.0783893	8.7210497 	0.0147043 	-158.3133392	125.1464595	-0.4241468	-0.0251692	2.3939925 	3854164351.3402200	4.2005386 	0.0088059 	0.0000000 
-0.2800332	-0.0366501	0.0102632 	-0.0176959	0.0000000 	-45.2121249	186.2671030	-0.0023389	0.0000000 	785.2082004	0.0233616 	0.0044794 	-0.0225781	3.0546890 	0.1723643 	-0.0560150	8.7372554 	0.0144988 	-159.7743388	125.3158889	-0.4273832	-0.0250666	3.5172890 	3854164411.3462667	4.2172075 	0.0133406 	0.0000000 
-0.2984627	-0.0676756	0.0201986 	0.0073882 	0.0000000 	-46.3537392	186.3062880	-0.0024341	0.0000000 	785.2538758	0.0211528 	0.0049755 	-0.0250613	3.0727219 	0.1698957 	-0.0013901	8.7327903 	0.0137369 	-159.1070037	125.2911872	-0.4257434	-0.0251334	3.9070028 	3854164471.3528538	4.2338767 	0.0087179 	0.0000000 
-0.2559679	-0.0890617	0.0227969 	-0.0513345	0.0000000 	-47.7013475	186.2624698	-0.0031767	0.0000000 	785.2481442	0.0215127 	0.0032132 	-0.0256052	3.0457847 	0.1673182 	-0.0264346	8.7745209 	0.0169017 	-159.0638098	125.2640381	-0.4257664	-0.0251611	2.5231834 	3854164531.3586111	4.2505456 	0.0081842 	0.0000000 
-0.3191247	-0.0871997	0.0278276 	-0.0196873	0.0000000 	-49.9267383	186.2850513	-0.0023238	0.0000000 	785.2831854	0.0230973 	0.0044564 	-0.0253908	3.1276616 	0.1694751 	-0.0565323	8.8035327 	0.0154090 	-157.7233311	125.2121660	-0.4222901	-0.0251275	3.4995398 	3854164591.3644953	4.2672144 	0.0121331 	0.0000000 
-0.2754368	-0.0990811	0.0272906 	0.0081735 	0.0000000 	-48.9971058	186.2892498	-0.0025217	0.0000000 	785.2898309	0.0244522 	0.0035587 	-0.0215587	3.0535527 	0.1709697 	-0.0667535	8.7516316 	0.0153627 	-158.1797237	125.2030788	-0.4234342	-0.0252125	2.7945951 	3854164651.3717031	4.2838836 	0.0091725 	0.0000000 
-0.2589068	-0.0780285	0.0202021 	0.0080800 	0.0000000 	-33.3294458	186.2867092	-0.0028714	0.0000000 	785.2892358	0.0211910 	0.0049529 	-0.0339326	3.0836970 	0.1862188 	-0.0908254	8.7533737 	0.0142719 	-156.9158537	125.2259996	-0.4199850	-0.0252169	3.8894413 	3854164711.3764439	4.3005522 	0.0113222 	0.0000000 
-0.2996386	-0.0427288	0.0128032 	-0.0687054	0.0000000 	-53.6702534	186.3030761	-0.0020779	0.0000000 	785.3110072	0.0222493 	0.0026034 	-0.0192724	3.0601333 	0.1447351 	-0.0731417	8.7149074 	0.0148813 	-158.2283370	125.1442477	-0.4238952	-0.0252063	2.0444629 	3854164771.3824759	4.3172214 	0.0077185 	0.0000000 
-0.2715981	-0.0388678	0.0105564 	0.0205893 	0.0000000 	-63.5925115	186.2656146	-0.0023832	0.0000000 	785.2820695	0.0227514 	0.0044502 	-0.0186112	3.0678569 	0.1448166 	-0.0428230	8.7476288 	0.0158716 	-159.6220321	125.1714792	-0.4275215	-0.0251815	3.4946658 	3854164831.3901272	4.3338908 	0.0120788 	0.0000000 
-0.2373937	-0.0854370	0.0202822 	-0.0849731	0.0000000 	-28.9225658	186.2844355	-0.0035669	0.0000000 	785.3175783	0.0216178 	0.0049409 	-0.0248380	3.0798130 	0.1918920 	-0.0409087	8.7422025 	0.0148752 	-158.7188807	125.1971047	-0.4250305	-0.0252131	3.8801910 	3854164891.3989019	4.3505606 	0.0128482 	0.0000000 
-0.3017147	-0.0201544	0.0060809 	-0.0282138	0.0000000 	-39.9378155	186.2854125	-0.0038044	0.0000000 	785.2615379	0.0242284 	0.0048373 	-0.0275069	3.1140032 	0.1753221 	-0.0311694	8.7146227 	0.0157829 	-159.4891314	125.2021005	-0.4271738	-0.0251558	3.7985337 	3854164951.4065161	4.3672297 	0.0096412 	0.0000000 
-0.2531932	-0.0646009	0.0163565 	-0.0242777	0.0000000 	-45.1083859	186.2673834	-0.0026876	0.0000000 	785.2424941	0.0234779 	0.0060424 	-0.0268546	3.0253549 	0.1579639 	-0.0270977	8.7359672 	0.0152959 	-158.0607512	125.1905891	-0.4233076	-0.0251348	4.7447265 	3854165011.4130611	4.3838989 	0.0118865 	0.0000000 
-0.2402174	-0.0725793	0.0174348 	-0.0427519	0.0000000 	-51.3733920	186.2908037	-0.0021589	0.0000000 	785.2502555	0.0218867 	0.0044382 	-0.0239181	3.0568685 	0.1676070 	-0.0686545	8.7093373 	0.0147192 	-159.4291430	125.1679562	-0.4270204	-0.0251842	3.4851343 	3854165071.4159541	4.4005669 	0.0091521 	0.0000000 
-0.2883060	-0.0513743	0.0148115 	-0.0089076	0.0000000 	-53.9709931	186.3017764	-0.0031362	0.0000000 	785.2048528	0.0222583 	0.0053280 	-0.0311487	3.0554215 	0.1608751 	-0.0689153	8.7283591 	0.0164045 	-158.1089619	125.0589341	-0.4238150	-0.0251801	4.1835713 	3854165131.4228950	4.4172361 	0.0082097 	0.0000000 
-0.3366308	-0.0511578	0.0172213 	0.0655031 	0.0000000 	-48.0560409	186.2580542	-0.0027866	0.0000000 	785.2534046	0.0219905 	0.0035086 	-0.0201834	3.0778310 	0.1666069 	-0.0630222	8.7515245 	0.0145278 	-159.0893754	125.2321290	-0.4258996	-0.0251664	2.7551668 	3854165191.4273462	4.4339047 	0.0090932 	0.0000000 
-0.2921238	-0.0659063	0.0192528 	-0.0464916	0.0000000 	-46.4359183	186.2677344	-0.0032540	0.0000000 	785.2122174	0.0199820 	0.0043962 	-0.0166499	3.0695148 	0.1781128 	-0.0057623	8.7166128 	0.0145541 	-158.6117493	125.2021747	-0.4246502	-0.0251681	3.4519285 	3854165251.4355459	4.4505744 	0.0095480 	0.0000000 
-0.2894526	-0.0556396	0.0161050 	-0.0543075	0.0000000 	-46.4377304	186.2709162	-0.0033191	0.0000000 	785.2191109	0.0226312 	0.0041654 	-0.0240928	3.0499040 	0.1706257 	-0.0493173	8.7494075 	0.0154648 	-158.3578007	125.0771613	-0.4242884	-0.0251797	3.2707755 	3854165311.4423718	4.4672436 	0.0106083 	0.0000000 
-0.3104375	-0.0722148	0.0224182 	0.0047891 	0.0000000 	-39.7280428	186.3070733	-0.0022871	0.0000000 	785.3012869	0.0200429 	0.0039254 	-0.0272880	3.0120716 	0.1811395 	-0.0242816	8.7469072 	0.0170084 	-159.8772346	125.1282487	-0.4282147	-0.0252113	3.0826118 	3854165371.4492159	4.4839128 	0.0091207 	0.0000000 
-0.2713302	-0.0601942	0.0163325 	-0.2336075	0.0000000 	-54.4923431	186.2762453	-0.0024237	0.0000000 	785.3087011	0.0219629 	0.0047855 	-0.0304389	3.0845892 	0.1456590 	-0.0674387	8.7198235 	0.0155297 	-159.0478711	125.0184849	-0.4263423	-0.0251680	3.7580692 	3854165431.4579930	4.5005825 	0.0107824 	0.0000000 
-0.2922709	-0.0602936	0.0176221 	-0.0713793	0.0000000 	-54.7118788	186.2621298	-0.0016933	0.0000000 	785.2030179	0.0237034 	0.0041420 	-0.0338309	3.0731769 	0.1582676 	-0.0439194	8.7596711 	0.0151584 	-159.1517837	125.1086257	-0.4263327	-0.0251449	3.2522776 	3854165491.4665012	4.5172519 	0.0131398 	0.0000000 
-0.2676700	-0.0676425	0.0181059 	-0.0519141	0.0000000 	-57.7946112	186.2912612	-0.0026245	0.0000000 	785.2409567	0.0217778 	0.0035795 	-0.0301073	3.0398366 	0.1484211 	-0.0554403	8.7391271 	0.0141374 	-159.6787470	125.1449803	-0.4277526	-0.0252150	2.8107664 	3854165551.4696012	4.5339203 	0.0087466 	0.0000000 
-0.2913513	-0.0459648	0.0133919 	0.0245814 	0.0000000 	-46.6826622	186.3049532	-0.0025189	0.0000000 	785.2333937	0.0237924 	0.0043249 	-0.0231530	3.0518238 	0.1609915 	-0.1091501	8.7021210 	0.0147411 	-158.9552001	125.1067314	-0.4258722	-0.0251614	3.3960311 	3854165611.4772787	4.5505897 	0.0133308 	0.0000000 
-0.2671302	-0.0528476	0.0141172 	0.0271805 	0.0000000 	-35.4452461	186.2620080	-0.0026725	0.0000000 	785.2269218	0.0231221 	0.0034232 	-0.0243051	3.0779908 	0.1781934 	-0.0633051	8.7367480 	0.0142698 	-158.4812597	125.0641621	-0.4246879	-0.0250987	2.6879554 	3854165671.4853573	4.5672592 	0.0123886 	0.0000000 
-0.2897073	-0.0505725	0.0146512 	0.0731975 	0.0000000 	-55.9309479	186.2592514	-0.0029930	0.0000000 	785.2239611	0.0225343 	0.0033966 	-0.0238783	3.0884332 	0.1609261 	-0.0409441	8.7588592 	0.0154846 	-164.5994784	125.1752346	-0.4409054	-0.0252700	2.6670795 	3854165731.4920249	4.5839283 	0.0114779 	0.0000000 
-0.3177756	-0.0564127	0.0179266 	0.0417093 	0.0000000 	-53.6802800	186.3166799	-0.0022315	0.0000000 	785.2316084	0.0230814 	0.0042323 	-0.0161590	3.0297449 	0.1557881 	-0.0206388	8.7298080 	0.0166789 	-159.8487788	125.0770069	-0.4283863	-0.0249551	3.3233403 	3854165791.4953790	4.6005964 	0.0100879 	0.0000000 
-0.3045782	-0.0650802	0.0198220 	0.0091178 	0.0000000 	-44.5825791	186.2678447	-0.0016359	0.0000000 	785.2849459	0.0222768 	0.0044865 	-0.0358453	3.0313562 	0.1778539 	-0.0421112	8.7579093 	0.0162967 	-158.9681788	125.0885997	-0.4259774	-0.0251839	3.5231974 	3854165851.4976411	4.6172644 	0.0104074 	0.0000000 
-0.2844531	-0.0438951	0.0124861 	-0.0069349	0.0000000 	-44.2757191	186.2733765	-0.0025387	0.0000000 	785.2744818	0.0222121 	0.0042314 	-0.0285727	3.0694238 	0.1612674 	-0.0847643	8.7112739 	0.0156240 	-159.8607810	125.0681596	-0.4284308	-0.0251891	3.3228262 	3854165911.4999251	4.6339322 	0.0122518 	0.0000000 
-0.2857286	-0.0524102	0.0149751 	-0.0879274	0.0000000 	-53.3946779	186.2666912	-0.0025877	0.0000000 	785.1892061	0.0203328 	0.0046278 	-0.0228722	3.0543783 	0.1598082 	-0.0570053	8.7440038 	0.0168718 	-158.3577930	125.0059206	-0.4246166	-0.0251781	3.6336993 	3854165971.5030022	4.6506006 	0.0116041 	0.0000000 
-0.3374995	-0.0565452	0.0190840 	-0.0126847	0.0000000 	-45.3407314	186.2737956	-0.0030457	0.0000000 	785.1668396	0.0234629 	0.0050543 	-0.0279712	3.0631162 	0.1676021 	-0.0384507	8.7432934 	0.0170179 	-157.2902557	125.0168859	-0.4217362	-0.0251792	3.9684670 	3854166031.5030332	4.6672678 	0.0093470 	0.0000000 
-0.2863113	-0.0565739	0.0161978 	-0.0677985	0.0000000 	-49.3795198	186.2893394	-0.0018130	0.0000000 	785.2216244	0.0216648 	0.0046610 	-0.0222907	3.0996191 	0.1607810 	-0.0619037	8.7597443 	0.0156052 	-157.6978355	124.9162758	-0.4230765	-0.0252235	3.6599314 	3854166091.5072288	4.6839361 	0.0129594 	0.0000000 
-0.3200024	-0.0263701	0.0084385 	-0.0429295	0.0000000 	-48.5934291	186.2793009	-0.0030919	0.0000000 	785.1801554	0.0231815 	0.0040086 	-0.0175919	3.0643236 	0.1666056 	-0.0530751	8.7067919 	0.0138378 	-158.1502668	125.0282740	-0.4240605	-0.0252167	3.1475121 	3854166151.5141220	4.7006056 	0.0116817 	0.0000000 
-0.3115726	-0.0708056	0.0220611 	-0.0248200	0.0000000 	-51.7441390	186.2941791	-0.0027423	0.0000000 	785.2269218	0.0221875 	0.0044675 	-0.0198207	3.0448193 	0.1589967 	-0.0698304	8.7358601 	0.0132233 	-157.7837744	125.0708644	-0.4228554	-0.0251794	3.5079832 	3854166211.5220389	4.7172750 	0.0103742 	0.0000000 
-0.2855610	-0.0476590	0.0136096 	-0.0204259	0.0000000 	-52.4978430	186.2930740	-0.0021994	0.0000000 	785.1642855	0.0220593 	0.0033501 	-0.0251940	3.0329542 	0.1619186 	-0.0658825	8.7428931 	0.0152722 	-158.2465267	125.0777511	-0.4240902	-0.0251758	2.6303645 	3854166271.5302391	4.7339444 	0.0122263 	0.0000000 
-0.2969857	-0.0581290	0.0172635 	-0.1035220	0.0000000 	-42.0402696	186.2562319	-0.0023681	0.0000000 	785.2759970	0.0238106 	0.0034001 	-0.0318873	3.0828869 	0.1666911 	-0.0725581	8.7129483 	0.0137385 	-157.5838786	125.1300955	-0.4222628	-0.0252111	2.6700385 	3854166331.5338368	4.7506128 	0.0098492 	0.0000000 
-0.3132728	-0.0705272	0.0220943 	-0.0972580	0.0000000 	-46.7043919	186.2861239	-0.0028582	0.0000000 	785.1972155	0.0209252 	0.0049360 	-0.0293156	3.0466658 	0.1675067 	-0.0657543	8.7472201 	0.0151632 	-158.4875488	125.1130437	-0.4247705	-0.0251594	3.8757710 	3854166391.5374999	4.7672811 	0.0119027 	0.0000000 
-0.2978954	-0.0738427	0.0219974 	-0.0320470	0.0000000 	-51.3770247	186.3085537	-0.0030457	0.0000000 	785.2735643	0.0217510 	0.0053315 	-0.0290945	3.0895207 	0.1745446 	-0.0533094	8.7592313 	0.0153635 	-158.2972374	125.1199510	-0.4242353	-0.0251755	4.1867197 	3854166451.5419478	4.7839497 	0.0103725 	0.0000000 
-0.3183580	-0.0520104	0.0165579 	-0.0532417	0.0000000 	-50.2151238	186.2727138	-0.0024661	0.0000000 	785.1902724	0.0234390 	0.0030139 	-0.0239999	3.0030208 	0.1706409 	-0.0350245	8.7656893 	0.0163917 	-158.4459968	125.0547505	-0.4247512	-0.0251222	2.3665109 	3854166511.5485268	4.8006186 	0.0132090 	0.0000000 
-0.3132572	-0.0650780	0.0203862 	-0.0807846	0.0000000 	-48.6616423	186.2785878	-0.0029421	0.0000000 	785.2155154	0.0222159 	0.0032668 	-0.0231707	3.0539966 	0.1676702 	-0.0670231	8.7710508 	0.0167400 	-157.9637857	125.0632396	-0.4235400	-0.0252362	2.5651574 	3854166571.5550833	4.8172878 	0.0093028 	0.0000000 
-0.2898329	-0.0634236	0.0183822 	-0.1005396	0.0000000 	-45.5817597	186.2738233	-0.0017810	0.0000000 	785.2778529	0.0198465 	0.0038811 	-0.0261271	3.0494556 	0.1730200 	-0.0399096	8.7330271 	0.0152616 	-158.3140160	125.0365623	-0.4246514	-0.0252103	3.0477412 	3854166631.5608821	4.8339567 	0.0108408 	0.0000000 
-0.2945788	-0.0711369	0.0209554 	-0.0014656	0.0000000 	-55.9815859	186.2667058	-0.0020958	0.0000000 	785.2938479	0.0211409 	0.0037828 	-0.0265583	3.0671778 	0.1582349 	-0.0271552	8.7032627 	0.0167481 	-158.3448717	125.0043114	-0.4247548	-0.0251966	2.9705930 	3854166691.5671082	4.8506258 	0.0107422 	0.0000000 
-0.3186823	-0.0419292	0.0133621 	0.0482724 	0.0000000 	-51.6438985	186.2607659	-0.0023728	0.0000000 	785.3368205	0.0206580 	0.0049710 	-0.0265384	3.0750656 	0.1608540 	-0.0350510	8.7778528 	0.0162863 	-158.1233779	124.9352366	-0.4243821	-0.0252494	3.9039373 	3854166751.5730090	4.8672947 	0.0105655 	0.0000000 
-0.3082598	-0.0352408	0.0108633 	-0.0081222	0.0000000 	-48.8538782	186.3013002	-0.0025500	0.0000000 	785.2740850	0.0207109 	0.0045211 	-0.0193807	3.0785501 	0.1656382 	-0.0586499	8.7381885 	0.0172910 	-157.9502745	125.4254195	-0.4224358	-0.0252043	3.5502759 	3854166811.5790000	4.8839636 	0.0088225 	0.0000000 
-0.3052395	-0.0568522	0.0173536 	-0.0262691	0.0000000 	-43.6427438	186.3051475	-0.0031211	0.0000000 	785.2858138	0.0241798 	0.0054356 	-0.0224123	3.0529046 	0.1803562 	-0.0607940	8.7386507 	0.0146885 	-157.3711505	125.4530945	-0.4207316	-0.0252100	4.2685157 	3854166871.5857372	4.9006328 	0.0116272 	0.0000000 
-0.3409693	-0.0461459	0.0157343 	0.0485249 	0.0000000 	-34.0613428	186.2781843	-0.0020119	0.0000000 	785.2391714	0.0206095 	0.0041375 	-0.0300962	3.0821212 	0.1760575 	-0.1081289	8.7174951 	0.0139532 	-158.4013951	125.3344023	-0.4238636	-0.0252700	3.2489496 	3854166931.5915360	4.9173017 	0.0101235 	0.0000000 
-0.3014988	-0.0499452	0.0150584 	0.0131099 	0.0000000 	-40.7728141	186.3187984	-0.0024643	0.0000000 	785.1969179	0.0210818 	0.0047846 	-0.0219435	3.0697079 	0.1667879 	-0.0743309	8.7428706 	0.0161847 	-159.6691923	125.3465584	-0.4271737	-0.0251785	3.7568388 	3854166991.5956650	4.9339700 	0.0077716 	0.0000000 
-0.3103445	-0.0706664	0.0219309 	0.0639044 	0.0000000 	-23.8375926	186.2988966	-0.0024916	0.0000000 	785.1309060	0.0222355 	0.0050543 	-0.0335589	3.0701718 	0.1891815 	-0.0601751	8.7513554 	0.0147063 	-157.3681248	125.2579588	-0.4211759	-0.0252401	3.9682854 	3854167051.6007419	4.9506389 	0.0114800 	0.0000000 
-0.2925527	-0.0691688	0.0202355 	0.0852487 	0.0000000 	-27.1834706	186.2689500	-0.0021391	0.0000000 	785.2031468	0.0225099 	0.0034519 	-0.0314959	3.0762597 	0.1887274 	-0.0424295	8.7327255 	0.0151899 	-158.4785133	125.2764413	-0.4241125	-0.0251556	2.7104780 	3854167111.6081171	4.9673081 	0.0133022 	0.0000000 
-0.2847395	-0.0586613	0.0167032 	-0.0132269	0.0000000 	-18.0659970	186.3081716	-0.0021372	0.0000000 	785.2547495	0.0226006 	0.0043227 	-0.0314539	3.0833840 	0.2028788 	-0.0674475	8.7360715 	0.0138448 	-157.1267197	125.2303034	-0.4207395	-0.0252434	3.3943846 	3854167171.6141081	4.9839769 	0.0107038 	0.0000000 
-0.3140568	-0.0515753	0.0161976 	-0.1370391	0.0000000 	-47.2226721	186.2571155	-0.0026518	0.0000000 	785.2427173	0.0220039 	0.0037628 	-0.0273079	3.0524541 	0.1616947 	-0.0471422	8.7156657 	0.0141979 	-182.2458982	125.0789224	-0.4885770	-0.0258566	2.9547499 	3854167231.6174221	5.0006453 	0.0105344 	0.0000000 
-0.2916026	-0.0612987	0.0178749 	0.1010022 	0.0000000 	-40.1463900	186.2730958	-0.0032493	0.0000000 	785.2537270	0.0226935 	0.0049139 	-0.0182773	3.0657973 	0.1650748 	-0.0359042	8.7450834 	0.0150960 	-157.7700477	124.9999418	-0.4229598	-0.0252444	3.8586612 	3854167291.6231561	5.0173142 	0.0122609 	0.0000000 
-0.3230242	-0.0714395	0.0230767 	0.0218234 	0.0000000 	-46.1131039	186.2877893	-0.0015001	0.0000000 	785.2290295	0.0203185 	0.0053267 	-0.0344545	3.0521656 	0.1698818 	-0.0613599	8.7419939 	0.0133619 	-158.6877738	124.9267177	-0.4257946	-0.0252157	4.1826568 	3854167351.6243701	5.0339817 	0.0081374 	0.0000000 
-0.2746190	-0.0560350	0.0153883 	-0.1236696	0.0000000 	-53.8507757	186.2585543	-0.0019930	0.0000000 	785.2493380	0.0223101 	0.0053745 	-0.0251343	3.1211742 	0.1606847 	-0.0671160	8.7377656 	0.0163266 	-158.5807699	124.9433220	-0.4254502	-0.0251878	4.2203246 	3854167411.6324220	5.0506514 	0.0091444 	0.0000000 
-0.2905645	-0.0528277	0.0153499 	0.0882311 	0.0000000 	-44.1425318	186.2922008	-0.0026735	0.0000000 	785.2544233	0.0214502 	0.0037301 	-0.0331167	3.1109049 	0.1724145 	-0.0623370	8.7434626 	0.0147962 	-157.4531000	125.0105936	-0.4223011	-0.0252440	2.9290585 	3854167471.6397281	5.0673206 	0.0120647 	0.0000000 
-0.2984715	-0.0760516	0.0226992 	-0.0042049	0.0000000 	-48.4085654	186.2952462	-0.0026575	0.0000000 	785.2803834	0.0217282 	0.0040906 	-0.0279447	3.0821789 	0.1555409 	-0.0718198	8.7433639 	0.0168374 	-159.1717052	124.9946545	-0.4270200	-0.0251978	3.2122546 	3854167531.6444149	5.0839892 	0.0102933 	0.0000000 
-0.3060865	-0.0727781	0.0222764 	0.0179435 	0.0000000 	-31.0825958	186.2838046	-0.0022230	0.0000000 	785.2882687	0.0224931 	0.0049161 	-0.0246168	3.0474981 	0.1778109 	-0.0657809	8.7566464 	0.0143212 	-159.5048568	124.9228958	-0.4280175	-0.0252066	3.8605699 	3854167591.6494617	5.1006578 	0.0110089 	0.0000000 
-0.2829120	-0.0679584	0.0192262 	-0.0091694	0.0000000 	-46.5459710	186.3057891	-0.0025905	0.0000000 	785.1966203	0.0219440 	0.0038621 	-0.0263615	3.0931917 	0.1740622 	-0.0390696	8.7583575 	0.0151544 	-158.4917688	124.9217386	-0.4253751	-0.0252359	3.0324726 	3854167651.6553578	5.1173267 	0.0105150 	0.0000000 
-0.3207617	-0.0662421	0.0212479 	0.0258062 	0.0000000 	-65.7675898	186.2765412	-0.0019676	0.0000000 	785.2561571	0.0234698 	0.0043275 	-0.0244156	3.0093683 	0.1477708 	-0.0575624	8.7261857 	0.0151593 	-157.9910433	124.7914607	-0.4243707	-0.0252061	3.3982163 	3854167711.6625452	5.1339961 	0.0107351 	0.0000000 
-0.2860609	-0.0767739	0.0219620 	-0.0242777	0.0000000 	-46.4760913	186.2840948	-0.0024369	0.0000000 	785.2442016	0.0227176 	0.0021871 	-0.0229629	3.0729527 	0.1695616 	-0.0332561	8.7630368 	0.0185406 	-158.6826950	124.8216005	-0.4261460	-0.0251978	1.7173835 	3854167771.6698480	5.1506653 	0.0108639 	0.0000000 
-0.2814623	-0.0504112	0.0141889 	-0.0654144	0.0000000 	-49.9951058	186.2787227	-0.0025067	0.0000000 	785.2592070	0.0231860 	0.0052638 	-0.0240972	3.0827182 	0.1688687 	-0.0601132	8.7516993 	0.0140186 	-158.1485014	124.7796564	-0.4248613	-0.0252472	4.1334331 	3854167831.6771522	5.1673347 	0.0097161 	0.0000000 
-0.3081085	-0.0548311	0.0168939 	0.0450843 	0.0000000 	-27.9888823	186.2589152	-0.0027178	0.0000000 	785.2167030	0.0219572 	0.0047850 	-0.0228014	3.0791604 	0.2011294 	-0.0421422	8.7507211 	0.0147462 	-158.2340812	124.7472088	-0.4251562	-0.0252419	3.7572812 	3854167891.6813340	5.1840031 	0.0102249 	0.0000000 
-0.2817266	-0.0629376	0.0177312 	-0.0261663	0.0000000 	-29.1672432	186.2958037	-0.0027055	0.0000000 	785.2382043	0.0233493 	0.0049104 	-0.0311952	3.0276786 	0.1963708 	-0.0193479	8.7471750 	0.0161061 	-157.9493935	124.6740094	-0.4246389	-0.0252370	3.8558027 	3854167951.6884041	5.2006725 	0.0096352 	0.0000000 
-0.2993607	-0.0517122	0.0154806 	-0.0525031	0.0000000 	-39.4194156	186.2912766	-0.0017584	0.0000000 	785.1705095	0.0245786 	0.0033337 	-0.0344346	3.0498307 	0.1718690 	-0.0659444	8.7396204 	0.0148899 	-158.1015349	124.7137449	-0.4248324	-0.0252240	2.6175190 	3854168011.6933389	5.2173411 	0.0117039 	0.0000000 
-0.2848043	-0.0638874	0.0181954 	-0.0205941	0.0000000 	-42.8477930	186.2823382	-0.0024878	0.0000000 	785.1805816	0.0215704 	0.0040091 	-0.0329885	3.0665008 	0.1757588 	-0.0503032	8.7407085 	0.0167340 	-161.5303874	124.9971899	-0.4331129	-0.0251707	3.1478616 	3854168071.6992121	5.2340100 	0.0133594 	0.0000000 
-0.2891664	-0.0580804	0.0167949 	-0.0101791	0.0000000 	-46.1489438	186.3056366	-0.0031127	0.0000000 	785.1994471	0.0210725 	0.0036109 	-0.0279535	3.0297094 	0.1754421 	-0.0423102	8.7690635 	0.0143410 	-156.1151026	124.9844643	-0.4186108	-0.0252616	2.8353082 	3854168131.7033839	5.2506783 	0.0083670 	0.0000000 
-0.2752062	-0.0470096	0.0129373 	0.1089771 	0.0000000 	-43.3164304	186.2902406	0.0434741 	0.0000000 	785.2089939	0.0241672 	0.0040047 	-0.0247473	3.0442222 	0.1676460 	-0.0434286	8.7374048 	0.0158916 	-158.7454228	124.9636220	-0.4257158	-0.0252013	3.1444979 	3854168191.7099118	5.2673475 	0.0100135 	0.0000000 
-0.2799782	-0.0572808	0.0160374 	0.0147647 	0.0000000 	-57.8191564	186.2643876	0.0053128 	0.0000000 	785.1927273	0.0252246 	0.0048116 	-0.0253819	3.0712571 	0.1491668 	-0.0632388	8.7331117 	0.0134731 	-157.3948165	124.9487335	-0.4221777	-0.0251977	3.7780314 	3854168251.7165432	5.2840167 	0.0094937 	0.0000000 
-0.2902641	-0.0537333	0.0155969 	0.0722159 	0.0000000 	-47.9187785	186.2942050	0.0436645 	0.0000000 	785.2314004	0.0210730 	0.0036610 	-0.0190955	3.0870505 	0.1756190 	-0.0296972	8.7518261 	0.0149627 	-158.1687528	125.0486502	-0.4239999	-0.0251610	2.8747211 	3854168311.7224703	5.3006856 	0.0107038 	0.0000000 
-0.3196444	-0.0650670	0.0207983 	-0.0572619	0.0000000 	-27.9315986	186.2847174	0.0173996 	0.0000000 	785.2156146	0.0217977 	0.0034612 	-0.0243493	3.0733234 	0.1866152 	-0.0315717	8.7267467 	0.0146004 	-157.7389995	124.9710028	-0.4230703	-0.0251118	2.7178240 	3854168371.7289438	5.3173547 	0.0135932 	0.0000000 
-0.2867731	-0.0573139	0.0164361 	-0.0082625	0.0000000 	-53.3045234	186.2558748	0.0666771 	0.0000000 	785.2838053	0.0209810 	0.0042850 	-0.0265981	3.0312186 	0.1531708 	-0.0277653	8.7374048 	0.0155532 	-156.7753642	125.1155782	-0.4200032	-0.0251448	3.3649481 	3854168431.7355747	5.3340239 	0.0094854 	0.0000000 
-0.2897912	-0.0675784	0.0195836 	-0.0191357	0.0000000 	-51.7794535	186.2725754	0.1210824 	0.0000000 	785.2298726	0.0260829 	0.0029918 	-0.0251652	3.0894031 	0.1570005 	-0.0551220	8.7772608 	0.0152274 	-158.0848374	125.1585132	-0.4233179	-0.0251704	2.3492420 	3854168491.7419429	5.3506928 	0.0111771 	0.0000000 
-0.2873688	-0.0560173	0.0160976 	-0.0708464	0.0000000 	-1.1311509	186.3067736	0.0640194 	0.0000000 	785.2336169	0.0208499 	0.0046061 	-0.0314671	3.0946654 	0.2278387 	-0.0517311	8.7527958 	0.0148980 	-158.5261491	125.2296101	-0.4244198	-0.0251281	3.6168642 	3854168551.7482719	5.3673619 	0.0117042 	0.0000000 
-0.3114024	-0.0575083	0.0179082 	-0.0369647	0.0000000 	-45.5661307	186.3131704	0.0161358 	0.0000000 	785.2566778	0.0223236 	0.0042890 	-0.0281194	3.0980100 	0.1647362 	-0.0568594	8.7136784 	0.0149609 	-159.1965065	125.2013435	-0.4261630	-0.0251713	3.3679619 	3854168611.7555919	5.3840311 	0.0113085 	0.0000000 
-0.3269217	-0.0511578	0.0167246 	0.0011896 	0.0000000 	-45.9317291	186.2899143	0.0041291 	0.0000000 	785.2924345	0.0231984 	0.0041061 	-0.0298043	3.0597604 	0.1703274 	-0.0257803	8.7360377 	0.0156485 	-160.3085160	125.2510373	-0.4290635	-0.0251575	3.2244767 	3854168671.7593079	5.4006994 	0.0112032 	0.0000000 
-0.3040083	-0.0614533	0.0186823 	-0.0010636	0.0000000 	-32.1529228	186.2763924	0.0189810 	0.0000000 	785.2572233	0.0228794 	0.0044236 	-0.0355800	3.0279849 	0.1915163 	-0.0480883	8.7818358 	0.0158660 	-159.7542597	125.1723173	-0.4278671	-0.0251210	3.4736886 	3854168731.7627268	5.4173678 	0.0118120 	0.0000000 
-0.2962277	-0.0509104	0.0150811 	0.0515073 	0.0000000 	-33.5448205	186.2900001	0.0109872 	0.0000000 	785.2086908	0.0220413 	0.0041198 	-0.0288867	3.0405757 	0.1783206 	-0.0471643	8.7624758 	0.0151284 	-158.7516359	125.2152701	-0.4250504	-0.0251544	3.2349133 	3854168791.7685809	5.4340367 	0.0096417 	0.0000000 
-0.3191730	-0.0645413	0.0205998 	0.0194300 	0.0000000 	-49.9165155	186.2745429	0.0270804 	0.0000000 	785.2604965	0.0209902 	0.0037407 	-0.0196505	3.0346143 	0.1724562 	-0.0360811	8.7831410 	0.0153910 	-158.8515283	125.1622394	-0.4253734	-0.0251398	2.9374279 	3854168851.7719741	5.4507050 	0.0100846 	0.0000000 
-0.2997365	-0.0681594	0.0204299 	0.0335100 	0.0000000 	-49.9587986	186.2876946	0.0674828 	0.0000000 	785.2626538	0.0243449 	0.0039670 	-0.0363207	3.0742600 	0.1606305 	-0.0426992	8.7195896 	0.0160950 	-158.0837269	125.2249712	-0.4232389	-0.0252143	3.1151515 	3854168911.7786040	5.4673742 	0.0119314 	0.0000000 
-0.3077858	-0.0669136	0.0205950 	0.0623244 	0.0000000 	-49.0725245	186.2906083	0.0670908 	0.0000000 	785.2601989	0.0243084 	0.0042270 	-0.0239933	3.0316181 	0.1683353 	-0.0398521	8.7127933 	0.0151230 	-157.5690972	125.2642233	-0.4217114	-0.0251397	3.3192879 	3854168971.7775478	5.4840411 	0.0124439 	0.0000000 
-0.3234765	-0.0489026	0.0158188 	-0.0086645	0.0000000 	-44.7860898	186.2824783	0.0111088 	0.0000000 	785.2691009	0.0221425 	0.0040016 	-0.0229076	3.0638464 	0.1668018 	-0.0531061	8.7481729 	0.0136745 	-157.6578398	125.0819677	-0.4225152	-0.0251243	3.1423041 	3854169031.7829533	5.5007097 	0.0123998 	0.0000000 
-0.3378969	-0.0640686	0.0216486 	-0.0000538	0.0000000 	-48.1545131	186.2720811	0.0077132 	0.0000000 	785.1811224	0.0200343 	0.0048098 	-0.0193254	3.0872547 	0.1668555 	-0.0506569	8.7765504 	0.0152568 	-158.1855837	125.0776330	-0.4238661	-0.0251366	3.7765846 	3854169091.7887020	5.5173786 	0.0116616 	0.0000000 
-0.3756725	-0.0706929	0.0265574 	0.1400166 	0.0000000 	-47.4521499	186.2620843	0.0038068 	0.0000000 	785.2333937	0.0233646 	0.0040268 	-0.0196814	3.0231377 	0.1770312 	-0.0059790	8.7538755 	0.0142968 	-157.8826269	125.1317172	-0.4230226	-0.0251613	3.1619840 	3854169151.7963719	5.5340481 	0.0082958 	0.0000000 
-0.3261092	-0.0548488	0.0178867 	-0.0385354	0.0000000 	-43.1146173	186.3105933	0.0110145 	0.0000000 	785.2752009	0.0238266 	0.0045631 	-0.0227417	3.1039781 	0.1757140 	-0.0675315	8.7258249 	0.0165725 	-158.5164536	125.1165568	-0.4247627	-0.0251972	3.5833206 	3854169211.8037791	5.5507175 	0.0086631 	0.0000000 
-0.3338132	-0.0575502	0.0192110 	0.0089214 	0.0000000 	-43.5043267	186.2656250	0.0368620 	0.0000000 	785.1901236	0.0245656 	0.0042863 	-0.0244311	3.0143088 	0.1746445 	-0.0470759	8.7525309 	0.0151214 	-157.9708857	125.0600024	-0.4235825	-0.0251778	3.3655899 	3854169271.8101912	5.5673864 	0.0103120 	0.0000000 
-0.3320421	-0.0635252	0.0210930 	0.0536950 	0.0000000 	-71.6680833	186.2992570	0.0403122 	0.0000000 	785.2379563	0.0213483 	0.0035126 	-0.0288491	3.0842496 	0.1329937 	-0.0811170	8.7571031 	0.0147308 	-158.4446703	125.1206616	-0.4245919	-0.0251066	2.7582425 	3854169331.8143539	5.5840550 	0.0134948 	0.0000000 
-0.3245328	-0.0612876	0.0198898 	-0.0366468	0.0000000 	-30.0805098	186.2896822	0.0408702 	0.0000000 	785.1957772	0.0253522 	0.0046902 	-0.0353213	3.0719296 	0.1797937 	-0.0045422	8.7530439 	0.0155113 	-159.2098042	125.1362424	-0.4266857	-0.0251059	3.6827625 	3854169391.8215079	5.6007242 	0.0123188 	0.0000000 
-0.3321534	-0.0559599	0.0185873 	-0.0591878	0.0000000 	-50.9226858	186.2637603	0.0841443 	0.0000000 	785.2432628	0.0243991 	0.0041552 	-0.0235245	3.0760111 	0.1606292 	-0.0587118	8.7336557 	0.0169070 	-158.4862739	125.1023497	-0.4248549	-0.0251213	3.2628774 	3854169451.8274698	5.6173931 	0.0109064 	0.0000000 
-0.3415327	-0.0597414	0.0204036 	0.0244692 	0.0000000 	-53.3596082	186.3009862	0.0506669 	0.0000000 	785.2157633	0.0223666 	0.0046522 	-0.0286147	3.0162308 	0.1545533 	-0.0488929	8.7656555 	0.0187328 	-159.1387496	125.0281357	-0.4268282	-0.0252624	3.6529489 	3854169511.8308868	5.6340614 	0.0109597 	0.0000000 
-0.3117315	-0.0608282	0.0189621 	0.0471038 	0.0000000 	-51.4912902	186.2841344	0.1137916 	0.0000000 	785.1896773	0.0212869 	0.0048873 	-0.0343859	3.0444220 	0.1594898 	-0.0401041	8.7471835 	0.0150627 	-159.7674160	125.0688442	-0.4282831	-0.0251116	3.8374816 	3854169571.8334618	5.6507294 	0.0094963 	0.0000000 
-0.2935395	-0.0754972	0.0221614 	-0.0860482	0.0000000 	-52.4972408	186.2687800	0.0069573 	0.0000000 	785.2445770	0.0229311 	0.0033191 	-0.0210037	3.0584998 	0.1645534 	-0.0697420	8.7134050 	0.0162480 	-159.2073385	125.0729870	-0.4267598	-0.0252045	2.6062894 	3854169631.8393059	5.6673983 	0.0132685 	0.0000000 
-0.2883980	-0.0544247	0.0156960 	0.0980946 	0.0000000 	-53.1600906	186.2929787	-0.0021872	0.0000000 	785.2100105	0.0244735 	0.0044994 	-0.0315534	3.0317646 	0.1650918 	-0.0439857	8.7489283 	0.0147135 	-158.2659110	125.0361518	-0.4243201	-0.0252397	3.5329461 	3854169691.8463812	5.6840675 	0.0136568 	0.0000000 
-0.2725368	-0.0577976	0.0157520 	-0.0733239	0.0000000 	-43.0072993	186.2603646	-0.0001590	0.0000000 	785.2267482	0.0235573 	0.0039914 	-0.0272968	3.0701895 	0.1783228 	-0.0391094	8.7287706 	0.0165533 	-160.3632244	125.0257071	-0.4300378	-0.0251061	3.1341361 	3854169751.8539753	5.7007369 	0.0103706 	0.0000000 
-0.3132567	-0.0561896	0.0176018 	-0.1036716	0.0000000 	-41.8124085	186.2791675	0.0342514 	0.0000000 	785.1588303	0.0237051 	0.0056845 	-0.0275356	3.0479020 	0.1765949 	-0.0768951	8.7285817 	0.0138479 	-157.1004798	124.9736468	-0.4214987	-0.0252543	4.4632520 	3854169811.8577738	5.7174053 	0.0086670 	0.0000000 
-0.3081569	-0.0541817	0.0166965 	-0.0084121	0.0000000 	-48.5648796	186.2921621	0.0562716 	0.0000000 	785.2352579	0.0226091 	0.0044737 	-0.0339835	3.0867686 	0.1536594 	-0.0597021	8.7345577 	0.0143538 	-157.6565040	124.9671193	-0.4229774	-0.0251668	3.5128892 	3854169871.8619590	5.7340736 	0.0092462 	0.0000000 
-0.3006706	-0.0644639	0.0193824 	-0.0489504	0.0000000 	-51.6047691	186.2828454	0.0306626 	0.0000000 	785.1743530	0.0225250 	0.0042451 	-0.0262465	3.0768478 	0.1667350 	-0.0324073	8.7527479 	0.0143251 	-156.8749803	124.9490990	-0.4209326	-0.0252442	3.3331825 	3854169931.8650079	5.7507419 	0.0113631 	0.0000000 
-0.3090813	-0.0568302	0.0175651 	0.0488614 	0.0000000 	-51.1127988	186.2784171	0.0446861 	0.0000000 	785.2287568	0.0215205 	0.0048027 	-0.0205217	3.0045744 	0.1690958 	-0.0488178	8.7589466 	0.0140765 	-157.5240346	125.0048614	-0.4224939	-0.0251846	3.7712495 	3854169991.8725181	5.7674114 	0.0101468 	0.0000000 
-0.3058728	-0.0649101	0.0198542 	-0.0471834	0.0000000 	-51.4139444	186.2930412	-0.0009809	0.0000000 	785.2151930	0.0253076 	0.0048249 	-0.0284068	3.0401895 	0.1659880 	-0.0445295	8.7254443 	0.0145961 	-157.7014136	124.9979892	-0.4228806	-0.0252311	3.7885723 	3854170051.8793230	5.7840806 	0.0096484 	0.0000000 
-0.2865369	-0.0471598	0.0135130 	-0.0302893	0.0000000 	-46.1504863	186.2617738	-0.0021570	0.0000000 	785.1360670	0.0230487 	0.0037110 	-0.0236483	3.0989444 	0.1702580 	-0.0796537	8.7618782 	0.0158456 	-160.6098211	125.0272799	-0.4306231	-0.0251503	2.9136649 	3854170111.8824029	5.8007486 	0.0127120 	0.0000000 
-0.2811807	-0.0585045	0.0164503 	0.0352022 	0.0000000 	-46.0378650	186.2835036	-0.0023238	0.0000000 	785.1857098	0.0220644 	0.0040680 	-0.0312858	3.0505143 	0.1737563 	-0.0383932	8.7302449 	0.0159964 	-156.9995283	124.9827598	-0.4210731	-0.0251136	3.1941323 	3854170171.8903089	5.8174181 	0.0121184 	0.0000000 
-0.2876124	-0.0437736	0.0125898 	-0.1022785	0.0000000 	-42.8384017	186.3008172	0.0032978 	0.0000000 	785.1822383	0.0253401 	0.0036096 	-0.0238540	3.0458091 	0.1627691 	-0.0865504	8.7089089 	0.0144691 	-157.2518019	125.0629282	-0.4215687	-0.0251133	2.8342028 	3854170231.8997183	5.8340881 	0.0086847 	0.0000000 
-0.2817770	-0.0492229	0.0138699 	-0.0803919	0.0000000 	-58.6551010	186.2886297	0.0121803 	0.0000000 	785.2413783	0.0254422 	0.0045769 	-0.0226820	2.9956767 	0.1479598 	-0.0771736	8.7282999 	0.0147697 	-158.5535774	124.9817251	-0.4252758	-0.0251558	3.5939471 	3854170291.9067802	5.8507572 	0.0106997 	0.0000000 
-0.2411904	-0.0906654	0.0218676 	-0.0229315	0.0000000 	-72.6886441	186.2915301	0.0002434 	0.0000000 	785.2830118	0.0227566 	0.0035684 	-0.0179523	3.0653600 	0.1360670 	-0.0473014	8.7233415 	0.0157580 	-159.4659786	124.8417097	-0.4281086	-0.0252192	2.8022222 	3854170351.9122429	5.8674261 	0.0090344 	0.0000000 
-0.2347863	-0.0901706	0.0211708 	0.0163541 	0.0000000 	-47.5766892	186.2885591	0.0023309 	0.0000000 	785.2542973	0.0231384 	0.0040667 	-0.0307618	3.0428950 	0.1641857 	-0.0754052	8.7600431 	0.0161763 	-156.4896313	124.6088586	-0.4208674	-0.0252601	3.1933680 	3854170411.9201908	5.8840956 	0.0135165 	0.0000000 
-0.2594212	-0.0786448	0.0204021 	0.0334913 	0.0000000 	-49.2415607	186.2613245	0.0199687 	0.0000000 	785.3010223	0.0233396 	0.0034754 	-0.0272681	3.0593032 	0.1701895 	-0.0509044	8.7490834 	0.0153139 	-158.6566018	124.7678473	-0.4263392	-0.0252855	2.7292491 	3854170471.9275751	5.9007647 	0.0091312 	0.0000000 
-0.2256705	-0.0545506	0.0123105 	0.0098470 	0.0000000 	-41.4643871	186.2868852	0.0127873 	0.0000000 	785.2450730	0.0238680 	0.0037261 	-0.0265450	3.0813821 	0.1771624 	-0.0425268	8.7382787 	0.0157004 	-155.7303540	124.5117745	-0.4193231	-0.0251851	2.9258937 	3854170531.9323139	5.9174333 	0.0102526 	0.0000000 
-0.2295902	-0.0561145	0.0128833 	-0.0058036	0.0000000 	-55.9219564	186.2863372	0.0108185 	0.0000000 	785.2160609	0.0232788 	0.0039449 	-0.0219214	3.1496605 	0.1567484 	-0.0556879	8.7421067 	0.0152082 	-159.1769347	124.6270528	-0.4281505	-0.0251402	3.0975787 	3854170591.9366951	5.9341019 	0.0093899 	0.0000000 
-0.2287597	-0.0487303	0.0111475 	0.0035550 	0.0000000 	-34.9757034	186.2384335	0.0357291 	0.0000000 	785.1956781	0.0250136 	0.0034294 	-0.0166300	3.0710950 	0.1853294 	-0.0415276	8.7406775 	0.0151464 	-157.8879901	124.5702667	-0.4248816	-0.0251884	2.6927169 	3854170651.9415879	5.9507706 	0.0142522 	0.0000000 
-0.2602246	-0.0587739	0.0152944 	-0.1164894	0.0000000 	-50.7127100	186.2773815	0.0492475 	0.0000000 	785.2222361	0.0231399 	0.0043275 	-0.0192923	3.0743465 	0.1667812 	0.0117268 	8.7671241 	0.0175787 	-158.7985767	124.5651550	-0.4272518	-0.0252502	3.3980695 	3854170711.9433022	5.9674383 	0.0117548 	0.0000000 
-0.2086196	-0.0606559	0.0126540 	0.0914847 	0.0000000 	-38.1367795	186.2705405	0.1753717 	0.0000000 	785.1892805	0.0254886 	0.0042708 	-0.0291874	3.0640794 	0.1833229 	-0.0547816	8.7186058 	0.0164424 	-160.3960623	124.5410140	-0.4317020	-0.0252208	3.3534152 	3854170771.9460311	5.9841064 	0.0104851 	0.0000000 
-0.1754889	-0.0572432	0.0100455 	-0.0022229	0.0000000 	-43.0636642	186.2787378	0.0038642 	0.0000000 	785.2042848	0.0226045 	0.0048430 	-0.0276396	3.0464860 	0.1689610 	-0.0501264	8.7416810 	0.0148936 	-157.1727460	124.4187957	-0.4234254	-0.0252607	3.8027776 	3854170831.9459801	6.0007736 	0.0098434 	0.0000000 
-0.1437744	-0.0670240	0.0096363 	0.0159895 	0.0000000 	-46.2016933	186.2645521	0.0749413 	0.0000000 	785.1946862	0.0221801 	0.0027238 	-0.0285373	3.0066740 	0.1678229 	-0.0584244	8.7340081 	0.0160903 	-157.3179534	124.2728348	-0.4242585	-0.0253232	2.1387480 	3854170891.9470019	6.0174411 	0.0084373 	0.0000000 
-0.1239690	-0.0554231	0.0068708 	-0.1096831	0.0000000 	-47.2724647	186.2761646	0.1521292 	0.0000000 	785.2239051	0.0223445 	0.0038200 	-0.0240707	3.0769410 	0.1607770 	-0.0614307	8.7308932 	0.0155601 	-157.0714380	124.1960012	-0.4238905	-0.0252560	2.9995405 	3854170951.9473801	6.0341086 	0.0113180 	0.0000000 
-0.0864198	-0.0595051	0.0051424 	0.0486371 	0.0000000 	-27.8684749	186.2688852	0.0202005 	0.0000000 	785.1984057	0.0234778 	0.0040184 	-0.0218573	3.0644767 	0.1884940 	-0.0771161	8.7440855 	0.0158253 	-158.7341778	124.1944575	-0.4283660	-0.0252799	3.1552358 	3854171011.9536700	6.0507775 	0.0112508 	0.0000000 
-0.0763336	-0.0618928	0.0047245 	0.0303780 	0.0000000 	-32.6901064	186.2970159	0.0093313 	0.0000000 	785.1939671	0.0243287 	0.0047088 	-0.0415480	3.0609878 	0.1859909 	-0.0500733	8.7460531 	0.0162508 	-161.7229094	124.1302854	-0.4367119	-0.0252511	3.6973595 	3854171071.9556560	6.0674456 	0.0094572 	0.0000000 
-0.0386532	-0.0557191	0.0021537 	-0.1383199	0.0000000 	-66.0129329	186.2757402	0.0955412 	0.0000000 	785.1707574	0.0228644 	0.0049666 	-0.0322278	3.1053452 	0.1422731 	-0.0770719	8.7566323 	0.0153321 	-158.5329726	124.1294853	-0.4281026	-0.0252762	3.8996344 	3854171131.9614310	6.0841144 	0.0085106 	0.0000000 
-0.0242907	-0.0496425	0.0012059 	-0.0837483	0.0000000 	-44.5151142	186.2707460	0.0623230 	0.0000000 	785.1791139	0.0243236 	0.0033200 	-0.0282808	3.0755383 	0.1740703 	-0.0442598	8.7527338 	0.0156021 	-158.2397463	124.0528063	-0.4276132	-0.0252376	2.6067676 	3854171191.9673171	6.1007833 	0.0098518 	0.0000000 
0.0395745 	-0.0596553	-0.0023608	-0.1210331	0.0000000 	-48.2679955	186.2841599	0.0210619 	0.0000000 	785.2333689	0.0223802 	0.0042336 	-0.0357547	3.0690487 	0.1719644 	-0.0284727	8.7740501 	0.0162171 	-159.0056047	124.0490217	-0.4296377	-0.0252575	3.3243910 	3854171251.9732742	6.1174522 	0.0111815 	0.0000000 
0.1110594 	-0.0500026	-0.0055533	-0.0244834	0.0000000 	-37.7537590	186.2826067	-0.0014785	0.0000000 	785.2429404	0.0244372 	0.0047230 	-0.0275025	3.0932760 	0.1775995 	-0.0554624	8.7365535 	0.0161762 	-160.8641786	124.1158880	-0.4344879	-0.0252762	3.7087188 	3854171311.9806600	6.1341217 	0.0094603 	0.0000000 
0.1329503 	-0.0390290	-0.0051889	0.0770962 	0.0000000 	-45.9736987	186.2571904	0.0893051 	0.0000000 	785.2354023	0.0234388 	0.0046823 	-0.0243095	3.0281314 	0.1738387 	-0.0451174	8.7333625 	0.0161128 	-158.5496935	124.0571036	-0.4283315	-0.0252569	3.6766885 	3854171371.9878120	6.1507908 	0.0106069 	0.0000000 
0.2314413 	-0.0463933	-0.0107373	0.0370627 	0.0000000 	-53.7416355	186.2932808	0.0663039 	0.0000000 	785.2300710	0.0230945 	0.0058059 	-0.0316440	3.0666629 	0.1589743 	-0.0631106	8.7298559 	0.0164684 	-158.4198196	124.0353600	-0.4282002	-0.0253206	4.5589447 	3854171431.9943771	6.1674600 	0.0110158 	0.0000000 
0.3172016 	-0.0637019	-0.0202063	-0.0700049	0.0000000 	-56.5512620	186.2883471	-0.0024577	0.0000000 	785.2252852	0.0227785 	0.0034741 	-0.0249375	3.0818282 	0.1617574 	-0.0704140	8.7735399 	0.0163655 	-162.6868697	123.9236090	-0.4399855	-0.0253885	2.7279426 	3854171492.0017652	6.1841292 	0.0126816 	0.0000000 
0.4744838 	-0.0660278	-0.0313291	-0.1861694	0.0000000 	-34.4580744	186.2871075	-0.0028337	0.0000000 	785.2601741	0.0225747 	0.0045428 	-0.0274892	3.0269573 	0.1869838 	-0.0553165	8.7281730 	0.0154593 	-157.9928370	123.9804594	-0.4271095	-0.0252922	3.5672542 	3854171552.0069208	6.2007981 	0.0092913 	0.0000000 
0.5574681 	-0.0610778	-0.0340489	-0.1209116	0.0000000 	-35.7913707	186.2647674	0.0556288 	0.0000000 	785.2696464	0.0232831 	0.0045304 	-0.0310890	3.0555901 	0.1842101 	-0.0435436	8.7444407 	0.0161870 	-160.0579121	124.0175047	-0.4326665	-0.0251864	3.5575593 	3854171612.0103302	6.2174661 	0.0131426 	0.0000000 
0.7381701 	-0.0576099	-0.0425259	0.0452246 	0.0000000 	-46.9043529	186.2845124	0.0274093 	0.0000000 	785.2465112	0.0229374 	0.0049608 	-0.0381826	3.0764683 	0.1720531 	-0.0319254	8.7579825 	0.0151739 	-159.3554090	124.0138703	-0.4306788	-0.0252633	3.8954896 	3854171672.0141702	6.2341344 	0.0104328 	0.0000000 
0.9249974 	-0.0369924	-0.0342179	-0.0682286	0.0000000 	-69.2335931	186.2842287	0.0354803 	0.0000000 	785.2865577	0.0230174 	0.0049130 	-0.0225405	3.0477311 	0.1448901 	-0.0503562	8.7009117 	0.0168198 	-159.5144565	124.0413234	-0.4310154	-0.0253094	3.8581269 	3854171732.0185251	6.2508031 	0.0087846 	0.0000000 
1.1747093 	-0.0818498	-0.0961498	-0.0279987	0.0000000 	-37.7056231	186.2651419	-0.0033492	0.0000000 	785.2352039	0.0232238 	0.0049830 	-0.0334329	3.0768101 	0.1760114 	-0.0654051	8.7151160 	0.0159725 	-159.8173344	123.9987233	-0.4320228	-0.0253077	3.9128219 	3854171792.0246921	6.2674719 	0.0086610 	0.0000000 
1.5250518 	-0.0613450	-0.0935544	-0.0049902	0.0000000 	-63.5490440	186.3119925	0.0069234 	0.0000000 	785.1963228	0.0241128 	0.0048045 	-0.0197035	3.0523120 	0.1442438 	-0.0636146	8.7664251 	0.0166627 	-159.2250392	123.9702966	-0.4304397	-0.0252602	3.7724847 	3854171852.0299001	6.2841408 	0.0114371 	0.0000000 
1.7092482 	-0.0482532	-0.0824767	0.0263110 	0.0000000 	-49.1351309	186.2786408	-0.0012815	0.0000000 	785.2448002	0.0217317 	0.0046274 	-0.0244156	3.0902043 	0.1599744 	-0.0770852	8.7501771 	0.0153338 	-160.0290949	123.9918805	-0.4325321	-0.0252611	3.6336088 	3854171912.0384607	6.3008106 	0.0093744 	0.0000000 
1.8423602 	-0.0908443	-0.1673679	-0.0529145	0.0000000 	-50.9181495	186.2950955	-0.0025312	0.0000000 	785.2762175	0.0222054 	0.0040290 	-0.0197146	3.1077444 	0.1504934 	-0.0655731	8.7476570 	0.0153654 	-159.4306054	123.9627731	-0.4309912	-0.0252105	3.1638953 	3854171972.0463591	6.3174800 	0.0120030 	0.0000000 
1.8985574 	-0.0491853	-0.0933811	-0.0253062	0.0000000 	-44.1321697	186.2730294	0.0005742 	0.0000000 	785.2512721	0.0234178 	0.0051792 	-0.0276484	3.0711283 	0.1687921 	-0.0294497	8.7156431 	0.0160787 	-159.1191421	123.9924918	-0.4301049	-0.0252622	4.0669663 	3854172032.0548739	6.3341497 	0.0088403 	0.0000000 
1.9596792 	-0.0350266	-0.0686408	0.0319019 	0.0000000 	-46.5945898	186.2915281	-0.0015049	0.0000000 	785.2406592	0.0223750 	0.0048798 	-0.0217622	3.0481928 	0.1669724 	-0.0611345	8.7329482 	0.0146979 	-157.4794402	123.9665495	-0.4257380	-0.0252622	3.8318186 	3854172092.0599709	6.3508183 	0.0119853 	0.0000000 
2.4220915 	-0.0562161	-0.1361605	-0.0678920	0.0000000 	-58.5980028	186.2697842	0.1015568 	0.0000000 	785.2527847	0.0212938 	0.0041818 	-0.0275600	3.0943147 	0.1554621 	-0.0745785	8.7097883 	0.0165266 	-159.3246037	123.9253927	-0.4309861	-0.0252708	3.2837835 	3854172152.0673332	6.3674875 	0.0093222 	0.0000000 
2.9751026 	-0.0620342	-0.1845581	0.0484033 	0.0000000 	-44.1154252	186.2887628	0.0246215 	0.0000000 	785.2720517	0.0215196 	0.0028766 	-0.0371345	3.0832775 	0.1702083 	-0.0344232	8.7491200 	0.0147250 	-165.1360053	123.9067329	-0.4467074	-0.0253941	2.2589443 	3854172212.0734611	6.3841567 	0.0103973 	0.0000000 
3.4891226 	-0.0466120	-0.1626350	-0.0993522	0.0000000 	-54.3432134	186.2725175	-0.0025104	0.0000000 	785.1940911	0.0234085 	0.0034573 	-0.0256008	3.0797442 	0.1633939 	-0.0521113	8.7395020 	0.0155140 	-158.1328559	123.8764325	-0.4278123	-0.0252090	2.7146197 	3854172272.0782022	6.4008253 	0.0092821 	0.0000000 
4.0463607 	-0.0608083	-0.2460523	-0.0096181	0.0000000 	-62.2369079	186.2867749	-0.0014634	0.0000000 	785.2703903	0.0221556 	0.0047872 	-0.0286523	3.0519103 	0.1451919 	-0.0570628	8.7580643 	0.0158293 	-159.4073446	123.8224224	-0.4313452	-0.0252590	3.7592770 	3854172332.0858111	6.4174947 	0.0101335 	0.0000000 
4.5381610 	-0.0585928	-0.2659036	0.0080613 	0.0000000 	-48.0846543	186.2909823	-0.0025708	0.0000000 	785.2216897	0.0216091 	0.0045282 	-0.0349653	3.1353741 	0.1622420 	-0.0618949	8.7200744 	0.0152229 	-160.2125789	123.9405310	-0.4332732	-0.0251556	3.5556032 	3854172392.0911980	6.4341633 	0.0132289 	0.0000000 
5.1450033 	-0.0680688	-0.3502142	0.0152322 	0.0000000 	-51.8093615	186.2922320	-0.0026707	0.0000000 	785.2466847	0.0231909 	0.0044949 	-0.0275776	3.0834018 	0.1590433 	-0.0524076	8.7298812 	0.0148583 	-159.4616213	123.9386087	-0.4311790	-0.0251828	3.5296334 	3854172452.0994830	6.4508331 	0.0132479 	0.0000000 
5.9151146 	-0.0582416	-0.3445058	0.0011242 	0.0000000 	-43.6677205	186.2917119	-0.0021768	0.0000000 	785.2170542	0.0221695 	0.0044334 	-0.0312593	3.0682076 	0.1687845 	-0.0359529	8.7433413 	0.0144303 	-160.9347631	123.9408124	-0.4351745	-0.0253141	3.4811616 	3854172512.1043391	6.4675017 	0.0088930 	0.0000000 
6.8706113 	-0.0588159	-0.4041013	-0.0839073	0.0000000 	-34.1252507	186.2873518	-0.0029063	0.0000000 	785.2712334	0.0226205 	0.0045680 	-0.0239225	3.0490783 	0.1748370 	-0.0383269	8.7423773 	0.0152633 	-156.9653478	123.9476597	-0.4243892	-0.0252764	3.5871281 	3854172572.1104259	6.4841706 	0.0086681 	0.0000000 
9.2243724 	-0.0655883	-0.6050105	0.0022741 	0.0000000 	-50.0214745	186.2864191	-0.0023106	0.0000000 	785.1659221	0.0235458 	0.0048253 	-0.0279248	3.0467945 	0.1705540 	-0.0352632	8.7916680 	0.0162458 	-158.3031156	123.9672201	-0.4280210	-0.0252915	3.7886823 	3854172632.1160650	6.5008394 	0.0095216 	0.0000000 
11.5473058	-0.0474558	-0.5479864	0.0092019 	0.0000000 	-47.8024763	186.3068158	-0.0030891	0.0000000 	785.1959012	0.0218320 	0.0035569 	-0.0301780	3.0812822 	0.1615352 	-0.0558470	8.7568099 	0.0146125 	-158.5761762	123.8447112	-0.4292096	-0.0252214	2.7928698 	3854172692.1222920	6.5175083 	0.0090651 	0.0000000 
13.2541283	-0.0573095	-0.7595871	-0.1407040	0.0000000 	-55.8546734	186.2999105	-0.0024454	0.0000000 	785.2526855	0.0225853 	0.0039962 	-0.0228059	3.1372961 	0.1618031 	-0.0418813	8.7633920 	0.0166180 	-159.9076912	123.9458300	-0.4325392	-0.0251572	3.1380651 	3854172752.1261368	6.5341769 	0.0133734 	0.0000000 
14.5315750	-0.0602274	-0.8751985	-0.0503341	0.0000000 	-46.1600186	186.2784783	-0.0028167	0.0000000 	785.2743330	0.0225789 	0.0028983 	-0.0248557	3.0691686 	0.1686918 	-0.0459044	8.7253626 	0.0138309 	-159.5670908	123.8517545	-0.4318165	-0.0252372	2.2759923 	3854172812.1326919	6.5508458 	0.0093767 	0.0000000 
15.7761941	-0.0543562	-0.8575346	-0.0094124	0.0000000 	-54.4237201	186.2846357	-0.0025104	0.0000000 	785.2763911	0.0233721 	0.0041211 	-0.0273941	3.0353556 	0.1586630 	-0.0774388	8.7309327 	0.0140997 	-159.8547889	123.8428841	-0.4326773	-0.0252053	3.2362355 	3854172872.1366940	6.5675142 	0.0137774 	0.0000000 
17.5225576	-0.0599314	-1.0501511	0.0835378 	0.0000000 	-42.4998790	186.2589800	-0.0029270	0.0000000 	785.2409319	0.0225099 	0.0047195 	-0.0318696	3.0796443 	0.1719142 	-0.0353074	8.7505379 	0.0150248 	-158.2754078	123.9229803	-0.4281715	-0.0252347	3.7059271 	3854172932.1445198	6.5841839 	0.0114647 	0.0000000 
19.8736871	-0.0544137	-1.0814002	0.0672608 	0.0000000 	-28.1447929	186.3058511	0.0322647 	0.0000000 	785.2357246	0.0228418 	0.0032943 	-0.0318121	3.0388778 	0.1897843 	-0.0879739	8.7596739 	0.0154519 	-158.2641671	123.9585461	-0.4279344	-0.0252874	2.5867850 	3854172992.1520061	6.6008531 	0.0106570 	0.0000000 
22.7599937	-0.0563928	-1.2834998	-0.0301584	0.0000000 	-43.1843841	186.2853255	0.0016420 	0.0000000 	785.2601245	0.0234096 	0.0040361 	-0.0191751	3.0704780 	0.1768681 	-0.0479645	8.7024283 	0.0145580 	-158.0506122	123.8462340	-0.4276848	-0.0252442	3.1693950 	3854173052.1578851	6.6175219 	0.0108358 	0.0000000 
25.7151141	-0.0503162	-1.2938880	-0.0472302	0.0000000 	-38.6281196	186.2870555	0.0394301 	0.0000000 	785.1971005	0.0228489 	0.0039046 	-0.0210347	3.0781906 	0.1719666 	-0.0594855	8.7492722 	0.0141522 	-159.8222168	123.7470285	-0.4329564	-0.0253290	3.0658586 	3854173112.1640482	6.6341911 	0.0113157 	0.0000000 
28.3493695	-0.0700612	-1.9861903	-0.0838792	0.0000000 	-47.6596822	186.2927110	0.1166595 	0.0000000 	785.2734155	0.0224942 	0.0046615 	-0.0269320	3.0803767 	0.1661143 	-0.0512625	8.7415260 	0.0158444 	-158.1769762	123.7991737	-0.4282193	-0.0253288	3.6605206 	3854173172.1706448	6.6508603 	0.0091077 	0.0000000 
30.4567496	-0.0801733	-2.4418184	-0.1056536	0.0000000 	-47.9471073	186.3080698	0.1027424 	0.0000000 	785.2582169	0.0227696 	0.0057262 	-0.0144741	3.0180485 	0.1728091 	-0.0673149	8.7599248 	0.0150167 	-158.4342737	123.7914667	-0.4288780	-0.0252747	4.4965081 	3854173232.1747131	6.6675286 	0.0087860 	0.0000000 
32.2166094	-0.0507934	-1.6363898	-0.0354781	0.0000000 	-51.4714792	186.2733835	0.0772645 	0.0000000 	785.1928264	0.0220671 	0.0038474 	-0.0257025	3.0764550 	0.1715550 	-0.0478761	8.7684124 	0.0142212 	-161.4598363	123.7201435	-0.4372558	-0.0252259	3.0209822 	3854173292.1797099	6.6841972 	0.0103315 	0.0000000 
33.8099805	-0.0702003	-2.3734721	-0.0461737	0.0000000 	-47.3368756	186.2891192	0.0519175 	0.0000000 	785.2145979	0.0228508 	0.0032912 	-0.0258728	3.0765970 	0.1687908 	-0.0441183	8.7164070 	0.0168142 	-158.2031780	123.7598085	-0.4283480	-0.0252533	2.5842811 	3854173352.1860533	6.7008664 	0.0139436 	0.0000000 
35.2025409	-0.0611065	-2.1511038	-0.0468188	0.0000000 	-32.1426036	186.2702190	0.0118024 	0.0000000 	785.2968483	0.0213882 	0.0053679 	-0.0304522	3.0999809 	0.1965642 	-0.0605421	8.7020703 	0.0155431 	-158.3879967	123.7807880	-0.4288731	-0.0252608	4.2153630 	3854173412.1888819	6.7175344 	0.0096964 	0.0000000 
36.3860727	-0.0578241	-2.1039932	0.0005071 	0.0000000 	-44.9608980	186.3053037	0.0149483 	0.0000000 	785.2489660	0.0223076 	0.0037513 	-0.0259237	3.0366251 	0.1652727 	-0.0715236	8.7676907 	0.0161829 	-159.3532141	123.7667378	-0.4314896	-0.0252512	2.9457313 	3854173472.1961250	6.7342036 	0.0111906 	0.0000000 
37.4027829	-0.0481140	-1.7995983	-0.1246793	0.0000000 	-51.9708413	186.2698550	0.0033544 	0.0000000 	785.2349116	0.0219145 	0.0052425 	-0.0232393	3.0759179 	0.1617054 	-0.0781506	8.7421602 	0.0155063 	-158.8002954	123.8286648	-0.4300358	-0.0252359	4.1166123 	3854173532.2005100	6.7508722 	0.0101898 	0.0000000 
38.4239228	-0.0585508	-2.2497533	-0.1738003	0.0000000 	-80.8604145	186.2797588	-0.0015586	0.0000000 	785.2127629	0.0211971 	0.0036185 	-0.0255566	3.1139034 	0.1176563 	-0.0603917	8.7580389 	0.0143556 	-158.2370595	123.8400748	-0.4284752	-0.0252553	2.8412681 	3854173592.2091870	6.7675419 	0.0092000 	0.0000000 
39.5820090	-0.0587298	-2.3246421	0.0231604 	0.0000000 	-49.9634785	186.2483536	-0.0022107	0.0000000 	785.2423701	0.0236907 	0.0046340 	-0.0298331	3.1147024 	0.1688579 	-0.0414304	8.6940083 	0.0153748 	-156.9843514	123.6951560	-0.4254003	-0.0253058	3.6388141 	3854173652.2130003	6.7842103 	0.0104017 	0.0000000 
40.4931791	-0.0588071	-2.3812855	-0.0565420	0.0000000 	-35.2568613	186.2785714	0.0109071 	0.0000000 	785.2707092	0.0214587 	0.0039484 	-0.0302311	3.0888305 	0.1840431 	-0.0443438	8.7255064 	0.0153931 	-160.3445919	123.8089389	-0.4342409	-0.0252042	3.1005765 	3854173712.2172518	6.8008786 	0.0122488 	0.0000000 
41.2776308	-0.0541486	-2.2351262	0.0889697 	0.0000000 	-40.9865410	186.2665167	0.0398750 	0.0000000 	785.1739314	0.0228987 	0.0042133 	-0.0328602	3.0588150 	0.1734173 	-0.1010599	8.7382448 	0.0149896 	-159.9458748	123.8021392	-0.4331098	-0.0252608	3.3081433 	3854173772.2211800	6.8175469 	0.0077017 	0.0000000 
41.9799155	-0.0459074	-1.9271878	-0.0187056	0.0000000 	-30.8633547	186.2778575	0.0623465 	0.0000000 	785.3131893	0.0226295 	0.0037677 	-0.0354053	3.0717964 	0.1862497 	-0.0746094	8.7390313 	0.0144803 	-160.0323757	123.7534345	-0.4334760	-0.0252514	2.9588409 	3854173832.2281637	6.8342164 	0.0091548 	0.0000000 
42.2639950	-0.0471532	-1.9928813	-0.0355903	0.0000000 	-63.4186286	186.3227154	0.0815431 	0.0000000 	785.2469575	0.0235970 	0.0048346 	-0.0271929	3.0561916 	0.1517859 	-0.0549452	8.7728634 	0.0153810 	-159.9838812	123.7220428	-0.4333571	-0.0252868	3.7963765 	3854173892.2352791	6.8508856 	0.0107820 	0.0000000 
42.3774636	-0.0567705	-2.4057904	-0.0107026	0.0000000 	-45.5613623	186.2790375	0.1345602 	0.0000000 	785.2410807	0.0228525 	0.0035007 	-0.0284975	3.0731924 	0.1619988 	-0.0741895	8.7488945 	0.0156121 	-159.9928530	123.7942969	-0.4333242	-0.0251922	2.7488637 	3854173952.2424011	6.8675547 	0.0121129 	0.0000000 
42.5944571	-0.0574265	-2.4460524	0.0402882 	0.0000000 	-48.9764606	186.2542745	0.2133606 	0.0000000 	785.2291287	0.0224282 	0.0039444 	-0.0311333	3.0783792 	0.1592694 	-0.0375090	8.7054867 	0.0159467 	-163.9198246	123.7689022	-0.4439606	-0.0252056	3.0972825 	3854174012.2482781	6.8842236 	0.0098114 	0.0000000 
42.8619434	-0.0516747	-2.2148777	-0.1377215	0.0000000 	-37.2596355	186.2983789	0.0115753 	0.0000000 	785.2657038	0.0235864 	0.0046225 	-0.0318077	3.0879272 	0.1820930 	-0.0511962	8.7546225 	0.0140309 	-159.0033672	123.7355815	-0.4307350	-0.0252726	3.6298799 	3854174072.2543650	6.9008928 	0.0098458 	0.0000000 
42.9804671	-0.0301494	-1.2958362	0.0088373 	0.0000000 	-45.1853399	186.2903041	0.1745725 	0.0000000 	785.2126638	0.0239161 	0.0048621 	-0.0144320	3.1255265 	0.1678332 	-0.0432828	8.7605393 	0.0166193 	-160.8317326	123.5848083	-0.4361363	-0.0253957	3.8177717 	3854174132.2605500	6.9175617 	0.0086825 	0.0000000 
43.3094498	-0.0401953	-1.7408356	-0.0796066	0.0000000 	-46.1413401	186.2827555	0.1648578 	0.0000000 	785.2075061	0.0230223 	0.0026911 	-0.0292847	3.0741002 	0.1631977 	-0.1112545	8.7617035 	0.0140761 	-164.9836865	123.7122309	-0.4469480	-0.0251809	2.1130490 	3854174192.2683029	6.9342311 	0.0097242 	0.0000000 
44.0005044	-0.0528277	-2.3244460	-0.0826171	0.0000000 	-23.0198225	186.2767130	0.2063423 	0.0000000 	785.2533302	0.0240016 	0.0039413 	-0.0235179	3.0440713 	0.2015643 	-0.0212621	8.7520094 	0.0154997 	-159.3291432	123.6742359	-0.4318465	-0.0252794	3.0949435 	3854174252.2754860	6.9509003 	0.0106252 	0.0000000 
44.5991545	-0.0620033	-2.7652941	0.0723748 	0.0000000 	-62.3144477	186.2595963	0.2011824 	0.0000000 	785.1808745	0.0225186 	0.0039072 	-0.0319249	3.0541741 	0.1426158 	-0.0650205	8.7085142 	0.0142781 	-159.1852212	123.7112942	-0.4313000	-0.0252573	3.0678817 	3854174312.2808380	6.9675692 	0.0084630 	0.0000000 
45.0604569	-0.0662332	-2.9845000	-0.0956686	0.0000000 	-61.6800085	186.3024641	0.2335034 	0.0000000 	785.2005878	0.0246675 	0.0052182 	-0.0315092	3.0747837 	0.1463725 	-0.0496179	8.7807759 	0.0152068 	-160.4567411	123.6049032	-0.4351038	-0.0252644	4.0973060 	3854174372.2881279	6.9842386 	0.0097347 	0.0000000 
45.5372631	-0.0464044	-2.1131279	0.1033863 	0.0000000 	-22.7454539	186.2868668	0.1217185 	0.0000000 	785.1781220	0.0232106 	0.0051026 	-0.0318320	3.0746994 	0.1873757 	-0.0677835	8.7321786 	0.0161575 	-170.9279138	123.5803343	-0.4634186	-0.0253501	4.0064280 	3854174432.2945600	7.0009075 	0.0096630 	0.0000000 
45.9659137	-0.0619591	-2.8480071	-0.1108799	0.0000000 	-48.5189973	186.2593192	0.2123013 	0.0000000 	785.2600253	0.0221691 	0.0041530 	-0.0246279	3.0425133 	0.1724544 	-0.0268369	8.7426423 	0.0158984 	-159.4350138	123.6969981	-0.4319092	-0.0252833	3.2612082 	3854174492.3015327	7.0175767 	0.0095079 	0.0000000 
46.3198265	-0.0576474	-2.6702189	-0.1204628	0.0000000 	-55.1772113	186.2867609	0.0292018 	0.0000000 	785.2480734	0.0233330 	0.0050716 	-0.0191773	3.0648585 	0.1518545 	-0.0338176	8.7503744 	0.0160461 	-159.4706097	123.6622220	-0.4321837	-0.0253149	3.9824407 	3854174552.3079872	7.0342458 	0.0136189 	0.0000000 
46.6612355	-0.0494172	-2.3058696	-0.0867494	0.0000000 	-50.9876725	186.2855716	0.1034879 	0.0000000 	785.2488773	0.0223472 	0.0038306 	-0.0220187	3.0586418 	0.1691903 	-0.0632786	8.7692355 	0.0150257 	-157.5443625	123.5782041	-0.4271968	-0.0252759	3.0079825 	3854174612.3162980	7.0509156 	0.0092027 	0.0000000 
46.9762920	-0.0577822	-2.7143920	-0.0453603	0.0000000 	-42.6263847	186.3161555	0.0199263 	0.0000000 	785.2228304	0.0229420 	0.0042177 	-0.0292073	3.0860451 	0.1769094 	-0.0558205	8.7625068 	0.0145881 	-159.9496225	123.8430481	-0.4329081	-0.0252071	3.3118270 	3854174672.3238101	7.0675847 	0.0135874 	0.0000000 
47.3206157	-0.0529691	-2.5065294	-0.0192946	0.0000000 	-65.9772735	186.2873395	0.1313946 	0.0000000 	785.2102833	0.0223654 	0.0031929 	-0.0303505	3.0489296 	0.1366389 	-0.0550822	8.7804940 	0.0147107 	-159.5995187	123.6943767	-0.4324058	-0.0252017	2.5070649 	3854174732.3308449	7.0842542 	0.0124669 	0.0000000 
47.5810062	-0.0558030	-2.6551646	-0.0389000	0.0000000 	-58.8928585	186.2837767	0.0122341 	0.0000000 	785.2974434	0.0221761 	0.0049839 	-0.0304610	3.0554326 	0.1558114 	-0.0475622	8.7530636 	0.0154260 	-158.3085938	123.7743618	-0.4287358	-0.0253323	3.9138277 	3854174792.3379359	7.1009233 	0.0090363 	0.0000000 
47.7957451	-0.0597105	-2.8539077	-0.0022416	0.0000000 	-56.5552985	186.2619013	0.1353151 	0.0000000 	785.3154706	0.0213921 	0.0040711 	-0.0250613	3.0632050 	0.1508651 	-0.0691275	8.7282097 	0.0165029 	-159.9136454	123.7343976	-0.4331616	-0.0253107	3.1970948 	3854174852.3448529	7.1175925 	0.0137408 	0.0000000 
47.8026612	-0.0526576	-2.5171749	-0.0373667	0.0000000 	-34.5204319	186.2732251	0.0388750 	0.0000000 	785.1926529	0.0224794 	0.0049312 	-0.0291763	3.0695148 	0.1790457 	0.0168197 	8.7552257 	0.0147769 	-160.5020932	123.6533225	-0.4350218	-0.0252986	3.8719233 	3854174912.3512173	7.1342617 	0.0079229 	0.0000000 
47.6933944	-0.0786823	-3.7526275	0.0909050 	0.0000000 	-43.6774134	186.2628923	0.2153963 	0.0000000 	785.2334681	0.0231876 	0.0052018 	-0.0299392	3.0298426 	0.1774643 	-0.0817802	8.7279757 	0.0159651 	-158.9649381	123.3353621	-0.4318368	-0.0253230	4.0846102 	3854174972.3575277	7.1509306 	0.0092758 	0.0000000 
47.5148859	-0.0531988	-2.5277349	-0.0560839	0.0000000 	-35.0664496	186.2960539	0.0732647 	0.0000000 	785.2774574	0.0223851 	0.0051260 	-0.0175410	3.0550974 	0.1684893 	-0.0688755	8.7369848 	0.0145759 	-159.8057170	123.5698247	-0.4333162	-0.0252892	4.0253675 	3854175032.3647423	7.1676000 	0.0115049 	0.0000000 
47.1788305	-0.0318834	-1.5042201	0.0027229 	0.0000000 	-51.7594338	186.2594162	-0.0022013	0.0000000 	785.2351791	0.0230424 	0.0037482 	-0.0262222	3.0776002 	0.1590339 	-0.0621778	8.7079730 	0.0145636 	-160.0601939	123.4280675	-0.4344905	-0.0253758	2.9432452 	3854175092.3723803	7.1842694 	0.0058227 	0.0000000 
46.8053292	-0.0733502	-3.4331785	0.0275545 	0.0000000 	-48.1936774	186.2732152	0.1679679 	0.0000000 	785.2928313	0.0222896 	0.0038532 	-0.0231420	3.0366429 	0.1699521 	-0.0260809	8.7131513 	0.0148869 	-159.1504960	123.5028297	-0.4316235	-0.0253017	3.0258883 	3854175152.3768458	7.2009378 	0.0094498 	0.0000000 
46.5437999	-0.0489600	-2.2787850	-0.0364785	0.0000000 	-35.3385566	186.2899214	0.0485916 	0.0000000 	785.2442051	0.0235284 	0.0043510 	-0.0299768	3.0693106 	0.1801864 	-0.0860464	8.7536556 	0.0136858 	-160.1056954	123.5656615	-0.4341315	-0.0252695	3.4165964 	3854175212.3828330	7.2176067 	0.0130996 	0.0000000 
46.4264225	-0.0532982	-2.4744446	0.0018628 	0.0000000 	-30.1837669	186.2807999	0.1546748 	0.0000000 	785.2325349	0.0216969 	0.0039887 	-0.0266224	3.0358616 	0.1925329 	-0.0344144	8.7472004 	0.0154383 	-159.1088060	123.6123527	-0.4314373	-0.0252039	3.1320726 	3854175272.3885431	7.2342756 	0.0111024 	0.0000000 
46.3948496	-0.0535677	-2.4852643	-0.0704724	0.0000000 	-47.4529015	186.2859142	0.0635416 	0.0000000 	785.2225824	0.0237564 	0.0038824 	-0.0186798	3.0833973 	0.1624046 	-0.0687871	8.7625237 	0.0151646 	-160.4526794	123.7256756	-0.4347814	-0.0253078	3.0485699 	3854175332.3958402	7.2509450 	0.0071927 	0.0000000 
46.2983332	-0.0676579	-3.1324503	-0.0438177	0.0000000 	-73.1315200	186.2845894	0.2179616 	0.0000000 	785.2714814	0.0231639 	0.0039179 	-0.0223879	3.0865400 	0.1463747 	-0.0388309	8.7189243 	0.0144708 	-163.8631061	123.6637422	-0.4441846	-0.0252753	3.0765825 	3854175392.4012160	7.2676139 	0.0104186 	0.0000000 
46.2020041	-0.0586944	-2.7118001	-0.0486045	0.0000000 	-81.3944878	186.2823845	0.1763311 	0.0000000 	785.2254092	0.0232990 	0.0045206 	-0.0255566	3.0254259 	0.1190841 	0.0076065 	8.7319277 	0.0147908 	-160.0025651	123.6958671	-0.4336223	-0.0253092	3.5497081 	3854175452.4089050	7.2842831 	0.0093449 	0.0000000 
46.0714200	-0.0577954	-2.6627171	0.0062569 	0.0000000 	-44.1744871	186.2859808	0.0890129 	0.0000000 	785.2106304	0.0238211 	0.0039515 	-0.0268059	3.0670668 	0.1623965 	-0.0566295	8.7380221 	0.0157979 	-159.8874735	123.8967836	-0.4326778	-0.0252300	3.1027736 	3854175512.4128709	7.3009517 	0.0115377 	0.0000000 
45.9581539	-0.0799281	-3.6733491	-0.1142830	0.0000000 	-52.8393443	186.2954320	0.0229572 	0.0000000 	785.2919386	0.0217639 	0.0041858 	-0.0184763	3.0557544 	0.1851045 	-0.0363773	8.7588254 	0.0160012 	-159.8169782	123.8740424	-0.4324635	-0.0251935	3.2870774 	3854175572.4174442	7.3176200 	0.0130992 	0.0000000 
45.9510026	-0.0474978	-2.1825693	-0.0809342	0.0000000 	-48.6100910	186.3177687	0.1209551 	0.0000000 	785.2053735	0.0225141 	0.0052129 	-0.0276329	3.0975018 	0.1615760 	-0.0995567	8.7587436 	0.0151566 	-161.4109305	123.8495480	-0.4368095	-0.0252865	4.0931579 	3854175632.4216828	7.3342886 	0.0100114 	0.0000000 
46.0251187	-0.0508309	-2.3394986	0.1042651 	0.0000000 	-56.5113937	186.2622415	0.2132174 	0.0000000 	785.2617859	0.0213506 	0.0032571 	-0.0301426	3.0403227 	0.1532921 	-0.0433756	8.6872289 	0.0155957 	-160.3550131	123.8427653	-0.4340705	-0.0252626	2.5576574 	3854175692.4278431	7.3509575 	0.0119068 	0.0000000 
46.0968930	-0.0358019	-1.6503552	0.0138765 	0.0000000 	-36.8490586	186.2886230	0.0650815 	0.0000000 	785.2207475	0.0228016 	0.0038054 	-0.0327563	3.0898159 	0.1705729 	-0.0740391	8.7573962 	0.0164405 	-158.7639499	123.6220396	-0.4303992	-0.0252802	2.9880523 	3854175752.4338093	7.3676264 	0.0098423 	0.0000000 
46.3101605	-0.0563486	-2.6095138	0.0259558 	0.0000000 	-54.3108038	186.2812981	0.0272029 	0.0000000 	785.2231031	0.0218451 	0.0044564 	-0.0245793	3.0644634 	0.1557586 	-0.0479336	8.6924833 	0.0150839 	-160.1303523	123.7272255	-0.4337524	-0.0252366	3.4992721 	3854175812.4395819	7.3842953 	0.0133256 	0.0000000 
46.5992511	-0.0528012	-2.4604966	-0.0215945	0.0000000 	-29.6761396	186.2753529	0.1393968 	0.0000000 	785.2381795	0.0237365 	0.0030485 	-0.0231464	3.0802702 	0.1819618 	-0.0314258	8.7403618 	0.0161526 	-161.5555132	123.8039200	-0.4373913	-0.0252778	2.3937813 	3854175872.4471121	7.4009647 	0.0102659 	0.0000000 
46.9934187	-0.0155842	-0.7323570	-0.0921720	0.0000000 	-47.4069101	186.2781201	0.1558047 	0.0000000 	785.2170280	0.0218680 	0.0043333 	-0.0242785	3.0359704 	0.1643165 	-0.0513863	8.7439248 	0.0143994 	-165.7712328	123.8089664	-0.4488174	-0.0252194	3.4025678 	3854175932.4532938	7.4176339 	0.0108024 	0.0000000 
47.1513057	-0.0618619	-2.9168703	0.0350339 	0.0000000 	-47.7887910	186.2854590	0.1117437 	0.0000000 	785.2422461	0.0223013 	0.0046703 	-0.0253089	3.0614405 	0.1653762 	-0.0601574	8.7622221 	0.0158337 	-159.4224120	123.7706816	-0.4318093	-0.0252852	3.6673307 	3854175992.4601459	7.4343031 	0.0099640 	0.0000000 
47.3213407	-0.0545197	-2.5799450	0.0146619 	0.0000000 	-58.1770540	186.2753150	0.0945017 	0.0000000 	785.2406592	0.0233934 	0.0036862 	-0.0293444	3.0395503 	0.1608392 	-0.0726819	8.7419122 	0.0145644 	-166.7439759	123.8163032	-0.4513402	-0.0254112	2.8945779 	3854176052.4670510	7.4509722 	0.0110397 	0.0000000 
47.5769892	-0.0085358	-0.4061076	0.0111372 	0.0000000 	-36.2378674	186.3089535	0.3933963 	0.0000000 	785.2565042	0.0231313 	0.0038142 	-0.0215322	3.1051100 	0.1774634 	-0.0394233	8.7662221 	0.0165135 	-159.7169402	123.8202108	-0.4322806	-0.0252446	2.9951440 	3854176112.4729691	7.4676411 	0.0097308 	0.0000000 
47.9979581	-0.0584492	-2.8054443	0.0211877 	0.0000000 	-41.0568188	186.2796692	0.1729082 	0.0000000 	785.1613099	0.0227965 	0.0041699 	-0.0358608	3.1048836 	0.1804005 	-0.0508160	8.7410665 	0.0156871 	-158.8728286	123.7532867	-0.4302852	-0.0252109	3.2740121 	3854176172.4811439	7.4843106 	0.0101953 	0.0000000 
48.4462824	-0.0685724	-3.3220785	-0.0393955	0.0000000 	-49.6444878	186.2872409	0.0499365 	0.0000000 	785.2131101	0.0231910 	0.0052585 	-0.0255345	3.0673020 	0.1633984 	-0.0519920	8.7444069 	0.0148429 	-159.6960516	123.7083611	-0.4326729	-0.0251953	4.1290173 	3854176232.4891882	7.5009803 	0.0129557 	0.0000000 
48.8546457	-0.0569936	-2.7844025	-0.0402369	0.0000000 	-52.4386070	186.2707977	0.0651183 	0.0000000 	785.2501067	0.0233544 	0.0048395 	-0.0220607	3.0720161 	0.1605015 	-0.0738093	8.7095065 	0.0148636 	-158.8170238	123.6315195	-0.4306660	-0.0252118	3.8002173 	3854176292.4977713	7.5176497 	0.0125856 	0.0000000 
49.1145192	-0.0531679	-2.6113146	-0.0506894	0.0000000 	-65.4425153	186.2855163	-0.0025142	0.0000000 	785.3043139	0.0235009 	0.0040140 	-0.0288225	3.0894342 	0.1444534 	-0.0734865	8.7473216 	0.0158453 	-158.3278728	123.6619486	-0.4290701	-0.0252042	3.1521834 	3854176352.5048060	7.5343192 	0.0102297 	0.0000000 
49.2250031	-0.0611661	-3.0109030	-0.0965381	0.0000000 	-43.5695879	186.3129106	-0.0016113	0.0000000 	785.2396921	0.0237576 	0.0040769 	-0.0331344	3.0500416 	0.1786834 	-0.0481635	8.7650269 	0.0171355 	-159.1677477	123.5788382	-0.4317406	-0.0251975	3.2013073 	3854176412.5074592	7.5509872 	0.0121374 	0.0000000 
49.1007334	-0.0414278	-2.0341365	-0.0181820	0.0000000 	-43.8042924	186.2680395	0.0833922 	0.0000000 	785.1910907	0.0230591 	0.0039413 	-0.0364446	3.0683363 	0.1772117 	-0.0640257	8.7295176 	0.0151728 	-159.7970529	123.6674086	-0.4331661	-0.0252554	3.0946982 	3854176472.5139818	7.5676561 	0.0127911 	0.0000000 
49.0532875	-0.0555844	-2.7265956	-0.0405922	0.0000000 	-41.0434608	186.3005041	0.0270389 	0.0000000 	785.2080764	0.0227815 	0.0045463 	-0.0240353	3.0399454 	0.1722179 	-0.0427346	8.7810719 	0.0161588 	-157.7931114	123.5539055	-0.4280395	-0.0253015	3.5697995 	3854176532.5222239	7.5843258 	0.0111604 	0.0000000 
49.0365460	-0.0411340	-2.0170715	0.0131006 	0.0000000 	-46.3856060	186.2893993	-0.0023710	0.0000000 	785.2522888	0.0231080 	0.0034914 	-0.0334285	3.0774581 	0.1720056 	-0.0721249	8.7465859 	0.0161753 	-158.3383019	123.6567583	-0.4292038	-0.0252216	2.7415996 	3854176592.5280490	7.6009947 	0.0116797 	0.0000000 
49.0410363	-0.0829145	-4.0662127	-0.0577107	0.0000000 	-43.9546437	186.2873386	0.0190715 	0.0000000 	785.2546197	0.0231138 	0.0041774 	-0.0293687	3.0755672 	0.1842437 	-0.0399936	8.7827294 	0.0155231 	-158.5357265	123.6265204	-0.4298092	-0.0252499	3.2803134 	3854176652.5341248	7.6176636 	0.0137175 	0.0000000 
49.1000330	-0.0503847	-2.4738915	0.0080894 	0.0000000 	-49.4697208	186.2691481	-0.0029100	0.0000000 	785.1872720	0.0239233 	0.0046685 	-0.0293952	3.0919333 	0.1599690 	-0.0609311	8.7428650 	0.0156421 	-159.2875221	123.6271646	-0.4319049	-0.0252967	3.6656830 	3854176712.5410252	7.6343328 	0.0101471 	0.0000000 
49.1760600	-0.0703748	-3.4607573	0.0118852 	0.0000000 	-55.7296332	186.2699313	0.0938788 	0.0000000 	785.2426677	0.0235929 	0.0052040 	-0.0300741	3.0973220 	0.1531936 	-0.0140472	8.7416500 	0.0141505 	-158.6917176	123.6347136	-0.4302236	-0.0252698	4.0863969 	3854176772.5443459	7.6510011 	0.0123641 	0.0000000 
49.2275408	-0.0422716	-2.0809272	0.0158679 	0.0000000 	-50.9504500	186.2864297	-0.0026763	0.0000000 	785.1894293	0.0226991 	0.0035463 	-0.0260431	3.0791516 	0.1666616 	-0.0369697	8.7428255 	0.0158708 	-158.6210330	123.5692906	-0.4302799	-0.0252884	2.7845009 	3854176832.5500951	7.6676700 	0.0092788 	0.0000000 
49.4216428	-0.0431905	-2.1345449	0.0006380 	0.0000000 	-51.9307685	186.2855629	-0.0021768	0.0000000 	785.2503050	0.0221311 	0.0047128 	-0.0170523	3.0617513 	0.1614488 	-0.0427876	8.7407621 	0.0141741 	-160.0903309	123.6456777	-0.4339106	-0.0253616	3.7007547 	3854176892.5513082	7.6843375 	0.0113901 	0.0000000 
49.7450357	-0.0392455	-1.9522676	-0.0539803	0.0000000 	-26.2727237	186.3022709	-0.0021975	0.0000000 	785.2103553	0.0209112 	0.0051956 	-0.0309099	3.0166503 	0.1963887 	-0.0193567	8.7412526 	0.0148363 	-158.5188927	123.5608025	-0.4299398	-0.0252462	4.0796214 	3854176952.5537949	7.7010056 	0.0096189 	0.0000000 
50.1176311	-0.0500048	-2.5061220	-0.1088978	0.0000000 	-36.1099935	186.2871915	-0.0030118	0.0000000 	785.2787220	0.0223728 	0.0037859 	-0.0283825	3.0803678 	0.1830277 	-0.0586587	8.7643673 	0.0146357 	-159.0505201	123.6030618	-0.4312465	-0.0252362	2.9729703 	3854177012.5603590	7.7176747 	0.0142837 	0.0000000 
50.4575825	-0.0725020	-3.6582738	-0.1285032	0.0000000 	-57.5644322	186.3010655	-0.0021853	0.0000000 	785.2151186	0.0224807 	0.0052589 	-0.0253421	3.1076601 	0.1633352 	0.0038753 	8.7838513 	0.0157772 	-159.0245618	123.5390059	-0.4313664	-0.0252607	4.1293756 	3854177072.5671201	7.7343439 	0.0131915 	0.0000000 
50.6546342	-0.0763785	-3.8689249	0.0839398 	0.0000000 	-59.8099114	186.2828775	-0.0030278	0.0000000 	785.2649599	0.0239316 	0.0033333 	-0.0292935	3.0648451 	0.1630320 	-0.0135520	8.7494583 	0.0141581 	-159.4309484	123.4971497	-0.4325683	-0.0252888	2.6174861 	3854177132.5727491	7.7510128 	0.0095793 	0.0000000 
50.7791034	-0.0734496	-3.7297028	-0.0053081	0.0000000 	-53.4939336	186.2802598	-0.0029506	0.0000000 	785.1976145	0.0221541 	0.0030454 	-0.0246279	3.0617180 	0.1536276 	-0.0822488	8.7967899 	0.0142909 	-158.5854227	123.5634933	-0.4300359	-0.0253254	2.3912233 	3854177192.5807037	7.7676822 	0.0104675 	0.0000000 
50.8246802	-0.0622993	-3.1663406	-0.0178829	0.0000000 	-44.3970368	186.3037885	-0.0029638	0.0000000 	785.2397913	0.0240750 	0.0039480 	-0.0292714	3.0503390 	0.1794497 	-0.0591362	8.7704081 	0.0161578 	-159.0223799	123.4538734	-0.4315786	-0.0252723	3.1001067 	3854177252.5882468	7.7843517 	0.0099706 	0.0000000 
51.0086702	-0.0792964	-4.0448036	-0.1175085	0.0000000 	-47.5768967	186.3163402	-0.0027423	0.0000000 	785.2055562	0.0228055 	0.0043160 	-0.0337646	3.0824408 	0.1708738 	-0.0576154	8.7581376 	0.0153949 	-158.6270900	123.5813932	-0.4301409	-0.0252615	3.3889557 	3854177312.5944853	7.8010206 	0.0100099 	0.0000000 
51.1882008	-0.0417371	-2.1364451	-0.0468375	0.0000000 	-38.6206924	186.2791121	0.0620082 	0.0000000 	785.2602981	0.0219225 	0.0045729 	-0.0208114	3.1225680 	0.1838984 	-0.0680532	8.7055826 	0.0156472 	-158.9363101	123.5767868	-0.4308939	-0.0252359	3.5909037 	3854177372.6018162	7.8176900 	0.0116946 	0.0000000 
51.3695802	-0.0751106	-3.8584009	-0.0057101	0.0000000 	-43.2856121	186.2738011	0.4233329 	0.0000000 	785.1914571	0.0229671 	0.0037868 	-0.0270890	3.0810425 	0.1657148 	-0.0041399	8.7455316 	0.0210072 	-159.1737229	123.6719965	-0.4313668	-0.0252204	2.9733354 	3854177432.6097941	7.8343594 	0.0124204 	0.0000000 
51.4383947	-0.0468572	-2.4102583	0.0626048 	0.0000000 	-41.8863763	186.2590694	0.3219281 	0.0000000 	785.2551652	0.0242595 	0.0042159 	-0.0216450	3.0753830 	0.1766276 	-0.0832700	8.7471722 	0.0147586 	-158.8659389	123.5782269	-0.4307691	-0.0252859	3.3105723 	3854177492.6178141	7.8510289 	0.0098752 	0.0000000 
51.4417305	-0.0669644	-3.4447630	-0.0043171	0.0000000 	-68.5618934	186.2811269	0.2038900 	0.0000000 	785.2164328	0.0230590 	0.0051624 	-0.0232658	3.0580581 	0.1453724 	-0.0249448	8.7238517 	0.0151808 	-163.1369394	123.5974202	-0.4422794	-0.0252662	4.0535710 	3854177552.6233721	7.8676978 	0.0088442 	0.0000000 
51.3622572	-0.0087832	-0.4511244	-0.0416487	0.0000000 	-54.6868906	186.2586675	0.2827752 	0.0000000 	785.2728490	0.0229709 	0.0026698 	-0.0301758	3.0432901 	0.1452403 	-0.0419963	8.7265973 	0.0163054 	-157.1074298	123.2690698	-0.4271549	-0.0253877	2.0965312 	3854177612.6301632	7.8843669 	0.0091463 	0.0000000 
51.3105220	-0.0752608	-3.8616720	-0.0235018	0.0000000 	-46.4486575	186.2881104	0.2051133 	0.0000000 	785.1900988	0.0226531 	0.0035250 	-0.0211961	3.0505298 	0.1705702 	-0.0713777	8.7329031 	0.0154115 	-157.9741477	123.3060792	-0.4293350	-0.0253467	2.7678113 	3854177672.6370769	7.9010361 	0.0105462 	0.0000000 
51.2907484	-0.0495144	-2.5396323	-0.0332530	0.0000000 	-38.4162243	186.2683007	0.0972725 	0.0000000 	785.2806065	0.0229855 	0.0033594 	-0.0288491	3.0971178 	0.1810862 	-0.0365099	8.6981887 	0.0149289 	-158.9495673	123.3553648	-0.4318435	-0.0253484	2.6380577 	3854177732.6425071	7.9177050 	0.0104262 	0.0000000 
51.3871782	-0.0541088	-2.7805009	-0.1174617	0.0000000 	-35.2282251	186.2736019	0.0183929 	0.0000000 	785.2273930	0.0224108 	0.0052461 	-0.0303903	3.0636866 	0.1814548 	-0.0455242	8.7482518 	0.0150307 	-157.3651762	123.2004529	-0.4280129	-0.0253322	4.1193550 	3854177792.6493020	7.9343742 	0.0098061 	0.0000000 
51.5289562	-0.0540845	-2.7869204	-0.0088795	0.0000000 	-37.4113283	186.2939742	0.2519593 	0.0000000 	785.2944927	0.0236573 	0.0032464 	-0.0242011	3.0548466 	0.1943876 	-0.0369431	8.7321589 	0.0144821 	-158.1722374	123.2956337	-0.4298775	-0.0253249	2.5494169 	3854177852.6545258	7.9510428 	0.0119936 	0.0000000 
51.8098057	-0.0527084	-2.7308137	-0.0087673	0.0000000 	-35.1266960	186.2887482	0.0440339 	0.0000000 	785.2109808	0.0231007 	0.0042890 	-0.0318010	3.0769832 	0.1841102 	-0.0876158	8.7547380 	0.0165316 	-159.6676502	123.2862271	-0.4340961	-0.0252876	3.3677659 	3854177912.6605811	7.9677117 	0.0115804 	0.0000000 
52.0926988	-0.0637682	-3.3218555	-0.0017180	0.0000000 	-41.4469948	186.2903646	0.2545642 	0.0000000 	784.5834244	0.0226620 	0.0039148 	-0.0252094	3.0348762 	0.1632909 	-0.0282870	8.7348706 	0.0168224 	-166.3362595	123.2901854	-0.4521808	-0.0252877	3.0714544 	3854177972.6692090	7.9843814 	0.0094887 	0.0000000 
52.2924325	-0.0550211	-2.8771873	-0.0660969	0.0000000 	-49.1670068	186.2650559	0.3129089 	0.0000000 	783.9442911	0.0235269 	0.0049958 	-0.0267131	3.0200638 	0.1664811 	-0.0467620	8.7555160 	0.1704681 	-157.7319460	123.3164185	-0.4285721	-0.0252796	3.9164580 	3854178032.6763148	8.0010508 	0.0097390 	0.0000000 
52.3186486	-0.0463646	-2.4257337	-0.0587391	0.0000000 	-38.1370381	186.2572011	0.0230797 	0.0000000 	780.8443894	0.0252872 	0.0048807 	-0.0249994	3.0250086 	0.1863017 	-0.0722089	8.7436881 	0.0156055 	-157.2037843	123.3087533	-0.4272232	-0.0253098	3.8110574 	3854178092.6835222	8.0177200 	0.0077161 	0.0000000 
52.2700457	-0.0567705	-2.9673974	0.0033586 	0.0000000 	-50.3998333	186.2676630	0.3982922 	0.0000000 	775.7254960	0.0241495 	0.0027464 	-0.0209860	3.0998766 	0.1629792 	-0.0464923	8.7527479 	0.0158321 	-158.3903442	123.3220538	-0.4302975	-0.0253551	2.1304768 	3854178152.6904759	8.0343892 	0.0082674 	0.0000000 
52.1605575	-0.0579257	-3.0214391	0.0155594 	0.0000000 	-53.9351953	186.2674613	0.1982881 	0.0000000 	772.9449997	0.0251154 	0.0035343 	-0.0323583	3.0991042 	0.1652382 	-0.0706129	8.7290187 	0.0176506 	-159.4390452	123.3035440	-0.4332663	-0.0252721	2.7318359 	3854178212.6981931	8.0510586 	0.0103895 	0.0000000 
52.0292768	-0.0617736	-3.2140339	-0.1109827	0.0000000 	-34.0250147	186.2814608	0.2303538 	0.0000000 	772.5407898	0.0243569 	0.0039750 	-0.0228656	3.0263359 	0.1955874 	-0.0588621	8.7830620 	0.0164903 	-158.3231827	123.1613201	-0.4305887	-0.0253426	3.0708422 	3854178272.7040720	8.0677275 	0.0091109 	0.0000000 
51.8694214	-0.0535677	-2.7785244	0.0872682 	0.0000000 	-72.4087542	186.2887069	0.2093628 	0.0000000 	763.8780604	0.0242424 	0.0039223 	-0.0324909	3.0781750 	0.1337416 	-0.0739949	8.7506168 	0.0177594 	-157.9237400	123.1562697	-0.4295034	-0.0253237	2.9961492 	3854178332.7067709	8.0843956 	0.0087458 	0.0000000 
51.7948663	-0.0203775	-1.0554477	-0.0317852	0.0000000 	-30.3986848	186.2650412	0.0940729 	0.0000000 	764.6312334	0.0238774 	0.0041849 	-0.0334727	3.0322040 	0.1893087 	-0.0695652	8.7783376 	0.0168597 	-157.7417935	123.2414468	-0.4288109	-0.0252390	3.1999184 	3854178392.7083440	8.1010633 	0.0126116 	0.0000000 
51.7543349	-0.0434335	-2.2478699	0.0632125 	0.0000000 	-51.6083026	186.2582981	0.0760779 	0.0000000 	756.7696457	0.0263439 	0.0048847 	-0.0320575	3.0685183 	0.1687075 	-0.0346354	8.7339461 	0.0168407 	-158.6939516	123.2612267	-0.4313125	-0.0253296	3.6965725 	3854178452.7164488	8.1177328 	0.0110628 	0.0000000 
51.9426151	-0.0575237	-2.9879331	0.1072756 	0.0000000 	-50.2669169	186.2735299	0.6530013 	0.0000000 	744.1473773	0.0235468 	0.0047505 	-0.0217799	3.0255502 	0.1618599 	-0.0590434	8.7402716 	0.0143460 	-159.0124788	123.2886540	-0.4321037	-0.0252941	3.5350569 	3854178512.7238889	8.1344022 	0.0128621 	0.0000000 
52.1794405	-0.0564524	-2.9456567	-0.0448461	0.0000000 	-39.8929992	186.2544018	0.1219013 	0.0000000 	744.4018899	0.0262077 	0.0043638 	-0.0226710	3.0895163 	0.1649247 	-0.0612980	8.7417769 	0.0172303 	-158.6092770	123.2757221	-0.4310385	-0.0252488	3.2484524 	3854178572.7324948	8.1510719 	0.0146225 	0.0000000 
52.4467118	-0.0827510	-4.3400199	0.0656059 	0.0000000 	-40.0136763	186.2791819	0.0776235 	0.0000000 	743.3779376	0.0258775 	0.0047049 	-0.0286943	3.0709885 	0.1662137 	-0.0656173	8.7392596 	0.0170069 	-159.0408522	123.3278059	-0.4322275	-0.0252607	3.4974911 	3854178632.7401552	8.1677414 	0.0140250 	0.0000000 
52.5675020	-0.0311478	-1.6373632	-0.0605622	0.0000000 	-42.3697028	186.2409197	0.0364049 	0.0000000 	748.7786450	0.0252392 	0.0043116 	-0.0244554	3.0400830 	0.1654084 	-0.1086462	8.7273273 	0.0171211 	-157.3065907	123.3869178	-0.4272365	-0.0253593	3.2284205 	3854178692.7469797	8.1844106 	0.0120647 	0.0000000 
52.7837582	-0.0368864	-1.9470040	0.0983657 	0.0000000 	-36.7055259	186.2718841	0.0792634 	0.0000000 	740.7355832	0.0274955 	0.0045915 	-0.0229960	3.0774471 	0.1824343 	-0.0614351	8.7505464 	0.0180968 	-157.5639019	123.4459224	-0.4277153	-0.0253658	3.4010759 	3854178752.7537351	8.2010797 	0.0096876 	0.0000000 
52.9032056	-0.0419513	-2.2193594	0.0030595 	0.0000000 	-48.2599936	186.2625230	0.0315089 	0.0000000 	738.0651342	0.0270791 	0.0033023 	-0.0261182	3.0381588 	0.1620257 	-0.0357849	8.7442547 	0.0210250 	-158.7199280	123.3413028	-0.4312641	-0.0253045	2.4372758 	3854178812.7578130	8.2177481 	0.0099526 	0.0000000 
52.9310184	-0.0470935	-2.4927085	-0.0409755	0.0000000 	-46.2213642	186.2280066	0.1471588 	0.0000000 	730.6931685	0.0236548 	0.0026273 	-0.0377403	3.1001940 	0.1671847 	-0.0777350	8.7372469 	0.0167598 	-159.0076253	123.4014293	-0.4318440	-0.0252945	1.9197470 	3854178872.7659931	8.2344175 	0.0100504 	0.0000000 
52.9007469	-0.0507160	-2.6829169	-0.0355529	0.0000000 	-25.5446991	186.2728350	0.0661257 	0.0000000 	730.7858087	0.0242834 	0.0034967 	-0.0339746	3.0668337 	0.1941515 	-0.0245557	8.7562010 	0.0221123 	-159.0645872	123.3139565	-0.4322557	-0.0252950	2.5553213 	3854178932.7719130	8.2510867 	0.0096771 	0.0000000 
52.8489471	-0.0689192	-3.6423074	-0.0178455	0.0000000 	-39.1264150	186.2561688	0.0828588 	0.0000000 	728.4559663	0.0250779 	0.0035919 	-0.0254792	3.0675884 	0.1747609 	-0.0358689	8.8184473 	0.0193419 	-160.1494062	123.2729684	-0.4352409	-0.0253319	2.6165382 	3854178992.7796149	8.2677561 	0.0113450 	0.0000000 
52.8484887	-0.0722236	-3.8169106	0.0005726 	0.0000000 	-61.0432871	186.2340461	0.4746065 	0.0000000 	719.4965150	0.0255826 	0.0038395 	-0.0256318	3.0256789 	0.1508517 	-0.0530442	8.7491990 	0.0168794 	-158.6060224	123.3139688	-0.4308621	-0.0253344	2.7624839 	3854179052.7842340	8.2844244 	0.0111307 	0.0000000 
52.9650933	-0.0546831	-2.8962981	-0.0623385	0.0000000 	-44.6865097	186.2756518	0.0954649 	0.0000000 	720.5830092	0.0268118 	0.0046194 	-0.0218971	3.0452742 	0.1721113 	-0.0526109	8.7437501 	0.0170874 	-159.2687321	123.1582060	-0.4332969	-0.0252921	3.3286511 	3854179112.7905779	8.3010936 	0.0122661 	0.0000000 
53.1704654	-0.0334009	-1.7759389	-0.0554762	0.0000000 	-54.0683769	186.2641554	0.0385876 	0.0000000 	780.3858748	0.0233096 	0.0048089 	-0.0259126	3.0537147 	0.1483517 	-0.1245129	8.7285761 	0.0230038 	-160.1949534	123.3411535	-0.4352065	-0.0251647	3.7528290 	3854179172.7972999	8.3177628 	0.0131472 	0.0000000 
53.3447985	-0.0656965	-3.5045659	0.0249741 	0.0000000 	-34.2735190	186.2483652	0.1740796 	0.0000000 	775.4897947	0.0249662 	0.0047926 	-0.0248247	3.0526782 	0.1815627 	-0.0518859	8.7663039 	0.0172822 	-159.8151323	123.3193909	-0.4342364	-0.0251819	3.7165764 	3854179232.8048201	8.3344322 	0.0107604 	0.0000000 
53.5068457	-0.0605344	-3.2390048	0.0176069 	0.0000000 	-47.7662694	186.2360176	0.0001501 	0.0000000 	772.6579539	0.0230817 	0.0043749 	-0.0325374	3.1017231 	0.1724602 	-0.0542246	8.6984198 	0.0165317 	-160.5564976	123.2672659	-0.4364506	-0.0252343	3.3803123 	3854179292.8122630	8.3511014 	0.0091907 	0.0000000 
53.5580903	-0.0535235	-2.8666165	0.0217112 	0.0000000 	-51.5086162	186.2404167	0.1245411 	0.0000000 	768.4724306	0.0225148 	0.0039413 	-0.0235157	3.0223365 	0.1698616 	-0.0657411	8.7786815 	3.4775078 	-158.7419754	123.2948057	-0.4314033	-0.0253109	3.0288044 	3854179352.8188629	8.3677706 	0.0093513 	0.0000000 
53.5333984	-0.0424019	-2.2699193	0.0832947 	0.0000000 	-44.9098767	186.3062102	0.1031684 	0.0000000 	764.3907805	0.0235720 	0.0054693 	-0.0253023	3.0320598 	0.1689516 	-0.0796184	8.7313273 	0.0154940 	-158.9567059	123.2674393	-0.4321291	-0.0252720	4.1806670 	3854179412.8263779	8.3844400 	0.0090840 	0.0000000 
53.3955398	-0.0474690	-2.5346348	-0.0638251	0.0000000 	-39.5082747	186.2954302	0.4586915 	0.0000000 	754.6243031	0.0234491 	0.0036694 	-0.0385762	3.0502746 	0.1724839 	-0.0774654	8.7345408 	0.0166650 	-159.2104642	123.2731493	-0.4328001	-0.0252783	2.7690190 	3854179472.8332739	8.4011092 	0.0088816 	0.0000000 
53.2807963	-0.0435041	-2.3179355	-0.0690513	0.0000000 	-55.7834619	186.2838528	0.2089208 	0.0000000 	759.8090317	0.0257646 	0.0044400 	-0.0247318	3.1220309 	0.1481335 	-0.0874920	8.7659994 	0.0176645 	-157.9245660	123.2521163	-0.4295084	-0.0252846	3.3735659 	3854179532.8410258	8.4177786 	0.0081317 	0.0000000 
53.1371829	-0.0493885	-2.6243673	-0.1049057	0.0000000 	-43.8393280	186.2758474	0.6874523 	0.0000000 	747.7918628	0.0249576 	0.0035476 	-0.0236130	3.0208250 	0.1570668 	-0.0753831	8.7622419 	3.6957668 	-158.7031948	123.2555854	-0.4314757	-0.0252363	2.6528722 	3854179592.8479290	8.4344478 	0.0106115 	0.0000000 
53.0421729	-0.0753381	-3.9960981	-0.1154703	0.0000000 	-70.3046678	186.2847125	0.2735714 	0.0000000 	763.1565280	0.0223864 	0.0033598 	-0.0197124	3.0465082 	0.1288114 	-0.0438840	8.7613004 	0.0163135 	-159.5755818	123.2065306	-0.4339667	-0.0252290	2.5640725 	3854179652.8554549	8.4511172 	0.0119096 	0.0000000 
52.9923824	-0.0674569	-3.5747041	-0.1152460	0.0000000 	-46.0612462	186.2714660	0.1908523 	0.0000000 	756.0726002	0.0239677 	0.0037908 	-0.0163138	3.0559097 	0.1698227 	0.0068903 	8.7481362 	0.0164458 	-158.6186813	123.2752412	-0.4310797	-0.0252865	2.8660828 	3854179712.8603277	8.4677858 	0.0089611 	0.0000000 
52.9584268	-0.0539874	-2.8590856	0.0072012 	0.0000000 	-58.7424565	186.3089043	0.0922964 	0.0000000 	765.2374616	0.0261450 	0.0035379 	-0.0275732	3.0751011 	0.1591364 	-0.0464305	8.7504900 	3.1147794 	-158.0307325	123.4032485	-0.4290789	-0.0252723	2.7073063 	3854179772.8651710	8.4844544 	0.0109686 	0.0000000 
52.9118641	-0.0599601	-3.1726005	-0.0890400	0.0000000 	-53.1579288	186.2798300	0.1606234 	0.0000000 	774.3584328	0.0239594 	0.0040928 	-0.0264610	3.0632161 	0.1579455 	-0.0659975	8.7604857 	2.3332786 	-156.9576201	123.3882053	-0.4261797	-0.0252541	3.1692922 	3854179832.8656130	8.5011219 	0.0136215 	0.0000000 
52.9572256	-0.0533556	-2.8255660	0.0309763 	0.0000000 	-51.7381707	186.2648625	0.7042372 	0.0000000 	756.9562780	0.0242573 	0.0045853 	-0.0314406	3.0477134 	0.1651191 	-0.0285169	8.7559107 	0.0169253 	-158.3176849	123.2663551	-0.4303317	-0.0253417	3.4708595 	3854179892.8698330	8.5177903 	0.0104803 	0.0000000 
53.0154688	-0.0389760	-2.0663307	0.0219543 	0.0000000 	-62.8082864	186.2774467	0.1950348 	0.0000000 	769.5329331	0.0242996 	0.0037664 	-0.0213951	3.0881869 	0.1474985 	-0.0359484	8.8194142 	0.0169752 	-159.6406955	123.4179984	-0.4334206	-0.0252669	2.8983629 	3854179952.8753967	8.5344592 	0.0088325 	0.0000000 
53.0738080	-0.0558318	-2.9632037	0.0077715 	0.0000000 	-36.0374159	186.2524966	0.1788305 	0.0000000 	766.0999878	0.0238564 	0.0043585 	-0.0306468	3.0560939 	0.1721028 	-0.0721824	8.7155980 	0.0169556 	-158.7841219	123.3993217	-0.4310723	-0.0252951	3.3390680 	3854180012.8788729	8.5511275 	0.0095673 	0.0000000 
53.1170788	-0.0576298	-3.0611244	-0.0878807	0.0000000 	-50.8749646	186.2694837	0.4622897 	0.0000000 	761.3761543	0.0259185 	0.0044551 	-0.0277634	3.0516418 	0.1655173 	-0.0423455	8.7707126 	0.0168757 	-158.6390377	123.3284358	-0.4308488	-0.0252799	3.3919888 	3854180072.8836369	8.5677961 	0.0100398 	0.0000000 
53.1918783	-0.0624296	-3.3207474	0.0267037 	0.0000000 	-43.4263718	186.2632236	0.0015232 	0.0000000 	765.4379176	0.0246028 	0.0051110 	-0.0204111	3.0572747 	0.1785790 	-0.0580310	8.7922910 	0.0145061 	-157.8071305	123.3246678	-0.4286165	-0.0253391	3.9121431 	3854180132.8908448	8.5844653 	0.0099378 	0.0000000 
53.2801928	-0.0608238	-3.2407016	0.0595289 	0.0000000 	-53.8088966	186.2766121	0.7006239 	0.0000000 	769.5713431	0.0228040 	0.0046172 	-0.0244532	3.0841897 	0.1620561 	0.0002766 	8.7495682 	1.8885471 	-158.2964452	123.3101994	-0.4300117	-0.0252993	3.5532430 	3854180192.8969898	8.6011342 	0.0092500 	0.0000000 
53.4352211	-0.0473409	-2.5296726	0.0068085 	0.0000000 	-43.3344000	186.2866123	0.1448517 	0.0000000 	771.7750253	0.0253967 	0.0041180 	-0.0304257	3.0351426 	0.1615267 	-0.0545296	8.7332329 	3.2632587 	-156.2353504	123.3847911	-0.4243600	-0.0252660	3.1782018 	3854180252.9032631	8.6178033 	0.0120359 	0.0000000 
53.5836174	-0.0545948	-2.9253866	-0.0264374	0.0000000 	-41.6301815	186.2676946	0.0816883 	0.0000000 	768.1247818	0.0238166 	0.0048377 	-0.0293665	3.0672577 	0.1705944 	-0.0650337	8.7445957 	0.8896263 	-157.6702402	123.2211277	-0.4285673	-0.0253461	3.7159785 	3854180312.9091949	8.6344722 	0.0090288 	0.0000000 
53.7453679	-0.0626041	-3.3646801	-0.0570936	0.0000000 	-50.5246960	186.2819418	0.0447464 	0.0000000 	769.9827193	0.0255754 	0.0058032 	-0.0188146	3.0351603 	0.1602678 	-0.0340165	8.7616048 	0.0157766 	-160.2088107	123.2903209	-0.4353353	-0.0251862	4.4683744 	3854180372.9120059	8.6511403 	0.0114261 	0.0000000 
53.8198802	-0.0551492	-2.9681242	-0.0122733	0.0000000 	-46.4963188	186.2434278	0.4888713 	0.0000000 	757.5413298	0.0261193 	0.0050716 	-0.0230823	3.0538035 	0.1668327 	-0.0461033	8.7106735 	0.0171409 	-158.5319139	123.3025033	-0.4309550	-0.0252945	3.8419241 	3854180432.9187908	8.6678094 	0.0088811 	0.0000000 
53.8095949	-0.0605123	-3.2561429	-0.0227538	0.0000000 	-48.6505635	186.2736746	0.0416241 	0.0000000 	774.0042624	0.0235435 	0.0042961 	-0.0233631	3.0331340 	0.1671345 	-0.0521953	8.7005340 	0.0185869 	-158.1760234	123.2369176	-0.4300767	-0.0253617	3.3251850 	3854180492.9249492	8.6844783 	0.0077224 	0.0000000 
53.8761351	-0.0544424	-2.9331452	-0.0314299	0.0000000 	-48.7380449	186.2717636	0.1753058 	0.0000000 	759.8831241	0.0233548 	0.0059883 	-0.0263946	3.1022381 	0.1688750 	-0.0376107	8.7436007 	0.0172642 	-158.8479588	123.3362222	-0.4315232	-0.0252374	4.5504380 	3854180552.9328599	8.7011481 	0.0114987 	0.0000000 
53.9152294	-0.0505614	-2.7260311	-0.0261943	0.0000000 	-45.7519991	186.2540427	0.0500514 	0.0000000 	757.0434381	0.0239138 	0.0041526 	-0.0201303	3.0371667 	0.1730962 	-0.0915681	8.7259884 	0.0174357 	-157.5913594	123.2551241	-0.4285137	-0.0253380	3.1436885 	3854180612.9400620	8.7178172 	0.0079197 	0.0000000 
53.8911920	-0.0559267	-3.0139583	-0.0545880	0.0000000 	-49.2794940	186.2807543	0.8014491 	0.0000000 	721.6976676	0.0227845 	0.0046716 	-0.0209927	3.0809338 	0.1572495 	-0.0617711	8.7195698 	4.7203573 	-157.2606741	123.2395861	-0.4274794	-0.0252559	3.3715163 	3854180672.9458132	8.7344861 	0.0122142 	0.0000000 
53.7776935	-0.0521562	-2.8048413	-0.0087206	0.0000000 	-40.7312149	186.2434865	0.5760736 	0.0000000 	744.6125126	0.0243792 	0.0038448 	-0.0305937	3.0589082 	0.1681221 	-0.0731461	8.7451482 	3.8149574 	-158.7776239	123.2557851	-0.4315786	-0.0253175	2.8628733 	3854180732.9518318	8.7511550 	0.0086561 	0.0000000 
53.6544585	-0.0682764	-3.6633348	-0.0094779	0.0000000 	-73.5487648	186.2432992	0.5643618 	0.0000000 	739.2984446	0.0216183 	0.0042744 	-0.0165769	3.0635268 	0.1364342 	-0.0214169	8.7600657 	3.5043780 	-163.7739850	123.2644127	-0.4450884	-0.0252692	3.1600423 	3854180792.9561019	8.7678236 	0.0099055 	0.0000000 
53.6228202	-0.0466054	-2.4991116	-0.1720707	0.0000000 	-72.9911085	186.2693993	0.3653435 	0.0000000 	744.7080540	0.0219138 	0.0040955 	-0.0272283	3.1122233 	0.1292929 	-0.0796979	8.7503547 	0.0159989 	-157.0225541	123.2413076	-0.4268740	-0.0252724	3.0499181 	3854180852.9610620	8.7844922 	0.0083684 	0.0000000 
53.6627737	-0.0778408	-4.1771511	-0.0828414	0.0000000 	-41.1456371	186.2818329	0.3970652 	0.0000000 	741.4580332	0.0250997 	0.0039125 	-0.0191552	3.0452010 	0.1732381 	-0.0570230	8.7729564 	0.7258436 	-160.8859392	123.3023775	-0.4370533	-0.0253618	2.9009871 	3854180912.9660001	8.8011608 	0.0092322 	0.0000000 
53.6153439	-0.0577490	-3.0962344	-0.0452762	0.0000000 	-47.3045658	186.2588326	0.3214710 	0.0000000 	738.4140229	0.0247380 	0.0039883 	-0.0290901	3.0286640 	0.1599045 	-0.0535703	8.7593553 	3.6044075 	-165.9496642	123.3880599	-0.4507723	-0.0255201	2.9449996 	3854180972.9709611	8.8178294 	0.0094084 	0.0000000 
53.5539581	-0.0565430	-3.0281016	0.0380257 	0.0000000 	-54.9818383	186.2780129	-0.0010987	0.0000000 	743.3744909	0.0217594 	0.0035915 	-0.0282985	3.0803834 	0.1472566 	-0.0611345	8.7666900 	0.0159977 	-158.6208922	123.4189017	-0.4306380	-0.0252793	2.6697947 	3854181032.9794250	8.8344992 	0.0093936 	0.0000000 
53.5551012	-0.0584802	-3.1319112	0.0393906 	0.0000000 	-54.6662587	186.2804384	0.1120783 	0.0000000 	742.6014309	0.0245501 	0.0042350 	-0.0266710	3.0604795 	0.1571815 	-0.0556879	8.7927138 	0.1673864 	-159.4357396	123.4055258	-0.4328956	-0.0253055	3.1448897 	3854181092.9877229	8.8511686 	0.0096986 	0.0000000 
53.5035462	-0.0613517	-3.2825322	0.0481228 	0.0000000 	-33.3363281	186.2630620	0.1092679 	0.0000000 	739.2326838	0.0254557 	0.0039059 	-0.0293975	3.0383962 	0.1901019 	-0.0595208	8.7704363 	0.0159909 	-157.4692870	123.3825757	-0.4276350	-0.0253107	2.8873694 	3854181152.9922829	8.8678372 	0.0084104 	0.0000000 
53.4972077	-0.0578308	-3.0937844	-0.0854405	0.0000000 	-22.7372271	186.2508237	0.3039972 	0.0000000 	733.1102454	0.0215206 	0.0047093 	-0.0299281	3.0799128 	0.2084069 	-0.0833143	8.7425098 	1.0191203 	-157.7699051	123.3760702	-0.4285694	-0.0252850	3.4524298 	3854181212.9993911	8.8845067 	0.0112160 	0.0000000 
53.5008601	-0.0585000	-3.1298028	-0.0505491	0.0000000 	-44.3853025	186.2750998	0.4575850 	0.0000000 	730.9346771	0.0273214 	0.0030454 	-0.0233233	3.0506808 	0.1666128 	-0.0687871	8.7330666 	4.1912469 	-158.4220155	123.3828539	-0.4303116	-0.0252637	2.2259722 	3854181273.0040870	8.9011750 	0.0124517 	0.0000000 
53.5352264	-0.0542060	-2.9019324	0.0278537 	0.0000000 	-53.3258836	186.2653106	0.3665904 	0.0000000 	725.8884977	0.0276798 	0.0032965 	-0.0265229	3.0408309 	0.1536594 	-0.0534730	8.7598966 	3.5032937 	-158.2664379	123.2712334	-0.4302825	-0.0253200	2.3928862 	3854181333.0098581	8.9178439 	0.0098202 	0.0000000 
53.7176990	-0.0383398	-2.0595284	-0.1575420	0.0000000 	-42.2063195	186.2699064	-0.0010157	0.0000000 	742.5574665	0.0258025 	0.0045786 	-0.0275688	3.0367516 	0.1746521 	-0.0572794	8.7123197 	0.0173065 	-159.2884076	123.0962687	-0.4335768	-0.0253179	3.3999039 	3854181393.0144181	8.9345125 	0.0087943 	0.0000000 
53.8338658	-0.0496050	-2.6704287	-0.1007640	0.0000000 	-29.7574946	186.3057386	0.0316870 	0.0000000 	737.4849355	0.0264205 	0.0038027 	-0.0253642	3.0495577 	0.1843463 	-0.0417752	8.7674004 	0.2505844 	-158.4707468	123.3712873	-0.4304311	-0.0253056	2.8044404 	3854181453.0195751	8.9511814 	0.0114624 	0.0000000 
53.8617361	-0.0680180	-3.6635671	0.0108754 	0.0000000 	-54.4976599	186.2528375	0.2433897 	0.0000000 	727.7276537	0.0258992 	0.0038080 	-0.0272415	3.0436785 	0.1474214 	-0.0695342	8.7521447 	3.3528238 	-159.9609969	123.4230546	-0.4343059	-0.0253494	2.7712039 	3854181513.0246372	8.9678500 	0.0083157 	0.0000000 
53.7276142	-0.0676624	-3.6353375	-0.1050272	0.0000000 	-43.7235167	186.2635985	0.1143373 	0.0000000 	724.1755188	0.0243336 	0.0015307 	-0.0232724	3.0212334 	0.1739843 	-0.0686324	8.7707379 	0.0176323 	-159.6009884	123.3585023	-0.4336393	-0.0252592	1.1085069 	3854181573.0274782	8.9845181 	0.0127047 	0.0000000 
53.6602049	-0.0435262	-2.3356266	-0.0760539	0.0000000 	-10.4971851	186.2612741	0.1366053 	0.0000000 	731.0194674	0.0271499 	0.0041778 	-0.0263128	3.0669114 	0.2081126 	-0.0664175	8.7867604 	5.9958120 	-159.8115713	123.4293229	-0.4339130	-0.0252719	3.0540759 	3854181633.0308361	9.0011864 	0.0102482 	0.0000000 
53.7299244	-0.0724026	-3.8901843	-0.0453416	0.0000000 	-44.6542047	186.2498887	0.4628213 	0.0000000 	721.3106169	0.0245608 	0.0041384 	-0.0228479	3.0669114 	0.1595610 	-0.0663644	8.7453146 	1.4566178 	-159.3658742	123.3696271	-0.4328313	-0.0252804	2.9850823 	3854181693.0388250	9.0178558 	0.0104695 	0.0000000 
53.7975427	-0.0532341	-2.8638660	0.0212344 	0.0000000 	-55.0219154	186.2899101	0.1088306 	0.0000000 	721.0763630	0.0255492 	0.0033124 	-0.0361151	3.0531133 	0.1483360 	-0.0789508	8.7762742 	0.0178598 	-159.3146628	123.3364823	-0.4328471	-0.0252922	2.3885197 	3854181753.0433249	9.0345242 	0.0086080 	0.0000000 
53.8056120	-0.0611374	-3.2895361	0.0783864 	0.0000000 	-51.4503075	186.2536291	0.1040637 	0.0000000 	717.6286400	0.0272626 	0.0047009 	-0.0247429	3.0693128 	0.1501655 	-0.0651708	8.7479981 	0.0187417 	-158.2618102	123.4345492	-0.4296520	-0.0252707	3.3734837 	3854181813.0485091	9.0511931 	0.0097108 	0.0000000 
53.7148214	-0.0454767	-2.4427701	-0.0643767	0.0000000 	-47.0218634	186.2534501	0.0119626 	0.0000000 	721.1225405	0.0260947 	0.0033386 	-0.0202807	3.0241542 	0.1623087 	-0.0644148	8.7444717 	0.0177280 	-159.5576267	123.4736014	-0.4331495	-0.0252201	2.4075157 	3854181873.0543570	9.0678619 	0.0122857 	0.0000000 
53.6240876	-0.0551691	-2.9583924	0.0962528 	0.0000000 	-64.4801965	186.2532590	0.2867891 	0.0000000 	715.6292276	0.0246005 	0.0045592 	-0.0246279	3.0584288 	0.1360361 	-0.0621822	8.7491623 	3.5373894 	-159.8964947	123.4926354	-0.4340403	-0.0251867	3.2626638 	3854181933.0582919	9.0845303 	0.0130250 	0.0000000 
53.5970788	-0.0565032	-3.0284088	-0.0380679	0.0000000 	-43.4643222	186.2700590	0.3090062 	0.0000000 	712.2688146	0.0241801 	0.0048165 	-0.0270072	3.0753475 	0.1558455 	-0.0716607	8.7597190 	0.0191447 	-159.6158783	123.5239503	-0.4330789	-0.0252921	3.4306209 	3854181993.0641689	9.1011992 	0.0094503 	0.0000000 
53.5869385	-0.0535964	-2.8720666	-0.0177239	0.0000000 	-24.3002657	186.2567010	0.4333002 	0.0000000 	698.7612486	0.0242827 	0.0052062 	-0.0292272	3.0464594 	0.1869211 	-0.0739463	8.7473188 	0.0205098 	-159.4234529	123.4896124	-0.4327537	-0.0252606	3.6378956 	3854182053.0716939	9.1178686 	0.0123212 	0.0000000 
53.6351608	-0.0629951	-3.3787502	-0.0231465	0.0000000 	-54.6899288	186.2833391	0.4440318 	0.0000000 	696.0448652	0.0264365 	0.0037580 	-0.0244399	3.0339463 	0.1490526 	-0.0565986	8.7717443 	0.0186956 	-159.3069657	123.5163270	-0.4323119	-0.0252785	2.6157209 	3854182113.0793972	9.1345381 	0.0131568 	0.0000000 
53.7448307	-0.0631850	-3.3958683	0.0144655 	0.0000000 	-50.3956250	186.2526158	0.1612049 	0.0000000 	707.2328635	0.0252195 	0.0049666 	-0.0238827	3.0559852 	0.1566767 	-0.0368547	8.7599614 	0.0191971 	-158.5034188	123.3172163	-0.4307289	-0.0253218	3.5125476 	3854182173.0862513	9.1512072 	0.0113849 	0.0000000 
53.8961450	-0.0479881	-2.5863744	0.0376984 	0.0000000 	-42.0466499	186.2609502	0.1485131 	0.0000000 	707.2313091	0.0242669 	0.0039511 	-0.0174238	3.0397723 	0.1714256 	-0.0853037	8.7556147 	0.0179790 	-159.4244965	123.4110275	-0.4328708	-0.0252962	2.7943237 	3854182233.0925279	9.1678764 	0.0117240 	0.0000000 
53.9729252	-0.0647776	-3.4962368	-0.0264561	0.0000000 	-54.6436759	186.2741257	0.0845062 	0.0000000 	703.8661442	0.0258311 	0.0044794 	-0.0211121	3.0854636 	0.1575295 	-0.0875849	8.7164211 	0.0182539 	-159.1248165	123.4589139	-0.4317925	-0.0253170	3.1529225 	3854182293.0994592	9.1845456 	0.0095366 	0.0000000 
53.9611879	-0.0259327	-1.3993605	0.0618195 	0.0000000 	-43.6732105	186.2662815	-0.0021533	0.0000000 	718.6151728	0.0266584 	0.0029887 	-0.0268347	3.0835194 	0.1651133 	-0.0740126	8.7408297 	0.0160647 	-160.3140064	123.4924492	-0.4350286	-0.0252714	2.1477170 	3854182353.1076813	9.2012150 	0.0095700 	0.0000000 
53.8873888	-0.0629288	-3.3910685	0.0173077 	0.0000000 	-25.0256476	186.2615695	0.0280963 	0.0000000 	702.4016430	0.0273992 	0.0043590 	-0.0199003	3.0315870 	0.1897006 	-0.0393791	8.7812100 	0.0175664 	-159.3503401	123.4354535	-0.4325273	-0.0253021	3.0617480 	3854182413.1110001	9.2178833 	0.0111873 	0.0000000 
53.8769565	-0.0573470	-3.0896832	0.0605387 	0.0000000 	-49.6871811	186.2494544	-0.0030938	0.0000000 	719.9065592	0.0257317 	0.0047164 	-0.0246987	3.0820967 	0.1609888 	-0.0420140	8.7549297 	0.0176640 	-165.5115872	123.4754032	-0.4490647	-0.0254335	3.3953512 	3854182473.1160030	9.2345519 	0.0109691 	0.0000000 
53.8283571	-0.0482134	-2.5952491	0.0083324 	0.0000000 	-43.3767370	186.2488717	0.0038379 	0.0000000 	704.1346385	0.0254318 	0.0048182 	-0.0255190	3.0547157 	0.1636850 	-0.0535349	8.7739430 	0.0188509 	-158.5174387	123.4693451	-0.4301343	-0.0252671	3.3926902 	3854182533.1227250	9.2512211 	0.0108543 	0.0000000 
53.8590312	-0.0547340	-2.9479176	0.0267972 	0.0000000 	-30.5854794	186.2669584	0.0641315 	0.0000000 	690.2889562	0.0257901 	0.0049874 	-0.0228833	3.0415500 	0.1711246 	-0.0438398	8.7916370 	0.0182653 	-159.5336337	123.4100722	-0.4331286	-0.0252975	3.4427626 	3854182593.1275263	9.2678897 	0.0120171 	0.0000000 
53.9380068	-0.0555402	-2.9957268	0.1075093 	0.0000000 	-39.3708170	186.2728298	0.1047234 	0.0000000 	695.9348533	0.0277482 	0.0039555 	-0.0298154	3.0362012 	0.1736591 	-0.0507939	8.7378840 	0.0180155 	-158.6281077	123.4948614	-0.4303363	-0.0252504	2.7527728 	3854182653.1343203	9.2845589 	0.0091317 	0.0000000 
54.0408920	-0.0479285	-2.5900976	-0.0060935	0.0000000 	-55.7327104	186.2584840	0.1342794 	0.0000000 	691.3360017	0.0254767 	0.0044666 	-0.0238297	3.0409419 	0.1486468 	-0.0605907	8.8098920 	0.0186740 	-164.1247036	123.4331283	-0.4454681	-0.0254413	3.0879153 	3854182713.1405649	9.3012278 	0.0086583 	0.0000000 
54.1792954	-0.0727339	-3.9406711	-0.0014282	0.0000000 	-50.9492481	186.2677111	0.2823380 	0.0000000 	676.1927861	0.0281386 	0.0057417 	-0.0248424	3.0449058 	0.1526042 	-0.0377831	8.7508762 	0.0203122 	-158.9032315	123.4002671	-0.4315819	-0.0253115	3.8824644 	3854182773.1454792	9.3178967 	0.0097511 	0.0000000 
54.3239303	-0.0533954	-2.9006473	0.0620906 	0.0000000 	-41.5735973	186.2588558	0.0089383 	0.0000000 	693.0440363	0.0262860 	0.0039976 	-0.0297247	3.1047349 	0.1700117 	-0.0709799	8.7621488 	0.0176038 	-157.7654244	123.3565715	-0.4285610	-0.0252864	2.7704972 	3854182833.1529732	9.3345658 	0.0086818 	0.0000000 
54.4648947	-0.0640023	-3.4858784	0.0509370 	0.0000000 	-34.3852791	186.2581220	0.3151085 	0.0000000 	664.2062145	0.0249313 	0.0049533 	-0.0166012	3.0595629 	0.1853755 	-0.0512537	8.7778866 	0.0173178 	-158.6647157	123.4435606	-0.4307161	-0.0253051	3.2900261 	3854182893.1601419	9.3512353 	0.0078043 	0.0000000 
54.4933980	-0.0520480	-2.8362717	-0.0155362	0.0000000 	-31.4303679	186.2570735	0.2097624 	0.0000000 	657.7053688	0.0271024 	0.0041920 	-0.0321438	3.0476912 	0.1800198 	-0.0560592	8.7946053 	0.0183741 	-160.4500510	123.3743678	-0.4357277	-0.0252837	2.7571031 	3854182953.1680570	9.3679047 	0.0133923 	0.0000000 
54.4968210	-0.0560571	-3.0549313	-0.0283821	0.0000000 	-44.1238297	186.2455134	0.1092151 	0.0000000 	656.1380988	0.0262376 	0.0042974 	-0.0233321	3.0631206 	0.1607394 	-0.0483270	8.7799472 	0.0180728 	-158.2483557	123.2610808	-0.4301487	-0.0253009	2.8196942 	3854183013.1714392	9.3845728 	0.0119424 	0.0000000 
54.5854569	-0.0574288	-3.1347747	-0.0172191	0.0000000 	-36.6625256	186.2539819	0.3419163 	0.0000000 	641.4038592	0.0261040 	0.0055990 	-0.0313079	3.0561805 	0.1669133 	-0.0649320	8.7471214 	0.0182657 	-159.6575247	123.3317828	-0.4336205	-0.0253643	3.5912488 	3854183073.1722169	9.4012403 	0.0109374 	0.0000000 
54.6650592	-0.0613406	-3.3531892	0.0577713 	0.0000000 	-39.3635008	186.2556409	0.5757352 	0.0000000 	625.8868994	0.0267899 	0.0035844 	-0.0231707	3.0799972 	0.1700739 	-0.0331058	8.7896610 	3.2255290 	-160.7351981	123.2584782	-0.4366855	-0.0252531	2.2434084 	3854183133.1768751	9.4179089 	0.0122639 	0.0000000 
54.7717426	-0.0559091	-3.0622367	-0.0274097	0.0000000 	-35.1799033	186.2638819	0.9796555 	0.0000000 	610.6350474	0.0251950 	0.0046685 	-0.0240021	3.1265252 	0.1711654 	-0.0933895	8.7642179 	2.9910947 	-159.7517786	123.4109764	-0.4336113	-0.0252255	2.8507779 	3854183193.1821399	9.4345778 	0.0126938 	0.0000000 
54.8484046	-0.0513213	-2.8148900	-0.0991933	0.0000000 	-32.8989853	186.3351624	1.1011617 	0.0000000 	590.5611672	0.0259213 	0.0052598 	-0.0326833	3.0960636 	0.1764440 	-0.0177386	8.7351243 	3.4374988 	-176.9749592	123.2501339	-0.4809638	-0.0258266	3.1062311 	3854183253.1846437	9.4512458 	0.0085159 	0.0000000 
54.9509936	-0.0568699	-3.1250582	0.1243753 	0.0000000 	-46.0834519	186.2304657	0.3796771 	0.0000000 	628.7952899	0.0252522 	0.0040658 	-0.0278319	3.1058446 	0.1623889 	-0.0365320	8.7899570 	4.2893391 	-181.3200240	123.3494656	-0.4924723	-0.0258935	2.5565443 	3854183313.1939182	9.4679156 	0.0100337 	0.0000000 
55.0264138	-0.0675851	-3.7189633	-0.0915550	0.0000000 	-71.7367146	186.2733502	0.3262576 	0.0000000 	743.9168677	0.0214593 	0.0049484 	-0.0233321	3.0749058 	0.1360338 	-0.0336319	8.7495626 	0.0908658 	-181.4314221	123.3924681	-0.4927545	-0.0258492	3.6812344 	3854183373.2011261	9.4845850 	0.0108506 	0.0000000 
55.0981744	-0.0662045	-3.6477484	0.0421674 	0.0000000 	-59.5510929	186.2789321	0.3551369 	0.0000000 	785.2375596	0.0219770 	0.0045034 	-0.0259568	3.0228824 	0.1509462 	-0.0433712	8.7329905 	2.6905623 	-182.6512886	123.3636404	-0.4960295	-0.0258564	3.5362000 	3854183433.2084208	9.5012542 	0.0091547 	0.0000000 
55.1664034	-0.0506741	-2.7955068	0.0213840 	0.0000000 	-44.9942213	186.2533168	0.4139274 	0.0000000 	785.2237231	0.0210140 	0.0046464 	-0.0200175	3.0554259 	0.1708738 	-0.0293436	8.7425380 	0.0137955 	-180.4636249	123.4677641	-0.4897518	-0.0258255	3.6484651 	3854183493.2169628	9.5179239 	0.0118088 	0.0000000 
55.2608710	-0.0703064	-3.8851909	0.0244973 	0.0000000 	-46.5184968	186.2854186	0.2894430 	0.0000000 	785.2426677	0.0220616 	0.0029054 	-0.0277413	3.0538790 	0.1812300 	-0.0587693	8.7356035 	0.0145501 	-179.4693515	123.4131300	-0.4873660	-0.0258501	2.2814649 	3854183553.2211361	9.5345922 	0.0104001 	0.0000000 
55.3231906	-0.0562846	-3.1138418	0.0096600 	0.0000000 	-37.8583933	186.2965097	0.1078165 	0.0000000 	785.2569753	0.0206331 	0.0040472 	-0.0265428	3.0889170 	0.1820948 	-0.0657234	8.7543067 	0.0146690 	-180.7030541	123.5011369	-0.4903389	-0.0258654	3.1780767 	3854183613.2268410	9.5512611 	0.0074786 	0.0000000 
55.3841217	-0.0519773	-2.8787173	-0.0965942	0.0000000 	-39.0096784	186.2786677	0.2602603 	0.0000000 	785.2499827	0.0223046 	0.0025835 	-0.0121589	3.0229579 	0.1814857 	-0.0361695	8.7487395 	0.0153728 	-182.0537473	123.4779357	-0.4939155	-0.0257846	2.0286542 	3854183673.2333050	9.5679303 	0.0114106 	0.0000000 
55.3829145	-0.0672272	-3.7232395	-0.0562896	0.0000000 	-56.4246810	186.2941224	0.1720251 	0.0000000 	785.2476518	0.0231022 	0.0043762 	-0.0285130	3.0525739 	0.1533450 	-0.0555818	8.7699486 	0.0150932 	-181.5139709	123.4380021	-0.4926332	-0.0257708	3.4364345 	3854183733.2394218	9.5845992 	0.0119481 	0.0000000 
55.5099396	-0.0516703	-2.8682137	-0.1134135	0.0000000 	-38.3389079	186.2686633	0.1414438 	0.0000000 	785.2652574	0.0221281 	0.0030126 	-0.0278916	3.0529978 	0.1791496 	-0.0569699	8.7108962 	0.0140369 	-182.5528029	123.4412819	-0.4955143	-0.0258126	2.3656935 	3854183793.2462611	9.6012683 	0.0094131 	0.0000000 
55.5400513	-0.0583123	-3.2386678	0.0397740 	0.0000000 	-37.3499235	186.2990935	0.1457479 	0.0000000 	785.1776261	0.0225956 	0.0039838 	-0.0269032	3.0568974 	0.1823743 	-0.0534642	8.7751128 	0.0137129 	-182.0168742	123.4441937	-0.4938468	-0.0258477	3.1280284 	3854183853.2501907	9.6179367 	0.0146891 	0.0000000 
55.5240433	-0.0600529	-3.3343781	-0.1291296	0.0000000 	-54.9715150	186.2667936	0.1370624 	0.0000000 	785.1995215	0.0211189 	0.0042553 	-0.0188611	3.0954288 	0.1496809 	-0.0580884	8.7369256 	0.0130450 	-180.6409479	123.5715655	-0.4897466	-0.0259064	3.3412876 	3854183913.2566709	9.6346058 	0.0103919 	0.0000000 
55.4826159	-0.0698889	-3.8776185	-0.0123575	0.0000000 	-48.9710374	186.2736906	0.7234668 	0.0000000 	785.0633632	0.0212316 	0.0043656 	-0.0360421	3.0502790 	0.1667180 	-0.0408910	8.7476937 	0.0158807 	-180.3390428	123.5997121	-0.4888618	-0.0258958	3.4272834 	3854183973.2642841	9.6512753 	0.0102106 	0.0000000 
55.5297200	-0.0500379	-2.7785923	-0.0172845	0.0000000 	-44.0839187	186.2836389	0.3579397 	0.0000000 	785.2676379	0.0231047 	0.0046597 	-0.0300453	3.0689888 	0.1746718 	-0.0203293	8.7235839 	0.0155970 	-178.9432532	123.5050419	-0.4854215	-0.0258817	3.6591026 	3854184033.2709808	9.6679444 	0.0115676 	0.0000000 
55.6193265	-0.0629332	-3.5003029	0.0209539 	0.0000000 	-68.1889220	186.2908046	0.2645861 	0.0000000 	785.2326003	0.0222814 	0.0034896 	-0.0251785	3.0662811 	0.1416640 	-0.0519787	8.7648521 	2.9068178 	-181.3423873	123.5019625	-0.4918227	-0.0258487	2.7401398 	3854184093.2794428	9.6846139 	0.0088377 	0.0000000 
55.7070428	-0.0376927	-2.0997463	-0.0406950	0.0000000 	-53.0199317	186.2872738	0.0857907 	0.0000000 	785.2199292	0.0225547 	0.0037637 	-0.0178638	3.0464417 	0.1565388 	-0.0598082	8.7514935 	0.0148408 	-180.6510533	123.5556968	-0.4896850	-0.0258441	2.9553597 	3854184153.2862263	9.7012831 	0.0089332 	0.0000000 
55.7549451	-0.0725042	-4.0424661	-0.0129184	0.0000000 	-40.2168654	186.2677808	0.1847123 	0.0000000 	785.2034146	0.0231659 	0.0038736 	-0.0214791	3.1082638 	0.1723097 	-0.0680444	8.7278545 	0.0147175 	-181.1004837	123.4557882	-0.4914357	-0.0258498	3.0415405 	3854184213.2927208	9.7179522 	0.0097209 	0.0000000 
55.8215355	-0.0734429	-4.0996974	0.0376236 	0.0000000 	-41.6286183	186.2719040	0.1840846 	0.0000000 	785.2955341	0.0219499 	0.0037469 	-0.0293156	3.0404159 	0.1726998 	-0.0421289	8.7384281 	0.0159633 	-180.0176611	123.5572978	-0.4880002	-0.0258223	2.9424281 	3854184273.2995262	9.7346214 	0.0127106 	0.0000000 
55.8096443	-0.0467998	-2.6118776	-0.0199023	0.0000000 	-38.9731117	186.2839771	0.0143838 	0.0000000 	785.2491644	0.0225532 	0.0041552 	-0.0237058	3.0683829 	0.1684580 	-0.0535658	8.7282886 	0.0163468 	-182.4172932	123.5811025	-0.4943753	-0.0257891	3.2629019 	3854184333.3072729	9.7512908 	0.0126886 	0.0000000 
55.7730209	-0.0602760	-3.3617726	0.0242729 	0.0000000 	-24.9399205	186.2893595	0.5088944 	0.0000000 	785.1764607	0.0217046 	0.0033200 	-0.0200618	3.0949361 	0.2094262 	-0.0164522	8.7500700 	0.0177114 	-181.6106320	123.5420910	-0.4923960	-0.0258803	2.6067588 	3854184393.3113470	9.7679592 	0.0116909 	0.0000000 
55.5999323	-0.0555468	-3.0883989	-0.0786156	0.0000000 	-51.8365149	186.2924859	0.6996221 	0.0000000 	785.2164328	0.0226023 	0.0048895 	-0.0225361	3.0683984 	0.1653802 	-0.0502280	8.7356571 	1.0714085 	-180.3816474	123.5421963	-0.4891856	-0.0258978	3.8393511 	3854184453.3187227	9.7846286 	0.0097834 	0.0000000 
55.4651359	-0.0644507	-3.5747665	-0.0770730	0.0000000 	-45.9368722	186.2793368	0.3656187 	0.0000000 	785.2122422	0.0213168 	0.0038559 	-0.0277103	3.0159978 	0.1720705 	-0.0547330	8.7560798 	2.8322920 	-182.8049067	123.4649277	-0.4960376	-0.0258121	3.0276643 	3854184513.3256860	9.8012978 	0.0144039 	0.0000000 
55.3648563	-0.0487148	-2.6970895	-0.0833463	0.0000000 	-53.2545691	186.2779969	0.4569583 	0.0000000 	785.2515449	0.0237414 	0.0050587 	-0.0278518	3.0916536 	0.1633491 	-0.0552060	8.7355359 	0.8052789 	-180.3871388	123.5478354	-0.4891308	-0.0258549	3.9723729 	3854184573.3321018	9.8179669 	0.0121823 	0.0000000 
55.3645053	-0.0620298	-3.4342488	0.0284707 	0.0000000 	-39.7655762	186.2881253	0.1458940 	0.0000000 	785.1962980	0.0242745 	0.0031765 	-0.0218351	3.0181906 	0.1671377 	-0.0369785	8.7259489 	0.0152095 	-182.5006944	123.4431443	-0.4951987	-0.0258503	2.4941535 	3854184633.3382149	9.8346358 	0.0080989 	0.0000000 
55.3993730	-0.0449090	-2.4879291	-0.0484362	0.0000000 	-50.0383213	186.2862029	0.5417998 	0.0000000 	785.1657733	0.0223960 	0.0038727 	-0.0213664	3.0592233 	0.1643085 	-0.0782434	8.7390792 	2.6886180 	-182.2462533	123.5696393	-0.4941296	-0.0258363	3.0406992 	3854184693.3442922	9.8513047 	0.0110393 	0.0000000 
55.4009088	-0.0700811	-3.8825544	-0.0375537	0.0000000 	-54.2678763	186.2774314	0.2557846 	0.0000000 	785.1406295	0.0244558 	0.0042212 	-0.0297446	3.0588638 	0.1588180 	-0.0831242	8.7421292 	3.3236278 	-181.4628332	123.5435601	-0.4920365	-0.0258543	3.3142621 	3854184753.3503523	9.8679739 	0.0092118 	0.0000000 
55.4815420	-0.0636003	-3.5286420	-0.0804480	0.0000000 	-11.7978803	186.2811745	0.4691252 	0.0000000 	785.1607183	0.0240670 	0.0045906 	-0.0333666	3.0934158 	0.2095843 	-0.0852108	8.7510989 	4.3095239 	-183.0815644	123.4422358	-0.4968136	-0.0257777	3.6043577 	3854184813.3564978	9.8846428 	0.0119203 	0.0000000 
55.5953545	-0.0501197	-2.7864202	-0.0531482	0.0000000 	-51.5741690	186.2720733	0.4380463 	0.0000000 	785.2324407	0.0236773 	0.0041451 	-0.0252846	3.1059622 	0.1571886 	-0.0907016	8.7298728 	3.4161536 	-180.7841215	123.3782292	-0.4906903	-0.0258142	3.2548338 	3854184873.3634739	9.9013119 	0.0102051 	0.0000000 
55.5140895	-0.0566954	-3.1473942	-0.0513438	0.0000000 	-49.7344847	186.2805501	0.1870872 	0.0000000 	785.2755480	0.0220648 	0.0036508 	-0.0119068	3.0183326 	0.1671668 	-0.0559973	8.7698754 	2.5341314 	-182.4418243	123.3088126	-0.4955394	-0.0258866	2.8668837 	3854184933.3672028	9.9179803 	0.0109259 	0.0000000 
55.4204411	-0.0411164	-2.2786876	0.0087719 	0.0000000 	-29.1108543	186.2550051	0.2488935 	0.0000000 	785.2139780	0.0238718 	0.0042974 	-0.0291719	3.1105964 	0.1966332 	-0.0440034	8.7216642 	0.0176991 	-189.1935940	123.4549914	-0.5132955	-0.0258236	3.3743862 	3854184993.3715939	9.9346489 	0.0111510 	0.0000000 
55.2537509	-0.0424881	-2.3476254	-0.0018582	0.0000000 	-48.0450097	186.2808065	0.6586824 	0.0000000 	781.8162687	0.0247435 	0.0031455 	-0.0263128	3.0769166 	0.1663906 	-0.0428318	8.7433583 	4.4705553 	-181.6405001	123.5221396	-0.4926924	-0.0258645	2.4591792 	3854185053.3753548	9.9513172 	0.0120698 	0.0000000 
55.1809767	-0.0655706	-3.6182488	-0.0776620	0.0000000 	-44.7977075	186.2769418	0.6941719 	0.0000000 	785.1587807	0.0240719 	0.0033412 	-0.0227749	3.0704603 	0.1680352 	-0.0337778	8.7361927 	4.2153779 	-180.3625201	123.5833111	-0.4890371	-0.0259242	2.6233914 	3854185113.3837528	9.9679867 	0.0095631 	0.0000000 
55.2039244	-0.0624981	-3.4501387	-0.0393768	0.0000000 	-42.9371613	186.2629904	0.9427052 	0.0000000 	784.9397024	0.0233165 	0.0053922 	-0.0254284	3.1127382 	0.1677665 	-0.0817713	8.8701256 	6.5190206 	-181.7857682	123.5639694	-0.4928019	-0.0258309	4.2325660 	3854185173.3916621	9.9846564 	0.0132597 	0.0000000 
55.2841113	-0.0500357	-2.7661804	0.0025359 	0.0000000 	-55.7035291	186.2813703	0.2961136 	0.0000000 	785.1568961	0.0231781 	0.0040729 	-0.0270094	3.0211313 	0.1588274 	-0.0264037	8.7388988 	0.8574163 	-182.2140715	123.6062711	-0.4937444	-0.0258209	3.1978402 	3854185233.3998342	10.0013258	0.0128389 	0.0000000 
55.3279620	-0.0505946	-2.7992940	-0.0711268	0.0000000 	-31.0735145	186.2753386	0.5265134 	0.0000000 	785.1653016	0.0211480 	0.0041880 	-0.0327165	3.0654533 	0.1878236 	-0.0623104	8.7471496 	3.1713947 	-180.7220231	123.5351974	-0.4901100	-0.0258384	3.2882860 	3854185293.4082561	10.0179956	0.0107416 	0.0000000 
55.3006319	-0.0564524	-3.1218556	-0.0549339	0.0000000 	-78.1668504	186.2619319	0.2778416 	0.0000000 	785.2455193	0.0229071 	0.0044002 	-0.0274538	3.1440254 	0.1319174 	-0.0656040	8.7485929 	3.0787517 	-182.0590925	123.5022482	-0.4939353	-0.0258398	3.4552049 	3854185353.4151592	10.0346647	0.0131505 	0.0000000 
55.3269258	-0.0347659	-1.9234917	-0.0355997	0.0000000 	-58.5439686	186.2674030	0.3820295 	0.0000000 	785.1168997	0.0238820 	0.0041499 	-0.0310802	3.0652491 	0.1609176 	-0.0737695	8.7195444 	3.2055496 	-180.7856779	123.3969207	-0.4910663	-0.0258669	3.2581797 	3854185413.4234648	10.0513342	0.0116226 	0.0000000 
55.2341049	-0.0554408	-3.0622221	-0.0432474	0.0000000 	-28.0981022	186.2784539	0.3479461 	0.0000000 	785.1970171	0.0247142 	0.0043935 	-0.0244377	3.0622861 	0.1919901 	-0.0384507	8.7121562 	0.0253037 	-180.9921359	123.3066149	-0.4919216	-0.0258686	3.4497752 	3854185473.4309731	10.0680036	0.0141762 	0.0000000 
55.1288370	-0.0729945	-4.0241039	-0.0438364	0.0000000 	-51.4226628	186.3043785	0.7519342 	0.0000000 	785.0373268	0.0232002 	0.0038302 	-0.0301448	3.1001318 	0.1646959 	-0.0724167	8.7442998 	0.0156943 	-181.7702349	123.1624046	-0.4946853	-0.0258640	3.0068244 	3854185533.4368210	10.0846725	0.0112703 	0.0000000 
55.1257897	-0.0564259	-3.1105241	-0.0757173	0.0000000 	-74.4520776	186.3024131	0.3006515 	0.0000000 	785.1859330	0.0216434 	0.0047235 	-0.0355711	3.0593032 	0.1197675 	-0.0538399	8.7348988 	0.0147641 	-181.4311186	122.9276955	-0.4946356	-0.0258571	3.7087973 	3854185593.4416599	10.1013411	0.0126275 	0.0000000 
55.3739568	-0.0641923	-3.5545794	-0.0293824	0.0000000 	-54.3396577	186.2718550	0.5852718 	0.0000000 	784.9753104	0.0224704 	0.0027478 	-0.0252316	3.0564024 	0.1518970 	-0.0336805	8.7222196 	0.0200147 	-182.4663503	123.0591291	-0.4969017	-0.0258610	2.1569237 	3854185653.4450102	10.1180094	0.0094017 	0.0000000 
55.5094996	-0.0614864	-3.4130801	-0.0168731	0.0000000 	-19.5138147	186.2916609	0.2231733 	0.0000000 	785.1322235	0.0227686 	0.0045720 	-0.0312527	3.1220509 	0.2142274 	-0.0469389	8.7651312 	0.0161288 	-183.5437880	123.0882249	-0.4997835	-0.0258049	3.5896226 	3854185713.4495602	10.1346781	0.0098721 	0.0000000 
55.5689305	-0.0576452	-3.2032832	-0.0215665	0.0000000 	-52.9388302	186.2857295	0.6820163 	0.0000000 	784.4397031	0.0230303 	0.0046646 	-0.0361173	3.0725754 	0.1656651 	-0.1000961	8.7197051 	0.0147404 	-181.6914421	122.9909908	-0.4950317	-0.0258351	3.6590662 	3854185773.4528651	10.1513461	0.0134362 	0.0000000 
55.5819001	-0.0520347	-2.8921894	0.0340335 	0.0000000 	-38.9248828	186.2511187	0.5237614 	0.0000000 	783.9595078	0.0223793 	0.0039037 	-0.0225582	3.0797664 	0.1778494 	-0.0907458	8.7479953 	3.4140320 	-182.0167366	122.9612579	-0.4959987	-0.0258478	3.0603319 	3854185833.4560881	10.1680144	0.0094582 	0.0000000 
55.6184674	-0.0659858	-3.6700317	-0.0685745	0.0000000 	-45.9693325	186.2801909	0.2624703 	0.0000000 	785.1848171	0.0228272 	0.0038288 	-0.0279911	3.0823076 	0.1699700 	-0.0563864	8.7308763 	3.4776246 	-181.3864905	122.9665341	-0.4942839	-0.0258893	3.0063461 	3854185893.4582472	10.1846822	0.0117058 	0.0000000 
55.7083448	-0.0663150	-3.6942970	0.0178313 	0.0000000 	-40.8206356	186.2392944	0.0962434 	0.0000000 	785.1575408	0.0210232 	0.0038855 	-0.0199844	3.0663987 	0.1699808 	-0.0379202	8.7462589 	1.1043168 	-181.1852791	122.9748637	-0.4937019	-0.0258813	3.0507516 	3854185953.4611301	10.2013503	0.0096268 	0.0000000 
55.6615065	-0.0520281	-2.8959628	0.0896429 	0.0000000 	-40.7812718	186.3111185	0.2125124 	0.0000000 	785.1501514	0.0215026 	0.0044471 	-0.0272261	3.0112393 	0.1800713 	-0.0484066	8.7495570 	3.3764036 	-181.2588613	122.9825347	-0.4938795	-0.0258369	3.4916447 	3854186013.4638910	10.2180183	0.0098764 	0.0000000 
55.4930061	-0.0596840	-3.3120441	-0.0271947	0.0000000 	-39.3881004	186.3059610	0.0814112 	0.0000000 	785.1623018	0.0237809 	0.0046925 	-0.0212868	3.0484680 	0.1776040 	-0.0763690	8.7668338 	0.0161094 	-181.9087413	122.9850959	-0.4957113	-0.0258530	3.6843442 	3854186073.4706120	10.2346875	0.0085198 	0.0000000 
55.4528581	-0.0545374	-3.0242527	-0.0997542	0.0000000 	-41.8083518	186.3046410	0.6653370 	0.0000000 	785.2277401	0.0216102 	0.0035427 	-0.0328713	3.0024437 	0.1659822 	-0.0520539	8.7395725 	1.2308312 	-180.8637431	123.0519185	-0.4925949	-0.0258445	2.7818546 	3854186133.4772840	10.2513567	0.0121178 	0.0000000 
55.4310775	-0.0484851	-2.6875818	-0.0296910	0.0000000 	-57.8775422	186.3051529	0.4165125 	0.0000000 	785.1272394	0.0209978 	0.0044219 	-0.0264278	3.0542540 	0.1542896 	-0.0581724	8.7867942 	3.2484905 	-181.7003903	123.0107301	-0.4950649	-0.0258174	3.4717227 	3854186193.4814367	10.2680250	0.0118644 	0.0000000 
55.3701309	-0.0458698	-2.5398183	0.0308922 	0.0000000 	-61.4210215	186.2879665	0.0664839 	0.0000000 	785.1716005	0.0211823 	0.0043311 	-0.0333489	3.0627012 	0.1547347 	-0.0468062	8.7352766 	0.0337015 	-181.7780901	123.0544151	-0.4951215	-0.0258290	3.4006323 	3854186253.4861498	10.2846936	0.0103849 	0.0000000 
55.2674529	-0.0524500	-2.8987778	-0.0454631	0.0000000 	-64.8912272	186.3082052	0.1409151 	0.0000000 	785.1489116	0.0229729 	0.0062935 	-0.0279867	3.0668293 	0.1617636 	-0.0485923	8.7372780 	0.0146038 	-182.1087273	122.9407984	-0.4962834	-0.0258389	4.9413237 	3854186313.4902658	10.3013619	0.0115715 	0.0000000 
55.0353320	-0.0536030	-2.9500600	-0.0924151	0.0000000 	-36.7743467	186.2899581	0.5532806 	0.0000000 	785.1402576	0.0231081 	0.0060375 	-0.0266445	3.0393195 	0.1796150 	-0.1075675	8.8883412 	4.8609227 	-181.1482929	123.0220500	-0.4933735	-0.0258424	4.7402838 	3854186373.4942470	10.3180303	0.0105989 	0.0000000 
54.7188945	-0.0728068	-3.9839068	0.0074630 	0.0000000 	-43.2736297	186.3026277	0.8572210 	0.0000000 	785.1779485	0.0224488 	0.0042757 	-0.0293378	3.0792071 	0.1714149 	-0.0527612	8.7215289 	3.1702463 	-182.0427704	122.9750485	-0.4959984	-0.0258529	3.3571919 	3854186433.5000291	10.3346992	0.0095890 	0.0000000 
54.4631977	-0.0741984	-4.0410800	-0.0267553	0.0000000 	-42.7038870	186.2900836	0.4763199 	0.0000000 	785.1497299	0.0227229 	0.0038213 	-0.0299149	3.0391642 	0.1502972 	-0.0641716	8.7425605 	3.3201007 	-181.2226142	123.1143611	-0.4930984	-0.0258278	3.0003004 	3854186493.5039148	10.3513675	0.0097698 	0.0000000 
54.3992234	-0.0608083	-3.3079241	-0.0815045	0.0000000 	-62.0491328	186.2775089	1.1647671 	0.0000000 	785.1609003	0.0213865 	0.0046265 	-0.0195156	3.0202058 	0.1646547 	-0.0393702	8.7209539 	3.3848329 	-181.6063058	122.9782618	-0.4947542	-0.0259005	3.6325251 	3854186553.5065680	10.3680356	0.0091335 	0.0000000 
54.4060487	-0.0501174	-2.7266924	-0.0722674	0.0000000 	-43.3049046	186.2916382	0.2856092 	0.0000000 	785.1655749	0.0214916 	0.0047562 	-0.0247318	3.0895252 	0.1696941 	-0.0858253	8.7369312 	0.0153717 	-182.6557357	122.9977567	-0.4974366	-0.0258704	3.7344336 	3854186613.5101032	10.3847039	0.0089729 	0.0000000 
54.6461831	-0.0499297	-2.7284674	-0.0070845	0.0000000 	-44.0600460	186.3165845	0.6840689 	0.0000000 	785.1363893	0.0231795 	0.0036822 	-0.0150202	3.0351936 	0.1769653 	-0.0296663	8.7169877 	3.3295785 	-182.1648024	123.0986840	-0.4957867	-0.0258494	2.8910640 	3854186673.5144191	10.4013722	0.0092269 	0.0000000 
54.8316977	-0.0608746	-3.3378556	0.0148956 	0.0000000 	-47.8976354	186.2583570	0.4525807 	0.0000000 	785.1726668	0.0227099 	0.0042252 	-0.0232326	3.0471186 	0.1690532 	-0.0650337	8.7540671 	1.3447116 	-180.4315911	122.9666313	-0.4915797	-0.0258543	3.3175270 	3854186733.5210190	10.4180414	0.0094596 	0.0000000 
54.6756950	-0.0438929	-2.3998750	0.0792652 	0.0000000 	-43.4369400	186.2994826	0.3494125 	0.0000000 	785.1083443	0.0227208 	0.0051141 	-0.0222486	3.0771097 	0.1811632 	-0.0647419	8.7643250 	3.2907285 	-181.4705138	122.8231867	-0.4948649	-0.0258739	4.0151124 	3854186793.5281749	10.4347106	0.0112275 	0.0000000 
54.4023910	-0.0526024	-2.8616968	0.0353798 	0.0000000 	-44.6394835	186.2908972	0.2916163 	0.0000000 	785.1429604	0.0218828 	0.0053178 	-0.0294859	3.1046262 	0.1642198 	-0.0063415	8.7298587 	0.0143167 	-181.6668522	122.9107813	-0.4950499	-0.0258400	4.1752438 	3854186853.5348072	10.4513797	0.0094691 	0.0000000 
54.3451347	-0.0568059	-3.0871219	0.0777693 	0.0000000 	-38.0897988	186.3212098	0.0416628 	0.0000000 	785.1691705	0.0224109 	0.0036991 	-0.0247849	3.1035608 	0.1724418 	-0.0511432	8.7673891 	3.4613030 	-181.6411539	122.9380758	-0.4948544	-0.0258559	2.9043988 	3854186913.5421352	10.4680492	0.0138624 	0.0000000 
54.2787754	-0.0555844	-3.0170510	-0.0046069	0.0000000 	-43.9225505	186.2951885	-0.0026405	0.0000000 	785.1455145	0.0220218 	0.0045720 	-0.0204863	3.1034099 	0.1702405 	-0.0564527	8.7088440 	0.0152322 	-181.5613390	123.0087900	-0.4945362	-0.0258236	3.5896833 	3854186973.5502720	10.4847186	0.0128676 	0.0000000 
54.2623867	-0.0493002	-2.6751451	-0.0513906	0.0000000 	-43.4880073	186.2975478	0.0388797 	0.0000000 	785.1237430	0.0229946 	0.0054458 	-0.0250436	3.1235912 	0.1748379 	-0.0609886	8.7165875 	0.0147714 	-182.3004604	123.0401584	-0.4963880	-0.0257933	4.2756323 	3854187033.5587120	10.5013883	0.0101301 	0.0000000 
54.2912011	-0.0601324	-3.2646596	-0.1162276	0.0000000 	-53.2229107	186.2801053	0.3850368 	0.0000000 	785.2249133	0.0222406 	0.0048453 	-0.0319271	3.0510581 	0.1565034 	-0.0414658	8.7602856 	0.0149543 	-188.9088776	123.0617686	-0.5143156	-0.0259325	3.8046163 	3854187093.5644469	10.5180572	0.0090188 	0.0000000 
54.2886205	-0.0551426	-2.9936151	-0.0209868	0.0000000 	-42.9423064	186.2753845	0.0298021 	0.0000000 	785.1749977	0.0252245 	0.0045224 	-0.0293378	3.0599358 	0.1708523 	-0.0546843	8.7158094 	0.0161269 	-181.6225473	123.0568629	-0.4945981	-0.0258153	3.5508711 	3854187153.5714607	10.5347264	0.0126807 	0.0000000 
54.3394438	-0.0621756	-3.3785863	-0.0465664	0.0000000 	-36.9842305	186.2653170	0.0419493 	0.0000000 	785.1155353	0.0230104 	0.0042562 	-0.0264698	3.0765393 	0.1824191 	-0.0618816	8.7184620 	0.0161096 	-181.1414928	123.0982438	-0.4929454	-0.0258294	3.3416256 	3854187213.5768461	10.5513953	0.0115540 	0.0000000 
54.3396256	-0.0322478	-1.7523351	-0.0334494	0.0000000 	-39.3620789	186.2887669	0.1059882 	0.0000000 	785.1055756	0.0224199 	0.0049653 	-0.0267639	3.0789807 	0.1730469 	-0.0497152	8.7660755 	0.0156493 	-182.2344491	123.0889346	-0.4960239	-0.0258197	3.8982676 	3854187273.5859318	10.5680650	0.0102138 	0.0000000 
54.3879382	-0.0765199	-4.1617577	-0.0784473	0.0000000 	-45.5100986	186.2752191	0.2907398 	0.0000000 	785.1807035	0.0245998 	0.0034085 	-0.0223924	3.0477644 	0.1685749 	-0.0671956	8.7906843 	0.0155111 	-181.1065138	122.9994705	-0.4932150	-0.0258023	2.6763216 	3854187333.5936098	10.5847344	0.0126761 	0.0000000 
54.5322977	-0.0446461	-2.4346556	-0.0438457	0.0000000 	-46.8158401	186.2820291	0.4011827 	0.0000000 	785.1168000	0.0227954 	0.0043457 	-0.0191132	3.0058284 	0.1732802 	-0.0595606	8.7538247 	0.7232881 	-183.9084149	123.0845179	-0.5006777	-0.0258223	3.4118695 	3854187393.6010733	10.6014036	0.0101763 	0.0000000 
54.6957631	-0.0738295	-4.0381599	-0.0567944	0.0000000 	-53.1157098	186.2847898	0.3121106 	0.0000000 	785.1457872	0.0226739 	0.0043785 	-0.0246898	3.0922995 	0.1492617 	-0.0842780	8.7652383 	1.4627904 	-181.8661934	123.0212938	-0.4953859	-0.0258329	3.4377274 	3854187453.6068568	10.6180725	0.0090006 	0.0000000 
54.6429958	-0.0494349	-2.7012718	-0.1417511	0.0000000 	-50.5851973	186.2711590	0.6066162 	0.0000000 	784.9547764	0.0241376 	0.0046575 	-0.0282078	3.0532864 	0.1692803 	-0.0488178	8.7327509 	4.2010250 	-180.7000742	123.0366963	-0.4921774	-0.0258063	3.6559065 	3854187513.6127648	10.6347417	0.0123911 	0.0000000 
54.4421140	-0.0548709	-2.9872878	-0.0364879	0.0000000 	-48.5535462	186.2426423	0.3027871 	0.0000000 	785.0803985	0.0233635 	0.0047523 	-0.0223990	3.0735986 	0.1616114 	-0.0658604	8.7674709 	3.1877999 	-181.6888107	122.9880047	-0.4949171	-0.0258059	3.7308992 	3854187573.6201191	10.6514108	0.0099678 	0.0000000 
54.2806790	-0.0737941	-4.0055961	0.0638015 	0.0000000 	-47.4240814	186.2856966	1.0230663 	0.0000000 	784.9722604	0.0244791 	0.0036548 	-0.0269253	3.0589326 	0.1733541 	-0.1061262	8.7429185 	4.1697580 	-181.7786989	122.8810916	-0.4955096	-0.0258186	2.8689053 	3854187633.6277542	10.6680803	0.0097779 	0.0000000 
54.2263039	-0.0493201	-2.6744442	0.0728890 	0.0000000 	-41.5988493	186.2811239	0.5754987 	0.0000000 	785.1645583	0.0227284 	0.0056336 	-0.0201856	3.0910899 	0.1651263 	-0.0557719	8.7510989 	3.1993621 	-180.0418225	122.8962610	-0.4907475	-0.0258628	4.4232948 	3854187693.6373148	10.6847503	0.0110134 	0.0000000 
54.1859122	-0.0644198	-3.4906441	-0.0375724	0.0000000 	-47.1866441	186.2643673	0.2054205 	0.0000000 	785.0815392	0.0220423 	0.0051668 	-0.0293046	3.0600401 	0.1747107 	-0.0218545	8.7481137 	3.5250160 	-180.9215841	122.9761846	-0.4928788	-0.0258250	4.0563516 	3854187753.6442151	10.7014194	0.0118604 	0.0000000 
54.1532141	-0.0493709	-2.6735906	-0.1343091	0.0000000 	-45.8614741	186.2788630	-0.0026735	0.0000000 	785.1419560	0.0204507 	0.0041685 	-0.0260630	3.0929830 	0.1624359 	-0.0675713	8.7323985 	0.0144781 	-181.4780699	122.9371504	-0.4943890	-0.0258219	3.2728882 	3854187813.6525969	10.7180889	0.0160091 	0.0000000 
54.1715458	-0.0632645	-3.4271380	0.1169801 	0.0000000 	-37.8208950	186.2703351	0.0554695 	0.0000000 	785.1784692	0.0227161 	0.0055689 	-0.0218307	3.1412112 	0.1783497 	-0.0790967	8.7211371 	0.0151548 	-181.0994188	123.0132434	-0.4931715	-0.0258233	4.3726028 	3854187873.6593428	10.7347581	0.0136727 	0.0000000 
54.1678548	-0.0632535	-3.4263062	0.0036111 	0.0000000 	-9.8150363	186.2723175	-0.0014342	0.0000000 	785.1503498	0.0232838 	0.0033780 	-0.0224764	3.0022551 	0.2156776 	-0.0355638	8.7466761 	0.0155669 	-181.0665192	122.9669231	-0.4933482	-0.0258492	2.6522248 	3854187933.6648679	10.7514269	0.0098261 	0.0000000 
53.9176787	-0.0482178	-2.5997938	0.0000771 	0.0000000 	-41.8005768	186.2769007	0.0015750 	0.0000000 	785.1542677	0.0235171 	0.0052833 	-0.0283869	3.0991997 	0.1693976 	-0.0896052	8.7288016 	0.0159523 	-180.6600589	122.9816271	-0.4920152	-0.0257740	4.1481809 	3854187993.6729212	10.7680964	0.0123768 	0.0000000 
53.6180413	-0.0574641	-3.0811122	0.0021900 	0.0000000 	-57.5437938	186.2973628	0.0077320 	0.0000000 	785.0868704	0.0233356 	0.0040760 	-0.0211055	3.0838834 	0.1613319 	-0.0483094	8.7027806 	0.0146660 	-181.1651948	123.0846381	-0.4932835	-0.0257683	3.1999889 	3854188053.6795421	10.7847656	0.0138474 	0.0000000 
53.5169189	-0.0586922	-3.1410266	-0.1699671	0.0000000 	-37.7903297	186.2860755	0.1149489 	0.0000000 	785.1417206	0.0236090 	0.0036415 	-0.0135962	3.0743643 	0.1807799 	-0.0534597	8.7172527 	0.0169316 	-181.6154194	122.9879535	-0.4947295	-0.0258531	2.8590928 	3854188113.6856141	10.8014344	0.0106671 	0.0000000 
53.8445464	-0.0626129	-3.3713648	-0.0029989	0.0000000 	-63.6621163	186.2801239	0.0649543 	0.0000000 	785.1961988	0.0232884 	0.0041774 	-0.0248645	3.0342903 	0.1409667 	-0.0822974	8.7557754 	0.0147339 	-179.9367771	123.0772462	-0.4899809	-0.0257871	3.2800694 	3854188173.6910448	10.8181033	0.0137683 	0.0000000 
54.3331026	-0.0552177	-3.0001485	-0.0498666	0.0000000 	-24.3695620	186.2501175	0.0000700 	0.0000000 	785.0732075	0.0234591 	0.0053448 	-0.0264367	3.0604218 	0.1953080 	-0.0551397	8.8029886 	0.0146931 	-181.3559813	123.1372483	-0.4936328	-0.0258256	4.1960824 	3854188233.6987491	10.8347728	0.0125080 	0.0000000 
54.6786443	-0.0926224	-5.0644674	-0.1292979	0.0000000 	-68.6526494	186.2908141	0.0161575 	0.0000000 	785.1819684	0.0214576 	0.0035051 	-0.0171983	3.0728284 	0.1493598 	-0.0663379	8.7748760 	0.0168869 	-181.4215426	123.1294322	-0.4937552	-0.0258294	2.7521342 	3854188293.7051668	10.8514419	0.0119170 	0.0000000 
54.7947024	-0.0728885	-3.9939043	0.0434576 	0.0000000 	-47.8477523	186.2684638	0.0327812 	0.0000000 	785.0398808	0.0220822 	0.0040428 	-0.0214637	3.0103826 	0.1777043 	-0.0600823	8.7666139 	0.0155194 	-180.5464658	123.0200123	-0.4917706	-0.0258497	3.1737212 	3854188353.7150249	10.8681119	0.0100160 	0.0000000 
54.9173253	-0.0618796	-3.3982616	0.1189621 	0.0000000 	-42.3426944	186.2606699	0.1202634 	0.0000000 	785.0745217	0.0255408 	0.0043988 	-0.0252603	3.1182756 	0.1665420 	-0.0905690	8.7664843 	0.0169869 	-179.9990612	122.9950396	-0.4904427	-0.0258263	3.4534094 	3854188413.7226877	10.8847814	0.0094326 	0.0000000 
54.9690292	-0.0423909	-2.3301857	-0.0659848	0.0000000 	-55.4832469	186.2862165	0.3008494 	0.0000000 	785.2052000	0.0233041 	0.0050051 	-0.0248557	3.0876231 	0.1645154 	-0.0475887	8.7459319 	0.0147501 	-180.6689151	123.0921090	-0.4917536	-0.0257837	3.9300601 	3854188473.7317829	10.9014511	0.0136179 	0.0000000 
54.9102473	-0.0637439	-3.5001912	-0.0220900	0.0000000 	-31.8966753	186.2954411	0.0807958 	0.0000000 	785.2087707	0.0225370 	0.0044427 	-0.0256760	3.0932183 	0.1809021 	-0.0701001	8.7052641 	0.0149643 	-181.7976129	122.9819768	-0.4952864	-0.0258627	3.4884278 	3854188533.7360501	10.9181194	0.0098581 	0.0000000 
54.8797236	-0.0416200	-2.2840937	-0.0388532	0.0000000 	-50.2517594	186.2559775	0.2175441 	0.0000000 	785.0932680	0.0218788 	0.0052881 	-0.0225250	3.0807984 	0.1588623 	-0.0857590	8.7789267 	0.0167422 	-181.4564962	122.9786816	-0.4942803	-0.0258294	4.1516834 	3854188593.7412839	10.9347881	0.0116096 	0.0000000 
54.8469721	-0.0613495	-3.3648324	0.0548917 	0.0000000 	-45.8310935	186.2327058	0.1216243 	0.0000000 	784.9043176	0.0229751 	0.0052930 	-0.0296097	3.0499084 	0.1687191 	-0.0334197	8.7747154 	0.0155521 	-181.1613277	122.9841215	-0.4935402	-0.0258564	4.1545080 	3854188653.7488079	10.9514575	0.0106003 	0.0000000 
54.9752034	-0.0456843	-2.5115027	0.0903721 	0.0000000 	-50.2198009	186.2946799	0.1902887 	0.0000000 	785.0767286	0.0216034 	0.0043116 	-0.0227904	3.0819525 	0.1595176 	-0.0559708	8.7632003 	0.0982892 	-181.7456081	122.9145283	-0.4953093	-0.0258384	3.3849227 	3854188713.7553482	10.9681267	0.0126592 	0.0000000 
55.0049947	-0.0497066	-2.7341114	-0.0848983	0.0000000 	-46.3035123	186.2567660	0.0910524 	0.0000000 	785.1168496	0.0240841 	0.0052275 	-0.0348790	3.0366451 	0.1661555 	-0.0585305	8.7423914 	0.0150553 	-180.9505568	122.8529596	-0.4935506	-0.0258329	4.1041711 	3854188773.7620192	10.9847958	0.0110854 	0.0000000 
55.0518918	-0.0931835	-5.1299252	0.0539381 	0.0000000 	-49.4563974	186.2685801	0.3980302 	0.0000000 	785.1764607	0.0223751 	0.0041699 	-0.0223791	3.0972554 	0.1694223 	-0.0391669	8.7456415 	0.0158957 	-181.2401940	123.6178907	-0.4912854	-0.0258014	3.2740753 	3854188833.7707992	11.0014656	0.0113785 	0.0000000 
55.1677897	-0.0487082	-2.6871238	0.0156062 	0.0000000 	-62.3526057	186.2774650	0.0626462 	0.0000000 	784.9759799	0.0236412 	0.0045981 	-0.0255455	3.0856367 	0.1579146 	-0.0345249	8.7658838 	0.0165232 	-179.6430822	123.5156791	-0.4874211	-0.0258096	3.6094198 	3854188893.7783842	11.0181350	0.0108893 	0.0000000 
55.2816155	-0.0508397	-2.8105032	-0.0817850	0.0000000 	-36.8782031	186.2935879	0.0936017 	0.0000000 	784.7274184	0.0237184 	0.0050556 	-0.0252382	3.0605483 	0.1888559 	-0.0707146	8.7318516 	0.0157700 	-183.0058863	123.5693148	-0.4961343	-0.0258403	3.9672887 	3854188953.7873850	11.0348047	0.0101146 	0.0000000 
55.3406603	-0.0599402	-3.3171312	0.0120441 	0.0000000 	-39.5736081	186.2912247	0.0218734 	0.0000000 	785.1989016	0.0223268 	0.0037376 	-0.0229828	3.1090117 	0.1754994 	-0.0364259	8.7416895 	0.0157427 	-180.5916917	123.5505548	-0.4896725	-0.0258248	2.9347632 	3854189013.7929740	11.0514736	0.0081765 	0.0000000 
55.6279319	-0.0530552	-2.9513524	0.0936070 	0.0000000 	-38.4423642	186.2540289	0.0567428 	0.0000000 	785.0254492	0.0237232 	0.0050512 	-0.0207428	3.0676261 	0.1708201 	-0.0804849	8.7299630 	0.0149602 	-179.3657769	123.6331885	-0.4860813	-0.0258024	3.9653186 	3854189073.7985730	11.0681422	0.0112469 	0.0000000 
55.9730484	-0.0532606	-2.9811608	-0.0272789	0.0000000 	-46.5215842	186.3038205	0.5619030 	0.0000000 	784.4833699	0.0244403 	0.0039263 	-0.0210015	3.0419340 	0.1664511 	-0.0624033	8.7198743 	3.2013852 	-181.6485226	123.6022224	-0.4924711	-0.0258334	3.0800961 	3854189133.8030558	11.0848108	0.0067509 	0.0000000 
56.1512976	-0.0634589	-3.5633007	-0.0701826	0.0000000 	-58.8198987	186.2708818	0.2660262 	0.0000000 	784.9659372	0.0243598 	0.0042571 	-0.0325506	3.0471053 	0.1540652 	-0.0646756	8.7623067 	0.0167666 	-180.4849869	123.6989824	-0.4888693	-0.0258039	3.3416842 	3854189193.8121290	11.1014806	0.0100491 	0.0000000 
56.1391818	-0.0494614	-2.7767237	-0.0057943	0.0000000 	-50.3883585	186.2882235	0.1528097 	0.0000000 	785.0824070	0.0234489 	0.0043125 	-0.0233963	3.0567109 	0.1738759 	-0.0976469	8.7183915 	0.0155112 	-181.4632906	123.7416158	-0.4913874	-0.0258097	3.3856425 	3854189253.8190269	11.1181497	0.0085681 	0.0000000 
55.9788714	-0.0486927	-2.7257646	-0.0553640	0.0000000 	-28.9630741	186.2642745	0.5028995 	0.0000000 	781.9259249	0.0238616 	0.0049644 	-0.0160904	3.1304758 	0.1907692 	-0.0744149	8.7381180 	3.2737955 	-189.5830716	123.6689788	-0.5136254	-0.0257651	3.8817871 	3854189313.8260670	11.1348192	0.0112795 	0.0000000 
55.7341954	-0.0576010	-3.2103478	0.0510398 	0.0000000 	-55.0209845	186.2719830	0.4926260 	0.0000000 	778.1509616	0.0246471 	0.0047080 	-0.0259635	3.0616425 	0.1570207 	-0.0261693	8.7423547 	3.3956616 	-181.4294170	123.6085656	-0.4917783	-0.0258268	3.6635058 	3854189373.8324938	11.1514881	0.0105414 	0.0000000 
55.6216026	-0.0563000	-3.1314978	0.0354453 	0.0000000 	-39.3877987	186.2626420	0.1558387 	0.0000000 	780.7777112	0.0246362 	0.0045600 	-0.0207074	3.1071563 	0.1785925 	-0.0618949	8.7638289 	0.0243898 	-181.5103510	123.5970248	-0.4919404	-0.0258308	3.5603773 	3854189433.8384027	11.1681569	0.0105977 	0.0000000 
55.7830130	-0.0499474	-2.7862147	-0.0311120	0.0000000 	-41.9118316	186.2637411	0.5540327 	0.0000000 	773.9730435	0.0250050 	0.0047266 	-0.0246102	3.0480441 	0.1721606 	-0.0747819	8.7319587 	0.8905031 	-187.3966474	123.5140168	-0.5081089	-0.0258239	3.6582330 	3854189493.8452063	11.1848261	0.0100153 	0.0000000 
55.6738103	-0.0220540	-1.2278289	0.0809200 	0.0000000 	-67.7167437	186.2640416	0.1253083 	0.0000000 	784.4130219	0.0248338 	0.0047168 	-0.0324622	3.0753342 	0.1402797 	-0.0523191	8.7904897 	0.0161482 	-186.1866475	123.6687568	-0.5043248	-0.0259105	3.6999354 	3854189553.8509178	11.2014950	0.0107764 	0.0000000 
55.4621406	-0.0762460	-4.2287646	-0.0541019	0.0000000 	-62.0496236	186.2759592	0.1445991 	0.0000000 	782.9338530	0.0236631 	0.0056243 	-0.0278717	3.0684051 	0.1498189 	-0.0859624	8.7373400 	3.3285446 	-189.2897143	123.6731285	-0.5126909	-0.0257533	4.4034462 	3854189613.8551168	11.2181636	0.0129811 	0.0000000 
55.3149072	-0.0496293	-2.7452398	-0.1093559	0.0000000 	-52.6191609	186.2792652	0.2211593 	0.0000000 	779.2226151	0.0234957 	0.0050875 	-0.0285152	3.0513355 	0.1637540 	-0.0637428	8.7473639 	0.0174165 	-185.2341447	123.6509116	-0.5018151	-0.0258196	3.9643060 	3854189673.8625021	11.2348328	0.0110875 	0.0000000 
55.6516336	-0.0503162	-2.8001813	-0.0654799	0.0000000 	-58.4582289	186.2814060	0.0949211 	0.0000000 	778.6938764	0.0242498 	0.0055455 	-0.0241282	3.0274966 	0.1518204 	-0.0651884	8.7637556 	0.0167689 	-187.3258856	123.6661524	-0.5074348	-0.0257918	4.3182124 	3854189733.8701072	11.2515022	0.0115861 	0.0000000 
55.9350282	-0.0468815	-2.6223169	-0.0170321	0.0000000 	-37.4393328	186.2761519	0.1854078 	0.0000000 	783.2571267	0.0250753 	0.0044980 	-0.0287275	3.0804033 	0.1799177 	-0.0638533	8.7666647 	0.0166696 	-187.3489387	123.6776821	-0.5075643	-0.0258175	3.5231187 	3854189793.8772550	11.2681714	0.0085821 	0.0000000 
55.9630763	-0.0570974	-3.1953475	-0.0035411	0.0000000 	-52.8412394	186.2753588	-0.0029638	0.0000000 	785.0539653	0.0238533 	0.0046039 	-0.0250723	3.0814820 	0.1668860 	-0.0424826	8.7666027 	0.0157553 	-186.9966877	123.6754019	-0.5063575	-0.0258729	3.6142983 	3854189853.8830190	11.2848403	0.0098873 	0.0000000 
55.7676158	-0.0521761	-2.9097367	-0.0062056	0.0000000 	-42.0055692	186.2643657	0.0112106 	0.0000000 	784.2936529	0.0244202 	0.0030392 	-0.0214990	3.0871681 	0.1794761 	-0.0683892	8.7353696 	0.0168277 	-185.9099484	123.6819230	-0.5034454	-0.0258200	2.3836075 	3854189913.8886862	11.3015092	0.0145109 	0.0000000 
55.5861239	-0.0444031	-2.4681989	0.0069301 	0.0000000 	-34.9925222	186.3064959	0.0074568 	0.0000000 	731.8079260	0.0263428 	0.0041464 	-0.0256694	3.0421249 	0.1728821 	-0.0713380	8.7811818 	0.0169930 	-186.2722985	123.7453194	-0.5043414	-0.0257859	3.0343584 	3854189973.8936319	11.3181778	0.0115023 	0.0000000 
55.5840939	-0.0539476	-2.9986285	-0.0737259	0.0000000 	-40.5541917	186.2848735	0.0519995 	0.0000000 	781.8082611	0.0216360 	0.0047970 	-0.0313256	3.0721382 	0.1730859 	-0.0470361	8.7512849 	0.0160186 	-167.1058802	123.7714148	-0.4524202	-0.0252285	3.7503205 	3854190033.9005351	11.3348469	0.0090676 	0.0000000 
55.4397135	-0.0725439	-4.0218148	-0.1359732	0.0000000 	-60.3646501	186.2747856	0.1182833 	0.0000000 	782.3085067	0.0256651 	0.0035494 	-0.0366237	3.0845226 	0.1435563 	-0.0706748	8.7345296 	0.0169774 	-166.4296279	123.7576200	-0.4506363	-0.0252813	2.7767096 	3854190093.9077649	11.3515164	0.0083002 	0.0000000 
55.5545999	-0.0588998	-3.2721575	0.0436072 	0.0000000 	-56.9280991	186.2871596	0.0071713 	0.0000000 	781.3353627	0.0245390 	0.0050153 	-0.0298043	3.0504566 	0.1699740 	-0.0260190	8.7381377 	0.0171059 	-165.8146988	123.7220614	-0.4490444	-0.0253347	3.9186500 	3854190153.9164691	11.3681861	0.0102899 	0.0000000 
55.5605544	-0.0492737	-2.7376723	0.1050037 	0.0000000 	-48.7087966	186.2524911	0.1010884 	0.0000000 	775.2341166	0.0240737 	0.0039989 	-0.0299812	3.0570927 	0.1623862 	-0.0514128	8.7425323 	0.0172282 	-166.6170945	123.8290316	-0.4507989	-0.0252907	3.1000885 	3854190213.9238992	11.3848553	0.0097847 	0.0000000 
55.7898886	-0.0580826	-3.2404203	-0.0575704	0.0000000 	-53.2652580	186.2586622	0.1109407 	0.0000000 	780.7339452	0.0254037 	0.0045348 	-0.0246456	3.0692951 	0.1622832 	-0.0583979	8.7382054 	0.0167890 	-166.1304607	123.7492695	-0.4499650	-0.0252155	3.5404686 	3854190273.9299111	11.4015244	0.0107876 	0.0000000 
56.0342392	-0.0509745	-2.8563165	0.0551909 	0.0000000 	-47.1822447	186.2619437	0.6086415 	0.0000000 	770.4403412	0.0245034 	0.0043997 	-0.0338818	3.1017653 	0.1659208 	-0.0497108	8.7475076 	0.6501109 	-165.7055571	123.6825699	-0.4489753	-0.0251596	3.3897185 	3854190333.9351082	11.4181931	0.0109631 	0.0000000 
56.1536082	-0.0585442	-3.2874693	0.1058077 	0.0000000 	-45.3564524	186.2666752	0.0969700 	0.0000000 	774.1900630	0.0263791 	0.0058568 	-0.0203293	3.0859630 	0.1732390 	-0.0631946	8.7478544 	0.0171547 	-165.8351476	123.7656114	-0.4490392	-0.0252519	4.5342786 	3854190393.9419727	11.4348622	0.0084935 	0.0000000 
56.1063270	-0.0882445	-4.9510723	-0.0153773	0.0000000 	-51.7240013	186.2609862	0.4671056 	0.0000000 	785.1984553	0.0235271 	0.0043293 	-0.0261580	3.0906593 	0.1604075 	-0.0341978	8.7694976 	3.4949394 	-165.6912486	123.7841036	-0.4484455	-0.0252121	3.3993576 	3854190453.9483852	11.4515314	0.0144893 	0.0000000 
56.1307566	-0.0374386	-2.1014589	-0.1529515	0.0000000 	-47.1222813	186.2861005	0.1582532 	0.0000000 	785.1441507	0.0240143 	0.0047248 	-0.0296672	3.1186241 	0.1685977 	-0.0584156	8.7592961 	1.1494342 	-167.6168817	123.0653764	-0.4561759	-0.0253702	3.7096431 	3854190513.9534421	11.4682000	0.0113422 	0.0000000 
56.3811161	-0.0667545	-3.7636948	-0.0908351	0.0000000 	-60.8230380	186.2728733	0.4160969 	0.0000000 	785.1906350	0.0242887 	0.0055539 	-0.0234228	3.0861073 	0.1479781 	-0.0505596	8.7169793 	3.1782612 	-164.9576543	123.7185409	-0.4466100	-0.0252118	4.3608471 	3854190573.9608998	11.4848694	0.0113283 	0.0000000 
56.4243839	-0.0545661	-3.0788574	-0.0151903	0.0000000 	-55.3437256	186.2958610	0.0910298 	0.0000000 	785.1739066	0.0225613 	0.0046344 	-0.0326325	3.0608413 	0.1566713 	-0.0635129	8.7591580 	0.0172143 	-166.8184571	123.7152476	-0.4517264	-0.0252501	3.6388446 	3854190633.9640069	11.5015375	0.0106939 	0.0000000 
56.1247920	-0.0484719	-2.7204728	0.0121656 	0.0000000 	-44.4628042	186.2540449	0.1849328 	0.0000000 	784.8818271	0.0244621 	0.0042088 	-0.0262399	3.0693040 	0.1661998 	-0.0580752	8.7555470 	0.0172607 	-167.5363730	123.6899505	-0.4537880	-0.0252642	3.3034365 	3854190693.9715190	11.5182069	0.0127070 	0.0000000 
55.5507962	-0.0583808	-3.2430981	-0.1735479	0.0000000 	-45.5405113	186.2584872	0.1579290 	0.0000000 	784.5128283	0.0247037 	0.0050025 	-0.0229828	3.0032916 	0.1665841 	-0.0641805	8.7383125 	0.0173557 	-170.3965434	123.7100585	-0.4613614	-0.0254342	3.9245100 	3854190753.9784532	11.5348761	0.0099729 	0.0000000 
55.3559813	-0.0574133	-3.1781690	-0.0534755	0.0000000 	-47.1806085	186.2822618	0.2306865 	0.0000000 	783.4827513	0.0264937 	0.0048050 	-0.0231199	3.0747882 	0.1691746 	-0.0431678	8.7607225 	0.0172501 	-165.9335922	123.7092552	-0.4493707	-0.0252549	3.7645988 	3854190813.9856501	11.5515453	0.0098159 	0.0000000 
55.5303974	-0.0603665	-3.3521772	0.0206735 	0.0000000 	-53.4775415	186.3002380	0.0782898 	0.0000000 	781.9027593	0.0250389 	0.0039258 	-0.0241901	3.0669913 	0.1638391 	-0.0305372	8.7297375 	1.9986271 	-166.4208669	123.6846781	-0.4508456	-0.0252939	3.0696176 	3854190873.9935470	11.5682147	0.0104565 	0.0000000 
55.5288520	-0.0797978	-4.4310804	0.0787510 	0.0000000 	-53.7777139	186.2757958	0.3578926 	0.0000000 	781.1475778	0.0241382 	0.0043917 	-0.0253797	3.0504965 	0.1659195 	-0.0616694	8.7092415 	3.5787005 	-166.1730803	123.7044780	-0.4501386	-0.0252744	3.4306001 	3854190933.9971290	11.5848831	0.0109855 	0.0000000 
55.4032719	-0.0433849	-2.4036636	0.0056305 	0.0000000 	-51.2437368	186.3092649	0.5641790 	0.0000000 	783.0917828	0.0248250 	0.0051017 	-0.0286987	3.0449058 	0.1675076 	-0.0329864	8.7191019 	1.3428180 	-166.1935075	123.8183436	-0.4497976	-0.0252519	3.9950886 	3854190993.9989610	11.6015508	0.0097647 	0.0000000 
55.4388026	-0.0558892	-3.0984293	0.0396337 	0.0000000 	-53.2700729	186.2726091	0.2541005 	0.0000000 	783.7743977	0.0240794 	0.0053311 	-0.0222133	3.0809382 	0.1577337 	-0.0279952	8.7556485 	1.1494065 	-166.5342230	123.8385821	-0.4505331	-0.0251978	4.1783797 	3854191054.0050092	11.6182197	0.0122054 	0.0000000 
55.2462762	-0.0477827	-2.6398158	-0.0282886	0.0000000 	-52.5208441	186.2814407	0.3323072 	0.0000000 	783.1195302	0.0234400 	0.0060557 	-0.0215831	3.0506852 	0.1615411 	-0.0649807	8.7509128 	0.0243892 	-164.6749281	123.7283493	-0.4458986	-0.0252283	4.7423037 	3854191114.0089502	11.6348883	0.0136409 	0.0000000 
55.2358137	-0.0422053	-2.3312463	-0.0262411	0.0000000 	-43.9088314	186.2481470	0.3635463 	0.0000000 	783.1471041	0.0244272 	0.0043997 	-0.0259834	3.1354207 	0.1722689 	-0.0651973	8.7518402 	3.4999684 	-165.2967265	123.6361961	-0.4477933	-0.0252909	3.4456247 	3854191174.0138411	11.6515569	0.0110051 	0.0000000 
55.3104693	-0.0597679	-3.3057921	-0.0448835	0.0000000 	-28.7734241	186.3021405	0.1034945 	0.0000000 	784.0865625	0.0242761 	0.0055968 	-0.0347154	3.0469810 	0.1980512 	-0.0536631	8.7263746 	0.6819363 	-164.1227004	123.6094130	-0.4447061	-0.0253685	4.3883993 	3854191234.0203752	11.6682258	0.0101480 	0.0000000 
55.0063539	-0.0493245	-2.7131593	0.0737585 	0.0000000 	-28.7862070	186.2708085	0.6136205 	0.0000000 	775.4281596	0.0249159 	0.0042996 	-0.0240685	3.1178295 	0.1825655 	-0.0506569	8.7341575 	3.7596663 	-165.0923046	123.5795123	-0.4472867	-0.0252822	3.3340496 	3854191294.0242758	11.6848944	0.0121696 	0.0000000 
54.5602674	-0.0615328	-3.3572460	0.0207950 	0.0000000 	-49.4097409	186.2727481	0.2468145 	0.0000000 	785.1381995	0.0264698 	0.0049329 	-0.0285041	3.1046683 	0.1667306 	-0.0817935	8.7456105 	3.2070092 	-166.1348272	123.6973764	-0.4499096	-0.0252843	3.8730456 	3854191354.0310612	11.7015636	0.0113414 	0.0000000 
54.2405033	-0.0552398	-2.9962334	-0.0549526	0.0000000 	-42.8634030	186.2868225	0.1082727 	0.0000000 	785.1834781	0.0239571 	0.0040202 	-0.0241812	3.0788519 	0.1622236 	-0.0764132	8.7319672 	0.0173342 	-165.0245993	123.6665574	-0.4469535	-0.0253176	3.1565668 	3854191414.0392990	11.7182331	0.0105264 	0.0000000 
53.9589784	-0.0799900	-4.3161773	-0.0253810	0.0000000 	-41.3422406	186.2897245	-0.0005040	0.0000000 	785.1597725	0.0235386 	0.0040494 	-0.0271332	3.0926368 	0.1711802 	-0.0764043	8.7591665 	0.0177429 	-169.3189362	123.7707104	-0.4582776	-0.0253054	3.1794220 	3854191474.0431108	11.7349014	0.0108836 	0.0000000 
53.8619925	-0.0731712	-3.9411491	-0.0389280	0.0000000 	-19.4298261	186.2787233	0.3698154 	0.0000000 	784.7751519	0.0231663 	0.0045406 	-0.0246500	3.0615204 	0.1987911 	-0.0592379	8.7536105 	0.0171045 	-172.7592944	123.7182666	-0.4677577	-0.0251915	3.5633130 	3854191534.0458641	11.7515694	0.0105536 	0.0000000 
53.9476811	-0.0582902	-3.1446214	-0.0826545	0.0000000 	-49.8002466	186.2896199	0.0856937 	0.0000000 	785.1162792	0.0251444 	0.0040078 	-0.0261381	3.1501821 	0.1665734 	-0.0527524	8.7400574 	0.0154548 	-165.0680413	123.7313572	-0.4469870	-0.0252378	3.1465606 	3854191594.0545111	11.7682392	0.0088229 	0.0000000 
54.0926550	-0.0546301	-2.9550891	-0.0894420	0.0000000 	-29.4579293	186.3051379	0.0593816 	0.0000000 	785.2164824	0.0249187 	0.0047314 	-0.0244842	3.1021071 	0.1910191 	-0.0803522	8.7464928 	0.0172546 	-167.2595696	123.7633082	-0.4527905	-0.0252389	3.7152012 	3854191654.0613308	11.7849083	0.0114919 	0.0000000 
54.2409358	-0.0501948	-2.7226107	-0.0179857	0.0000000 	-38.3476017	186.2683781	0.2499594 	0.0000000 	785.0262179	0.0248270 	0.0045915 	-0.0357746	3.0494911 	0.1807987 	-0.0471024	8.7472849 	3.2766580 	-166.7002420	123.6538257	-0.4517090	-0.0253107	3.6044356 	3854191714.0668201	11.8015769	0.0107961 	0.0000000 
54.2803186	-0.0692925	-3.7612190	0.0148115 	0.0000000 	-45.1195519	186.2786840	0.0727219 	0.0000000 	784.8746608	0.0271629 	0.0051818 	-0.0223172	3.0995082 	0.1673025 	-0.0668640	8.7274176 	3.3411785 	-165.9674256	123.6836686	-0.4496228	-0.0252710	4.0671014 	3854191774.0744920	11.8182464	0.0113452 	0.0000000 
54.2736618	-0.0637107	-3.4578146	0.0253387 	0.0000000 	-28.6934528	186.2696975	0.4470551 	0.0000000 	785.1513554	0.0246089 	0.0043647 	-0.0180098	3.0479486 	0.1963828 	-0.0526374	8.7250131 	3.3305850 	-166.5599193	123.7107294	-0.4510580	-0.0252443	3.4269721 	3854191834.0811028	11.8349156	0.0134138 	0.0000000 
54.2348010	-0.0815627	-4.4235355	-0.0019611	0.0000000 	-64.1538810	186.2909300	0.0781569 	0.0000000 	785.0212585	0.0245492 	0.0044090 	-0.0339614	3.0777045 	0.1467004 	-0.0527701	8.7194289 	0.0161453 	-166.6801275	123.6576589	-0.4515515	-0.0252192	3.4611716 	3854191894.0856099	11.8515842	0.0121158 	0.0000000 
54.1963760	-0.0647290	-3.5080778	-0.0248013	0.0000000 	-53.5858518	186.2738562	0.1544806 	0.0000000 	783.2149229	0.0245515 	0.0038948 	-0.0260409	3.0484081 	0.1659696 	-0.0578099	8.7229694 	0.0168673 	-172.3489123	123.6337170	-0.4669634	-0.0252320	3.0504878 	3854191954.0923462	11.8682533	0.0126981 	0.0000000 
54.2104130	0.0110258 	0.5977133 	0.0127359 	0.0000000 	-51.2066473	186.2936033	0.0047652 	0.0000000 	785.0307308	0.0252465 	0.0040534 	-0.0308237	3.0298337 	0.1572289 	-0.0735971	8.7327678 	0.0174645 	-165.0617030	123.5854333	-0.4473788	-0.0252783	3.1820285 	3854192014.0997710	11.8849225	0.0090040 	0.0000000 
54.2626514	-0.0695244	-3.7725799	0.0248619 	0.0000000 	-27.7278681	186.2892943	-0.0029016	0.0000000 	785.1847427	0.0233034 	0.0036012 	-0.0308922	3.0328188 	0.1884828 	-0.0500512	8.7190962 	0.0180916 	-166.5949398	123.6537009	-0.4512886	-0.0252694	2.8276047 	3854192074.1046710	11.9015914	0.0119922 	0.0000000 
54.2825480	-0.0750355	-4.0731191	0.0164195 	0.0000000 	-42.7907448	186.2783848	0.8211716 	0.0000000 	783.3518995	0.0249483 	0.0048776 	-0.0222884	3.0521234 	0.1696529 	-0.0177696	8.7597556 	3.4612377 	-164.7613441	123.7308423	-0.4461161	-0.0253241	3.8208672 	3854192134.1105790	11.9182603	0.0097264 	0.0000000 
54.3622247	-0.0724556	-3.9388464	0.0403630 	0.0000000 	-52.6279366	186.2642274	0.6659364 	0.0000000 	780.2000488	0.0237438 	0.0037810 	-0.0151905	3.0586241 	0.1580306 	-0.0424428	8.7307748 	6.3547482 	-165.5846886	123.6088033	-0.4487189	-0.0252871	2.9499422 	3854192194.1150699	11.9349286	0.0105073 	0.0000000 
54.4272489	-0.0441293	-2.4018337	-0.0361419	0.0000000 	-37.8754171	186.2902859	0.4813167 	0.0000000 	785.1220817	0.0266376 	0.0055003 	-0.0284046	3.0729904 	0.1676890 	-0.0555774	8.7479925 	4.0843790 	-166.4533752	123.7793264	-0.4504883	-0.0252860	4.3183925 	3854192254.1163950	11.9515964	0.0086447 	0.0000000 
54.5514375	-0.0542325	-2.9584631	-0.0272508	0.0000000 	-27.9038649	186.2624643	0.3176569 	0.0000000 	784.2683300	0.0227660 	0.0048957 	-0.0183481	3.0654999 	0.1936217 	-0.0561653	8.7632989 	2.1514924 	-164.8999395	123.8702543	-0.4461564	-0.0252653	3.8395781 	3854192314.1201458	11.9682647	0.0106784 	0.0000000 
54.5670296	-0.0499650	-2.7264438	-0.0973234	0.0000000 	-58.8505573	186.2760425	0.3491854 	0.0000000 	785.1782460	0.0238518 	0.0039723 	-0.0251918	3.0528780 	0.1502605 	-0.0595341	8.7404351 	1.9199008 	-164.2102638	123.8172684	-0.4444023	-0.0253051	3.1189896 	3854192374.1254568	11.9849333	0.0106826 	0.0000000 
54.5779674	-0.0635981	-3.4710538	-0.0116376	0.0000000 	-53.0102413	186.2764966	0.1574804 	0.0000000 	783.6800334	0.0252579 	0.0035963 	-0.0246765	3.0116987 	0.1610287 	-0.0713601	8.7211484 	0.0165850 	-163.9807579	123.7942705	-0.4438017	-0.0253763	2.8183681 	3854192434.1279821	12.0016014	0.0134026 	0.0000000 
54.4159439	-0.0624892	-3.4004106	0.0181772 	0.0000000 	-42.3612514	186.2827294	0.1101529 	0.0000000 	782.4985481	0.0254500 	0.0055605 	-0.0256097	3.0732767 	0.1746830 	-0.0463774	8.7599022 	0.0179370 	-162.4155721	123.8687903	-0.4394061	-0.0252722	4.3510939 	3854192494.1310282	12.0182694	0.0099481 	0.0000000 
54.2258350	-0.0540625	-2.9315821	0.0107632 	0.0000000 	-46.0766735	186.2610849	0.1136286 	0.0000000 	784.6624597	0.0241364 	0.0035968 	-0.0318408	3.0685915 	0.1740179 	-0.0607631	8.7356768 	0.0972559 	-168.2501375	123.8439491	-0.4551581	-0.0253435	2.8222487 	3854192554.1389871	12.0349389	0.0100798 	0.0000000 
53.9725593	-0.0587430	-3.1705111	-0.0309812	0.0000000 	-44.0656505	186.2889082	0.2878955 	0.0000000 	783.7059458	0.0254982 	0.0036521 	-0.0315401	3.0396014 	0.1681570 	-0.0482651	8.7463068 	0.0171545 	-165.9438326	123.9056426	-0.4488365	-0.0252757	2.8621946 	3854192614.1466827	12.0516083	0.0103670 	0.0000000 
53.8280567	-0.0667656	-3.5938610	-0.0360858	0.0000000 	-46.7310029	186.2854072	0.1632510 	0.0000000 	784.9363301	0.0245186 	0.0050122 	-0.0149052	3.0314073 	0.1682815 	-0.0477435	8.7279700 	0.0167501 	-163.5427230	123.9495214	-0.4421780	-0.0253489	3.9342766 	3854192674.1517711	12.0682772	0.0091680 	0.0000000 
53.8602320	-0.0396232	-2.1341142	-0.0508670	0.0000000 	-46.6453871	186.2552145	0.1814382 	0.0000000 	780.3150804	0.0252915 	0.0055751 	-0.0350935	3.0296162 	0.1648231 	-0.0775361	8.7326296 	0.3186160 	-163.7362703	123.9350938	-0.4426691	-0.0252219	4.3503571 	3854192734.1591587	12.0849464	0.0123955 	0.0000000 
54.4428382	-0.0545793	-2.9714538	0.0201125 	0.0000000 	-38.3323723	186.2825834	0.2437883 	0.0000000 	782.0293470	0.0255463 	0.0043568 	-0.0279336	3.0507673 	0.1813782 	-0.0536100	8.7346677 	3.2712130 	-165.4352295	123.9023174	-0.4473684	-0.0252857	3.4071111 	3854192794.1650071	12.1016153	0.0103523 	0.0000000 
55.0687750	-0.0567506	-3.1251879	-0.0045321	0.0000000 	-57.1559378	186.2638845	0.4167632 	0.0000000 	783.7600025	0.0249360 	0.0042265 	-0.0226688	3.0296583 	0.1551790 	-0.0368194	8.7298643 	2.4141059 	-161.7999555	123.8732360	-0.4377241	-0.0253612	3.3125995 	3854192854.1685400	12.1182836	0.0104948 	0.0000000 
55.4028111	-0.0536295	-2.9712265	0.0082296 	0.0000000 	-57.9685111	186.2841390	0.1428273 	0.0000000 	779.8882063	0.0238751 	0.0042677 	-0.0247738	3.0383718 	0.1491489 	-0.0528452	8.7582616 	3.3151940 	-164.7649573	123.9278997	-0.4455663	-0.0252852	3.3283574 	3854192914.1714411	12.1349517	0.0113911 	0.0000000 
55.4050281	-0.0631674	-3.4997889	-0.0006241	0.0000000 	-31.1966699	186.2487163	0.2111440 	0.0000000 	785.0742446	0.0230803 	0.0037358 	-0.0206897	3.1586315 	0.1827841 	-0.0584819	8.7517782 	0.0270920 	-163.5634573	123.9622425	-0.4423170	-0.0253290	2.9329065 	3854192974.1775570	12.1516208	0.0110716 	0.0000000 
55.2893018	-0.0567683	-3.1386800	-0.0057943	0.0000000 	-51.1085179	186.2582970	0.0691349 	0.0000000 	785.0335329	0.0235111 	0.0057275 	-0.0245151	3.0291190 	0.1574188 	-0.0749896	8.7384985 	0.0156284 	-165.7675647	123.8597346	-0.4484676	-0.0252744	4.4962645 	3854193034.1833949	12.1682897	0.0133897 	0.0000000 
55.2894223	-0.0709801	-3.9244467	-0.1315136	0.0000000 	-24.3132820	186.2602864	0.2334686 	0.0000000 	784.4582509	0.0236294 	0.0030715 	-0.0214725	3.0831621 	0.1991906 	-0.0592069	8.7608493 	3.4650852 	-161.0620544	123.9872263	-0.4353412	-0.0252641	2.4094697 	3854193094.1908989	12.1849592	0.0080777 	0.0000000 
55.1672897	-0.0099428	-0.5485194	-0.0006054	0.0000000 	-35.1455993	186.2809794	0.3875927 	0.0000000 	781.9513111	0.0247837 	0.0034750 	-0.0236660	3.0336933 	0.1784052 	-0.0226547	8.7493484 	3.0112191 	-159.6314678	123.9885261	-0.4315037	-0.0253219	2.7172611 	3854193154.1973038	12.2016281	0.0097501 	0.0000000 
55.2023022	-0.1078237	-5.9521179	-0.0221461	0.0000000 	-55.6535486	186.2473858	0.0222145 	0.0000000 	784.4820805	0.0251973 	0.0048373 	-0.0351554	3.1006267 	0.1607900 	-0.0825317	8.7328072 	0.0160535 	-162.3790046	123.9879369	-0.4389347	-0.0252306	3.7947632 	3854193214.2018890	12.2182967	0.0110894 	0.0000000 
55.2884716	-0.1092838	-6.0421331	-0.0434250	0.0000000 	-49.6925966	186.2827425	0.3006930 	0.0000000 	779.7901604	0.0243888 	0.0036588 	-0.0276020	3.0762375 	0.1625738 	-0.0052318	8.7703743 	0.0181349 	-159.9703341	123.9434678	-0.4325431	-0.0252405	2.8530740 	3854193274.2053981	12.2349650	0.0111986 	0.0000000 
55.2682265	-0.0615704	-3.4028841	0.0235530 	0.0000000 	-68.1999007	186.2687257	0.2616363 	0.0000000 	783.2773608	0.0245307 	0.0042509 	-0.0243847	3.0476424 	0.1321320 	-0.0564041	8.7316289 	3.2760924 	-159.4861630	123.9018918	-0.4313409	-0.0252267	3.3296391 	3854193334.2123551	12.2516342	0.0095257 	0.0000000 
55.2443605	-0.0411252	-2.2719360	0.0026107 	0.0000000 	-47.7942941	186.2983398	0.2087860 	0.0000000 	784.9346343	0.0247635 	0.0046637 	-0.0266644	3.0420317 	0.1566521 	-0.0223541	8.7385436 	2.4716844 	-162.1757050	123.9288818	-0.4385027	-0.0253025	3.6606796 	3854193394.2154689	12.2683022	0.0127120 	0.0000000 
55.2241362	-0.0467710	-2.5828902	-0.0012131	0.0000000 	-81.5217699	186.2953194	0.3580236 	0.0000000 	781.7679896	0.0235731 	0.0021902 	-0.0252382	3.0712571 	0.1308604 	-0.0675315	8.7720628 	0.0166868 	-161.7943335	123.9303425	-0.4374276	-0.0251882	1.7122044 	3854193454.2234521	12.2849719	0.0134227 	0.0000000 
55.0261898	-0.0480411	-2.6435202	-0.0074865	0.0000000 	-45.2579603	186.2631731	0.1631040 	0.0000000 	784.6876694	0.0247337 	0.0040335 	-0.0227440	3.1119214 	0.1681839 	-0.0630001	8.7296304 	0.0157659 	-160.6557069	124.0025000	-0.4342290	-0.0252588	3.1649993 	3854193514.2295680	12.3016408	0.0136818 	0.0000000 
54.7606890	-0.0567308	-3.1066152	-0.0285317	0.0000000 	-72.1668813	186.2956145	0.1791424 	0.0000000 	778.3261671	0.0229889 	0.0050902 	-0.0308325	3.0926856 	0.1316639 	-0.0774300	8.7370524 	0.0177003 	-160.5822326	124.0687314	-0.4338089	-0.0252309	3.9618135 	3854193574.2365861	12.3183100	0.0130997 	0.0000000 
54.5834904	-0.0337852	-1.8441138	-0.0142647	0.0000000 	-57.1592013	186.2753028	0.4123384 	0.0000000 	778.0830233	0.0250639 	0.0046181 	-0.0240972	3.0016958 	0.1620292 	-0.0910420	8.7240659 	0.0161902 	-171.7677565	124.0523268	-0.4639466	-0.0251586	3.5932321 	3854193634.2436309	12.3349792	0.0104628 	0.0000000 
54.5374355	-0.0667678	-3.6413436	-0.0750348	0.0000000 	-60.9269211	186.2778739	0.7248399 	0.0000000 	784.1682543	0.0233072 	0.0046234 	-0.0313588	3.0642237 	0.1496353 	-0.0407098	8.7480460 	2.7641652 	-161.6279972	124.1616781	-0.4362676	-0.0251979	3.6255016 	3854193694.2493153	12.3516481	0.0114989 	0.0000000 
54.6128828	-0.0542789	-2.9643287	0.0315092 	0.0000000 	-48.7339434	186.2692849	0.4620296 	0.0000000 	784.0903433	0.0280114 	0.0046460 	-0.0326944	3.0501459 	0.1624475 	-0.0603299	8.7632961 	2.8225338 	-159.8626255	123.9969790	-0.4319118	-0.0253426	3.6428517 	3854193754.2557430	12.3683172	0.0098029 	0.0000000 
54.7342553	-0.0572388	-3.1329226	0.0237494 	0.0000000 	-43.4915537	186.2650116	0.1923055 	0.0000000 	784.7568736	0.0244137 	0.0046185 	-0.0267153	3.0393639 	0.1753521 	-0.0588842	8.7100590 	0.0163472 	-160.5790208	124.0985582	-0.4336489	-0.0252290	3.6243999 	3854193814.2624879	12.3849864	0.0126676 	0.0000000 
54.7699356	-0.0551514	-3.0206400	-0.0598703	0.0000000 	-59.2219993	186.2558140	0.1763660 	0.0000000 	783.9402988	0.0238213 	0.0049976 	-0.0244753	3.0702916 	0.1507993 	-0.0220446	8.7369679 	0.0150180 	-160.0205897	124.1021805	-0.4320310	-0.0252410	3.9178268 	3854193874.2666330	12.4016547	0.0097809 	0.0000000 
54.8232850	-0.0544203	-2.9834993	0.0318832 	0.0000000 	-51.5950617	186.2811247	0.4054623 	0.0000000 	773.4678846	0.0239204 	0.0044360 	-0.0297225	3.0305284 	0.1714323 	-0.0455374	8.7700952 	2.5317040 	-160.3069059	124.0837053	-0.4330097	-0.0252915	3.4311285 	3854193934.2696333	12.4183228	0.0088666 	0.0000000 
54.9119226	-0.0762371	-4.1863275	-0.0432941	0.0000000 	-66.7809655	186.2739327	0.1154343 	0.0000000 	783.1816706	0.0242639 	0.0044103 	-0.0167184	3.0672976 	0.1532926 	-0.0316557	8.7584815 	0.0293301 	-160.4271107	123.9932465	-0.4334332	-0.0252326	3.4541014 	3854193994.2761579	12.4349919	0.0106747 	0.0000000 
55.0005609	-0.0430535	-2.3679688	-0.1277553	0.0000000 	-56.8105075	186.2863190	0.0467491 	0.0000000 	777.2261388	0.0243824 	0.0050986 	-0.0283582	3.0473339 	0.1505646 	-0.0628321	8.7519925 	0.0172779 	-161.0174136	124.0285947	-0.4349517	-0.0252485	3.9627544 	3854194054.2822280	12.4516611	0.0085798 	0.0000000 
54.9885000	-0.0626328	-3.4440842	-0.0214543	0.0000000 	-52.5986237	186.2541320	0.5528565 	0.0000000 	781.9742729	0.0238087 	0.0054746 	-0.0229651	3.0768789 	0.1611653 	-0.0522440	8.7227185 	0.0176854 	-160.6547145	124.0385293	-0.4338367	-0.0251540	4.2809919 	3854194114.2909260	12.4683306	0.0125745 	0.0000000 
54.9834643	-0.0657959	-3.6176858	-0.0582342	0.0000000 	-41.2709639	186.2782609	0.5403117 	0.0000000 	771.8022964	0.0230157 	0.0043364 	-0.0254637	3.0028033 	0.1779314 	-0.0650779	8.7419601 	3.6720251 	-161.9460037	123.9681389	-0.4376817	-0.0252267	3.3468307 	3854194174.2967529	12.4849994	0.0100383 	0.0000000 
55.0009165	-0.0707702	-3.8924271	0.1159610 	0.0000000 	-45.9682868	186.2635588	0.2792034 	0.0000000 	781.7746599	0.0237210 	0.0045251 	-0.0355557	3.0640528 	0.1702956 	-0.0423234	8.7686717 	2.5261778 	-159.9688960	123.9678975	-0.4323827	-0.0252779	3.5375709 	3854194234.3035789	12.5016689	0.0089165 	0.0000000 
54.9249528	-0.0757556	-4.1608729	-0.0023631	0.0000000 	-55.7839419	186.2584549	0.0945215 	0.0000000 	777.5890623	0.0246008 	0.0042638 	-0.0301073	3.0148326 	0.1599189 	-0.0312711	8.7294612 	0.0523606 	-159.3688082	123.8985719	-0.4309100	-0.0252859	3.3154458 	3854194294.3108978	12.5183381	0.0084673 	0.0000000 
54.8058214	-0.0565761	-3.1007016	-0.0699021	0.0000000 	-17.0126804	186.2742123	0.1847057 	0.0000000 	762.8743032	0.0245814 	0.0045538 	-0.0231375	3.0598847 	0.2069558 	-0.0447815	8.7592539 	0.0172032 	-160.7501058	123.7825808	-0.4349919	-0.0253595	3.4740070 	3854194354.3174791	12.5350072	0.0115916 	0.0000000 
54.7114889	-0.0535058	-2.9273836	-0.0551396	0.0000000 	-52.1049206	186.2716434	0.0273716 	0.0000000 	782.9696594	0.0240655 	0.0047345 	-0.0272216	3.0754895 	0.1577834 	-0.0632919	8.7454780 	0.0173178 	-161.3400006	123.9288767	-0.4362319	-0.0252483	3.7069979 	3854194414.3241191	12.5516764	0.0101758 	0.0000000 
54.7904350	-0.0426692	-2.3378639	0.0121282 	0.0000000 	-46.0843149	186.2895758	0.8983350 	0.0000000 	747.4084447	0.0252778 	0.0049011 	-0.0187373	3.0493069 	0.1649785 	-0.0827616	8.7385549 	3.0093091 	-162.2663224	123.8466439	-0.4390444	-0.0252386	3.6630937 	3854194474.3313971	12.5683456	0.0101990 	0.0000000 
54.9057614	-0.0632822	-3.4745580	0.1012827 	0.0000000 	-56.3821817	186.2567424	0.0486821 	0.0000000 	770.5457963	0.0223537 	0.0037394 	-0.0232171	3.0599291 	0.1551848 	-0.0588842	8.7502955 	0.0158701 	-158.7924746	123.9740245	-0.4292092	-0.0252971	2.8813607 	3854194534.3381848	12.5850147	0.0111315 	0.0000000 
54.9738610	-0.0619260	-3.4043100	-0.0296068	0.0000000 	-45.4596208	186.2519218	0.4789822 	0.0000000 	761.6184918	0.0241690 	0.0038129 	-0.0268413	3.0983518 	0.1640308 	-0.0511387	8.7582362 	0.0160133 	-159.8146613	123.9185921	-0.4321098	-0.0252868	2.9039714 	3854194594.3424039	12.6016833	0.0107232 	0.0000000 
55.1051941	-0.0473188	-2.6075135	-0.0106465	0.0000000 	-49.1552407	186.2845342	0.2331905 	0.0000000 	780.6447003	0.0249914 	0.0046619 	-0.0349233	3.0646742 	0.1564362 	-0.0517754	8.7437444 	3.1408495 	-162.4231134	123.8842634	-0.4394609	-0.0251599	3.6392898 	3854194654.3511701	12.6183531	0.0122272 	0.0000000 
55.3019802	-0.0370941	-2.0513747	0.0198320 	0.0000000 	-41.6197346	186.2478095	0.6350233 	0.0000000 	733.5303253	0.0254150 	0.0052620 	-0.0221292	3.0617735 	0.1636044 	-0.0757854	8.7725336 	4.6069986 	-161.6922220	123.8903398	-0.4373988	-0.0251705	3.8598440 	3854194714.3572998	12.6350219	0.0101842 	0.0000000 
55.4869633	-0.0546677	-3.0333439	0.0094917 	0.0000000 	-34.5324865	186.2599172	0.5511460 	0.0000000 	747.0563946	0.0247410 	0.0044750 	-0.0256915	3.0143798 	0.1802321 	-0.0501838	8.7520883 	3.5874962 	-159.4805194	123.8852606	-0.4313118	-0.0253010	3.3430819 	3854194774.3653569	12.6516914	0.0090089 	0.0000000 
55.5466840	-0.0602053	-3.3442037	-0.0412934	0.0000000 	-28.6773965	186.2615703	0.0630223 	0.0000000 	748.2643628	0.0252250 	0.0037372 	-0.0232326	3.0853682 	0.1959757 	-0.0614395	8.7444886 	0.0169330 	-161.8705191	124.0389736	-0.4372553	-0.0253792	2.7963851 	3854194834.3707619	12.6683603	0.0101043 	0.0000000 
55.4425618	-0.0500048	-2.7723941	0.0079959 	0.0000000 	-52.6347452	186.2849826	0.1975955 	0.0000000 	736.3172689	0.0241933 	0.0044050 	-0.0288447	3.0538102 	0.1432069 	-0.0426727	8.7732439 	3.1843807 	-159.6633046	123.8908689	-0.4320155	-0.0252752	3.2435000 	3854194894.3760309	12.6850289	0.0099668 	0.0000000 
55.5246582	-0.0691533	-3.8397157	-0.1034939	0.0000000 	-54.6824169	186.2576059	0.7787891 	0.0000000 	724.3845073	0.0258786 	0.0048085 	-0.0173265	3.0349162 	0.1415521 	-0.0588577	8.7353527 	0.0170716 	-160.1741888	123.7990603	-0.4338135	-0.0252568	3.4832010 	3854194954.3813572	12.7016978	0.0096637 	0.0000000 
55.5464710	-0.0268980	-1.4940884	0.0454957 	0.0000000 	-45.6117608	186.2640487	0.1831978 	0.0000000 	738.3144892	0.0255683 	0.0033877 	-0.0267263	3.0089111 	0.1696690 	-0.0812497	8.7462842 	3.4414982 	-159.5153764	123.8294684	-0.4317874	-0.0253228	2.5012078 	3854195014.3894300	12.7183672	0.0099180 	0.0000000 
55.4348004	-0.0292350	-1.6206340	-0.0124229	0.0000000 	-34.5111969	186.2926032	0.0839068 	0.0000000 	755.6918479	0.0241134 	0.0036853 	-0.0252802	3.0881980 	0.1830474 	-0.0352588	8.7617176 	0.0181010 	-159.2891709	124.1212485	-0.4302250	-0.0252985	2.7849848 	3854195074.3949690	12.7350361	0.0109395 	0.0000000 
55.3675153	-0.0575701	-3.1875144	0.0371375 	0.0000000 	-50.5460117	186.2652241	0.1460486 	0.0000000 	785.2295751	0.0211637 	0.0037841 	-0.0261846	3.0946964 	0.1677701 	-0.0579514	8.7388086 	0.0149815 	-159.5233576	124.1017336	-0.4309574	-0.0252909	2.9713932 	3854195134.4026861	12.7517056	0.0123446 	0.0000000 
55.5431201	-0.0630105	-3.4998010	-0.0573460	0.0000000 	-46.3109575	186.2822080	0.0037785 	0.0000000 	785.2073573	0.0233259 	0.0049693 	-0.0263062	3.0855768 	0.1721964 	-0.0280527	8.7315190 	0.0148645 	-159.8445981	123.8747748	-0.4325065	-0.0253568	3.9019027 	3854195194.4058552	12.7683736	0.0138180 	0.0000000 
55.8474580	-0.0859053	-4.7975916	0.0574534 	0.0000000 	-52.2212946	186.2823463	0.1129632 	0.0000000 	785.2091724	0.0227169 	0.0038426 	-0.0149959	3.0197353 	0.1629613 	-0.0366646	8.7509636 	0.0148713 	-159.4273264	123.9659644	-0.4312356	-0.0253334	3.0172198 	3854195254.4120550	12.7850428	0.0122462 	0.0000000 
56.0567190	-0.0448184	-2.5123731	0.0156436 	0.0000000 	-32.3513120	186.2909280	0.0394565 	0.0000000 	785.2475526	0.0217308 	0.0052000 	-0.0238473	3.0635179 	0.1880699 	-0.0455905	8.7510312 	0.0155444 	-159.0124576	123.9362981	-0.4300721	-0.0253366	4.0832924 	3854195314.4205852	12.8017125	0.0095784 	0.0000000 
56.1270326	-0.0462497	-2.5958612	-0.0451172	0.0000000 	-44.0614374	186.2742176	0.2319041 	0.0000000 	785.1987280	0.0244237 	0.0055813 	-0.0281835	3.0802391 	0.1687867 	-0.0792293	8.7504928 	0.0148437 	-160.2580295	123.9169479	-0.4334654	-0.0252546	4.3824526 	3854195374.4264660	12.8183814	0.0089423 	0.0000000 
56.1125640	-0.0547207	-3.0705187	0.0829301 	0.0000000 	-36.0355767	186.2679789	0.2622187 	0.0000000 	785.1342568	0.0249451 	0.0045220 	-0.0281813	3.0514576 	0.1879131 	-0.0765723	8.7518882 	0.0161421 	-159.4033029	124.0133437	-0.4307011	-0.0252808	3.5503392 	3854195434.4340482	12.8350506	0.0111004 	0.0000000 
55.9686155	-0.0639360	-3.5784112	-0.0543262	0.0000000 	-50.9443357	186.2921412	0.4432957 	0.0000000 	785.1168496	0.0230343 	0.0038731 	-0.0341316	3.0407977 	0.1616503 	-0.0646535	8.7463801 	1.7022837 	-161.0701122	124.0671629	-0.4351210	-0.0253037	3.0408574 	3854195494.4395828	12.8517194	0.0106862 	0.0000000 
55.6916718	-0.0598717	-3.3343575	0.0033306 	0.0000000 	-45.3712996	186.2568476	0.4646166 	0.0000000 	783.9232635	0.0228833 	0.0037008 	-0.0202431	3.0661235 	0.1620301 	-0.0618197	8.7437332 	3.2228846 	-158.8791633	123.9520717	-0.4296023	-0.0252979	2.9011789 	3854195554.4466782	12.8683889	0.0107620 	0.0000000 
55.7858052	-0.0387838	-2.1635870	-0.0672469	0.0000000 	-48.6054291	186.2791793	0.1545664 	0.0000000 	784.8692304	0.0253214 	0.0056619 	-0.0226533	3.0752254 	0.1619123 	-0.0780976	8.7668141 	0.0168059 	-160.0833278	124.0418587	-0.4326425	-0.0252260	4.4438778 	3854195614.4538741	12.8850581	0.0128302 	0.0000000 
55.9866352	-0.0529602	-2.9650658	-0.0311120	0.0000000 	-38.4019380	186.3101682	0.5062348 	0.0000000 	784.8163654	0.0239644 	0.0044019 	-0.0267882	3.0341083 	0.1776425 	-0.0424958	8.7480009 	0.0153622 	-159.3301450	124.0499091	-0.4304582	-0.0253051	3.4547069 	3854195674.4595160	12.9017269	0.0106581 	0.0000000 
56.0600299	-0.0513920	-2.8810347	-0.0236139	0.0000000 	-47.8686646	186.2661000	0.5676274 	0.0000000 	783.3366000	0.0249192 	0.0046544 	-0.0193166	3.0731214 	0.1655043 	-0.0453518	8.7414640 	3.3744088 	-158.5284870	123.9488924	-0.4285979	-0.0253606	3.6459414 	3854195734.4655580	12.9183958	0.0105614 	0.0000000 
56.0069058	-0.0715477	-4.0071675	0.0100340 	0.0000000 	-35.8459624	186.2795761	0.5387123 	0.0000000 	779.4913858	0.0221150 	0.0050844 	-0.0215543	3.1055827 	0.1794506 	-0.0472262	8.7146396 	0.0158744 	-159.6125907	123.9290730	-0.4317106	-0.0252987	3.9632568 	3854195794.4715500	12.9350647	0.0093568 	0.0000000 
56.0325246	-0.0483018	-2.7064703	-0.0894888	0.0000000 	-45.6239720	186.2798939	0.2248707 	0.0000000 	782.8863179	0.0239929 	0.0043736 	-0.0215764	3.0531022 	0.1716410 	-0.0552104	8.7788732 	3.4522814 	-163.7979156	123.8652518	-0.4432794	-0.0253757	3.4240204 	3854195854.4782519	12.9517339	0.0105844 	0.0000000 
55.9265263	-0.0825390	-4.6161190	0.0136522 	0.0000000 	-47.7277353	186.2528172	0.0606718 	0.0000000 	784.6080474	0.0241077 	0.0051318 	-0.0307374	3.0445596 	0.1711981 	-0.0341535	8.7456218 	0.8858923 	-159.4821850	123.8546591	-0.4315724	-0.0252447	4.0264535 	3854195914.4855719	12.9684033	0.0115810 	0.0000000 
56.1658926	-0.0777988	-4.3696386	-0.0555136	0.0000000 	-58.1737169	186.2863093	0.7471127 	0.0000000 	775.5878995	0.0241689 	0.0046508 	-0.0269032	3.0209404 	0.1663951 	-0.0847997	8.7439108 	0.0154109 	-158.6854017	123.9539933	-0.4290940	-0.0253289	3.6071281 	3854195974.4906340	12.9850719	0.0079106 	0.0000000 
56.3816335	-0.0508508	-2.8670505	0.0064345 	0.0000000 	-44.3427444	186.2673927	0.3881356 	0.0000000 	780.3166178	0.0248411 	0.0044449 	-0.0306225	3.0934957 	0.1640706 	-0.0839730	8.7428819 	0.0164399 	-158.5376130	123.8700746	-0.4288507	-0.0253143	3.4684215 	3854196034.4968901	13.0017408	0.0105514 	0.0000000 
56.2553398	-0.0415957	-2.3399800	-0.0032887	0.0000000 	-52.1201186	186.2954930	0.1853654 	0.0000000 	774.3969915	0.0232134 	0.0045135 	-0.0286390	3.0239034 	0.1569701 	-0.0547772	8.7366606 	0.0166057 	-160.6653656	123.7980715	-0.4348818	-0.0252145	3.4952694 	3854196094.5038729	13.0184103	0.0141980 	0.0000000 
55.8745861	-0.0897001	-5.0119554	-0.0546161	0.0000000 	-63.9675594	186.2593251	0.0208291 	0.0000000 	778.6079065	0.0252659 	0.0039648 	-0.0181469	3.0452631 	0.1459972 	-0.0810728	8.7423576 	0.0169495 	-176.9278830	123.9112254	-0.4784741	-0.0256348	3.0870278 	3854196154.5105410	13.0350794	0.0113950 	0.0000000 
55.6039722	-0.0645678	-3.5902242	0.0077995 	0.0000000 	-41.8227650	186.2797295	0.1329345 	0.0000000 	785.2148211	0.0235385 	0.0046473 	-0.0258640	3.0692174 	0.1725502 	-0.0963914	8.7454048 	0.0145520 	-158.4950780	123.9473528	-0.4286068	-0.0253014	3.6491192 	3854196214.5171142	13.0517483	0.0087921 	0.0000000 
55.7606432	-0.0681616	-3.8007328	0.0375301 	0.0000000 	-47.7183747	186.3045844	0.1787089 	0.0000000 	785.2278145	0.0211637 	0.0048701 	-0.0239181	3.0836836 	0.1634311 	-0.0626376	8.7735117 	0.0143774 	-159.1605777	123.9119727	-0.4304231	-0.0253199	3.8241051 	3854196274.5217152	13.0684169	0.0103918 	0.0000000 
55.9926660	-0.0491986	-2.7547589	-0.0214169	0.0000000 	-69.8911394	186.2827503	0.2358963 	0.0000000 	785.0740506	0.0274027 	0.0049188 	-0.0294638	3.0831643 	0.1307489 	-0.0261384	8.7656893 	0.0182103 	-158.3558789	123.8203735	-0.4285437	-0.0253451	3.8616029 	3854196334.5245008	13.0850850	0.0122649 	0.0000000 
56.0700589	-0.0466628	-2.6163862	0.0337998 	0.0000000 	-22.5321330	186.2804592	0.8466119 	0.0000000 	784.2071602	0.0235509 	0.0050844 	-0.0215742	3.0454718 	0.2057192 	-0.0544147	8.7316374 	0.0174506 	-160.6337142	124.0184739	-0.4340393	-0.0251829	3.9872337 	3854196394.5289350	13.1017536	0.0113058 	0.0000000 
55.9909400	-0.0501528	-2.8081019	-0.0330099	0.0000000 	-47.9457314	186.2766480	0.4020950 	0.0000000 	784.6609138	0.0250026 	0.0039041 	-0.0203249	3.0560163 	0.1658568 	-0.0549540	8.7520996 	0.0176135 	-158.5189985	123.9490519	-0.4286760	-0.0252785	3.0634175 	3854196454.5330248	13.1184219	0.0091497 	0.0000000 
55.7108357	-0.0618244	-3.4442873	-0.0613849	0.0000000 	-46.0259190	186.2901853	0.1158556 	0.0000000 	785.2155650	0.0217552 	0.0058249 	-0.0228589	3.0138161 	0.1687442 	-0.0475445	8.7323534 	0.0147665 	-159.5048999	123.8694854	-0.4315472	-0.0251967	4.5738141 	3854196514.5375562	13.1350906	0.0107559 	0.0000000 
55.4910518	-0.0654138	-3.6298780	-0.0115815	0.0000000 	-39.0352493	186.3080566	0.1491586 	0.0000000 	785.1850403	0.0228892 	0.0040516 	-0.0276219	3.0574877 	0.1828002 	-0.0348874	8.7294189 	0.0150767 	-159.5999872	123.9414135	-0.4316407	-0.0252124	3.1812630 	3854196574.5447283	13.1517597	0.0110192 	0.0000000 
55.4490300	-0.0622794	-3.4533319	-0.0796347	0.0000000 	-41.0427725	186.2762427	0.2620396 	0.0000000 	785.1881895	0.0229861 	0.0031898 	-0.0337557	2.9978051 	0.1703297 	-0.0675669	8.7154740 	0.0157673 	-158.5980604	123.9271804	-0.4289056	-0.0253415	2.5045601 	3854196634.5497532	13.1684286	0.0102798 	0.0000000 
55.6008453	-0.0610932	-3.3968357	-0.0169853	0.0000000 	-51.9068299	186.2910686	0.1254327 	0.0000000 	785.2335177	0.0233544 	0.0049511 	-0.0326015	3.0918600 	0.1700372 	-0.0632653	8.7419206 	0.0139993 	-160.1420462	124.0286275	-0.4326298	-0.0252153	3.8877743 	3854196694.5547481	13.1850972	0.0124209 	0.0000000 
55.6269425	-0.0571504	-3.1791041	0.0282837 	0.0000000 	-51.2918461	186.2919518	0.0594655 	0.0000000 	785.2438827	0.0241157 	0.0041641 	-0.0322300	3.1010995 	0.1697989 	-0.0493438	8.7115079 	0.0154902 	-159.3494777	123.7067297	-0.4316305	-0.0252575	3.2698354 	3854196754.5597100	13.2017658	0.0102682 	0.0000000 
55.5006885	-0.0517564	-2.8725169	0.0145310 	0.0000000 	-52.4015574	186.2925393	0.1141818 	0.0000000 	785.2054228	0.0233260 	0.0036871 	-0.0340476	3.0801947 	0.1633119 	-0.0541759	8.7227918 	0.0166716 	-175.7314860	123.7892050	-0.4756992	-0.0258015	2.8951435 	3854196814.5671639	13.2184353	0.0100416 	0.0000000 
55.4572628	-0.0526289	-2.9186556	-0.0622544	0.0000000 	-39.0280338	186.2746559	0.2492102 	0.0000000 	785.2306472	0.0235493 	0.0036450 	-0.0259347	3.0637088 	0.1723572 	-0.0295911	8.7445760 	0.0166782 	-177.8277308	123.8196102	-0.4812059	-0.0256992	2.8621988 	3854196874.5725560	13.2351039	0.0125932 	0.0000000 
55.4476935	-0.0680268	-3.7719307	-0.0982303	0.0000000 	-58.7983805	186.2645091	0.1205056 	0.0000000 	785.1333393	0.0220083 	0.0033789 	-0.0161435	3.1218733 	0.1505874 	-0.0525888	8.7075924 	0.0150665 	-183.4058718	123.8891351	-0.4962402	-0.0258040	2.6528628 	3854196934.5787983	13.2517731	0.0097508 	0.0000000 
55.5557663	-0.0858346	-4.7686069	-0.0980527	0.0000000 	-39.5570939	186.2529463	0.0015882 	0.0000000 	785.2335921	0.0254891 	0.0037939 	-0.0275334	3.0833063 	0.1827859 	-0.0445250	8.7431074 	0.0156074 	-182.9047704	123.9376793	-0.4946932	-0.0258438	2.9790593 	3854196994.5855088	13.2684422	0.0095773 	0.0000000 
55.6888494	-0.0503405	-2.8034070	-0.0960800	0.0000000 	-38.8265814	186.2890788	0.0455861 	0.0000000 	784.5592476	0.0236591 	0.0032650 	-0.0211276	3.0464971 	0.1867791 	-0.0414083	8.7221237 	0.0162325 	-182.8315492	123.9213793	-0.4945724	-0.0258224	2.5616236 	3854197054.5923619	13.2851114	0.0089997 	0.0000000 
55.7744414	-0.0443855	-2.4755752	0.0340148 	0.0000000 	-40.0749812	186.2594785	0.1734180 	0.0000000 	784.3647676	0.0247190 	0.0052244 	-0.0271907	3.0632294 	0.1776967 	-0.0432695	8.7324098 	0.5473495 	-183.1690752	123.8517250	-0.4957388	-0.0258237	4.0978079 	3854197114.5984111	13.3017803	0.0100888 	0.0000000 
55.6519980	-0.0589705	-3.2818279	-0.1150777	0.0000000 	-90.3660417	186.2755619	0.0300029 	0.0000000 	784.9886510	0.0251797 	0.0032402 	-0.0181491	3.1038693 	0.1169858 	-0.0517356	8.7552877 	0.0165334 	-181.3358269	123.8682489	-0.4906638	-0.0258635	2.5435567 	3854197174.6042352	13.3184492	0.0099769 	0.0000000 
55.4051577	-0.0555689	-3.0788036	0.0010213 	0.0000000 	-57.9214883	186.2760683	0.0935838 	0.0000000 	783.0249311	0.0242704 	0.0029781 	-0.0245682	3.0556323 	0.1512910 	-0.0399936	8.7819458 	0.0160969 	-184.9411930	123.7000781	-0.5010780	-0.0259028	2.3318948 	3854197234.6107230	13.3351183	0.0130058 	0.0000000 
55.3057085	-0.0399214	-2.2078805	-0.1088978	0.0000000 	-50.1167717	186.2618888	0.2188296 	0.0000000 	784.6511192	0.0249264 	0.0036543 	-0.0155598	3.0494024 	0.1717078 	-0.0647861	8.7547070 	0.0161426 	-182.0119602	123.4858166	-0.4938776	-0.0259216	2.8673841 	3854197294.6161470	13.3517869	0.0096746 	0.0000000 
55.3009526	-0.0553546	-3.0611643	-0.0077015	0.0000000 	-52.5103793	186.2804841	0.2988052 	0.0000000 	784.9684665	0.0235369 	0.0040117 	-0.0210856	3.0953268 	0.1664112 	-0.0384507	8.7409171 	0.0152327 	-182.2213591	123.7836582	-0.4933861	-0.0258908	3.1490971 	3854197354.6233039	13.3684564	0.0106025 	0.0000000 
55.2025168	-0.0610535	-3.3703057	-0.0568038	0.0000000 	-34.0294942	186.2400165	0.0583600 	0.0000000 	784.6262977	0.0239456 	0.0043762 	-0.0313986	3.0458424 	0.1827411 	-0.0545915	8.7317332 	0.0170871 	-182.5525707	123.7012126	-0.4945629	-0.0258993	3.4337153 	3854197414.6276059	13.3851247	0.0082344 	0.0000000 
55.3407854	-0.0513146	-2.8397929	0.0110811 	0.0000000 	-44.1594246	186.2720147	0.0155430 	0.0000000 	784.9366524	0.0220327 	0.0041273 	-0.0274560	3.0984118 	0.1708272 	-0.0901092	8.7385239 	0.0141932 	-183.2260653	123.8797009	-0.4957959	-0.0258743	3.2397023 	3854197474.6344471	13.4017939	0.0103025 	0.0000000 
55.8341364	-0.0365374	-2.0400355	0.0160643 	0.0000000 	-44.9272608	186.2771799	-0.0029261	0.0000000 	784.2755245	0.0243317 	0.0035361 	-0.0264101	3.0931340 	0.1641401 	-0.0508912	8.7579854 	0.0159592 	-184.9633572	123.8785065	-0.5003164	-0.0258478	2.7732710 	3854197534.6426163	13.4184636	0.0088669 	0.0000000 
55.8160095	-0.0531370	-2.9658926	-0.0414710	0.0000000 	-54.8777247	186.2652786	0.0146411 	0.0000000 	785.0786131	0.0234476 	0.0040543 	-0.0291365	3.0429083 	0.1607573 	-0.0662495	8.7557754 	0.0160808 	-182.2650559	123.6165660	-0.4938975	-0.0258478	3.1829180 	3854197594.6459722	13.4351317	0.0097539 	0.0000000 
55.5684046	-0.0573249	-3.1854552	0.0697944 	0.0000000 	-54.0207553	186.2606989	0.0457841 	0.0000000 	785.2492385	0.0221266 	0.0039852 	-0.0273875	3.0245670 	0.1561151 	-0.0457717	8.7543885 	0.0156517 	-181.8691133	123.7657236	-0.4923096	-0.0258727	3.1293570 	3854197654.6499329	13.4518000	0.0101222 	0.0000000 
55.5579867	-0.0607067	-3.3727415	-0.0241936	0.0000000 	-55.5883035	186.2972836	0.0887905 	0.0000000 	785.0471958	0.0241791 	0.0025910 	-0.0305672	3.0583089 	0.1600340 	-0.0087907	8.7647901 	0.0161359 	-183.3848825	123.8049182	-0.4964225	-0.0258523	2.0340409 	3854197714.6561580	13.4684692	0.0091044 	0.0000000 
55.4594195	-0.0515333	-2.8580083	-0.0728938	0.0000000 	-35.9979451	186.2528842	0.1424928 	0.0000000 	785.2708863	0.0217218 	0.0020808 	-0.0268148	3.0430903 	0.1785965 	-0.0671381	8.7199391 	0.0160175 	-182.7262530	123.8139011	-0.4944153	-0.0258055	1.6339738 	3854197774.6600227	13.4851375	0.0116096 	0.0000000 
55.4033213	-0.0660587	-3.6598736	0.0174854 	0.0000000 	-40.1765767	186.2712699	0.0974685 	0.0000000 	785.1229743	0.0227469 	0.0028895 	-0.0252360	3.0543450 	0.1865803 	-0.0693353	8.7207960 	0.0139430 	-182.0097022	123.7938271	-0.4926227	-0.0258617	2.2685993 	3854197834.6628289	13.5018056	0.0095014 	0.0000000 
55.3449064	-0.0615085	-3.4041823	0.0621748 	0.0000000 	-10.5669147	186.2583918	0.1442287 	0.0000000 	784.5528997	0.0266091 	0.0051513 	-0.0349940	3.1352121 	0.2138463 	-0.0759534	8.7391751 	0.0166797 	-185.8146619	123.7848325	-0.5029559	-0.0258705	4.0414589 	3854197894.6678739	13.5184742	0.0103073 	0.0000000 
55.2050318	-0.0499805	-2.7591751	-0.0369366	0.0000000 	-46.9981422	186.2728968	0.3199433 	0.0000000 	785.0355910	0.0231028 	0.0038164 	-0.0277280	3.0748681 	0.1678565 	-0.0544898	8.7379686 	0.0208152 	-180.7597886	123.7382326	-0.4895174	-0.0258671	2.9960397 	3854197954.6762762	13.5351439	0.0109381 	0.0000000 
55.2059940	-0.0508685	-2.8082439	-0.1933402	0.0000000 	-50.8835022	186.2708170	0.1263619 	0.0000000 	785.2022492	0.0244507 	0.0052487 	-0.0264698	3.0838323 	0.1617193 	-0.0592158	8.7499516 	0.0148675 	-181.5820067	123.7544880	-0.4916704	-0.0259191	4.1213096 	3854198014.6831479	13.5518131	0.0081686 	0.0000000 
55.1535335	-0.0541177	-2.9847814	-0.1287556	0.0000000 	-44.1413178	186.3055181	-0.0008998	0.0000000 	785.0204650	0.0255784 	0.0035374 	-0.0245616	3.0196154 	0.1698142 	-0.0762894	8.7467747 	0.0158306 	-182.4257451	123.7647980	-0.4938223	-0.0258524	2.7769482 	3854198074.6885710	13.5684819	0.0126511 	0.0000000 
54.8811566	-0.0595691	-3.2692228	-0.0171349	0.0000000 	-61.0425363	186.2757601	0.0116234 	0.0000000 	784.9152777	0.0235585 	0.0049715 	-0.0264212	3.0042614 	0.1508526 	-0.0770631	8.7819655 	0.0151510 	-182.0614042	123.6246111	-0.4933206	-0.0258609	3.9021895 	3854198134.6971660	13.5851514	0.0083551 	0.0000000 
54.6356183	-0.0641923	-3.5071838	-0.0476135	0.0000000 	-51.4149476	186.2777108	0.3005177 	0.0000000 	785.2144243	0.0224575 	0.0039121 	-0.0223061	3.0841786 	0.1629854 	-0.0593219	8.7316430 	1.1584976 	-183.7073773	123.6805840	-0.4974523	-0.0258738	3.0718381 	3854198194.7040892	13.6018208	0.0111578 	0.0000000 
54.5605143	-0.0488076	-2.6629678	-0.0575891	0.0000000 	-39.2341234	186.3000080	0.2522986 	0.0000000 	784.3516750	0.0243902 	0.0050233 	-0.0337005	3.0473183 	0.1744640 	-0.0772885	8.7402349 	3.4525717 	-183.0360478	123.7636494	-0.4954393	-0.0258618	3.9400306 	3854198254.7099252	13.6184897	0.0098455 	0.0000000 
54.2841244	-0.0748235	-4.0617264	-0.0811305	0.0000000 	-37.7974443	186.2527337	0.2959449 	0.0000000 	782.5553324	0.0239065 	0.0037615 	-0.0281857	2.9769669 	0.1832324 	-0.0421333	8.7600995 	1.4348530 	-184.2446612	123.8096738	-0.4985569	-0.0258271	2.9435979 	3854198314.7171183	13.6351589	0.0093384 	0.0000000 
54.8352407	-0.0436477	-2.3934332	-0.0713325	0.0000000 	-41.9275602	186.2639741	0.2192999 	0.0000000 	784.8032713	0.0236673 	0.0037611 	-0.0194824	3.0432479 	0.1758094 	-0.0782302	8.7364605 	0.0143330 	-182.8938383	123.8128442	-0.4950246	-0.0258368	2.9517060 	3854198374.7243757	13.6518281	0.0118697 	0.0000000 
55.2531224	-0.0507801	-2.8057594	-0.0964540	0.0000000 	-47.3007030	186.2470944	0.1068873 	0.0000000 	783.8469395	0.0214796 	0.0031437 	-0.0263195	3.0867953 	0.1707377 	-0.0507143	8.7316938 	0.0162587 	-183.5475814	123.7437560	-0.4968666	-0.0258515	2.4641780 	3854198434.7320499	13.6684975	0.0129030 	0.0000000 
55.2705076	-0.0604703	-3.3422265	-0.1309620	0.0000000 	-36.0645526	186.2874896	0.1154004 	0.0000000 	784.2676392	0.0239208 	0.0037115 	-0.0307264	3.1146757 	0.1737859 	-0.0775405	8.7382336 	0.0158446 	-189.6087720	123.7022196	-0.5133265	-0.0257914	2.9107895 	3854198494.7345819	13.6851656	0.0083417 	0.0000000 
55.0656738	-0.0623059	-3.4309163	-0.0454071	0.0000000 	-33.4012137	186.2562372	0.2095550 	0.0000000 	780.1564563	0.0251894 	0.0042903 	-0.0307972	3.0744775 	0.1872987 	-0.0520539	8.7518684 	0.0196662 	-184.4803554	123.7918331	-0.4992165	-0.0257930	3.3471236 	3854198554.7396402	13.7018342	0.0114306 	0.0000000 
55.0465774	-0.0536936	-2.9556479	0.0053687 	0.0000000 	-48.3242260	186.2660522	0.1522140 	0.0000000 	781.7003196	0.0227737 	0.0043337 	-0.0192503	2.9670949 	0.1731553 	-0.0635792	8.7291032 	0.0164706 	-210.2432159	123.7883582	-0.5689632	-0.0261896	3.3876751 	3854198614.7485008	13.7185039	0.0087754 	0.0000000 
55.0977040	-0.0671102	-3.6976154	-0.1077479	0.0000000 	-54.5837696	186.2487934	0.0261021 	0.0000000 	776.7580775	0.0253560 	0.0034719 	-0.0230270	3.0449968 	0.1584543 	-0.0419697	8.7861712 	0.0155333 	-211.5195829	123.7391872	-0.5727218	-0.0262373	2.6968067 	3854198674.7497892	13.7351717	0.0096218 	0.0000000 
55.0557767	-0.0468130	-2.5773264	0.0396992 	0.0000000 	-44.9337522	186.2856172	0.0603947 	0.0000000 	771.7888070	0.0270149 	0.0038386 	-0.0347840	3.1123387 	0.1702204 	-0.0489106	8.7193246 	0.0166996 	-183.4267666	123.5820039	-0.4972054	-0.0258783	2.9625748 	3854198734.7546229	13.7518403	0.0084693 	0.0000000 
55.0051998	-0.0330563	-1.8182668	-0.0227351	0.0000000 	-46.8389928	186.2914142	0.1971355 	0.0000000 	775.4255361	0.0266933 	0.0048878 	-0.0282675	3.0478865 	0.1630486 	-0.0533757	8.7324380 	0.0168647 	-189.0010465	123.9215366	-0.5112281	-0.0257608	3.7901044 	3854198794.7598610	13.7685092	0.0099000 	0.0000000 
54.8597452	-0.0679782	-3.7292685	-0.0021481	0.0000000 	-61.2411839	186.2497039	0.1980610 	0.0000000 	772.0751332	0.0246419 	0.0038758 	-0.0298132	3.0580981 	0.1459752 	-0.0505110	8.7722883 	0.0151360 	-183.3645329	123.8344008	-0.4963147	-0.0258622	2.9923968 	3854198854.7668738	13.7851783	0.0122316 	0.0000000 
54.5923258	-0.0436234	-2.3815041	-0.0167516	0.0000000 	-47.9513313	186.2690667	0.2823945 	0.0000000 	779.3106431	0.0237665 	0.0029413 	-0.0316286	3.0571948 	0.1754900 	-0.0765325	8.7432032 	0.0158331 	-190.0636966	123.8964736	-0.5144356	-0.0258582	2.2921865 	3854198914.7729559	13.8018472	0.0117882 	0.0000000 
54.3707589	-0.0645766	-3.5110787	-0.0565046	0.0000000 	-46.8720088	186.2748868	0.1393384 	0.0000000 	776.6679665	0.0236392 	0.0034271 	-0.0245107	2.9781610 	0.1652351 	-0.0125131	8.7340278 	0.0167523 	-181.4730266	123.8695854	-0.4911804	-0.0258806	2.6617525 	3854198974.7804098	13.8185167	0.0085398 	0.0000000 
54.2844660	-0.0455054	-2.4702345	-0.0016152	0.0000000 	-44.7406689	186.2765509	0.1898891 	0.0000000 	781.2500623	0.0231922 	0.0040144 	-0.0289795	3.0411172 	0.1687997 	-0.0416868	8.7696273 	0.0174436 	-181.5152086	123.8584843	-0.4914203	-0.0258575	3.1362558 	3854199034.7867050	13.8351856	0.0106101 	0.0000000 
54.3112059	-0.0620651	-3.3708323	0.0775356 	0.0000000 	-30.5328568	186.2612447	0.0791135 	0.0000000 	778.3475666	0.0245530 	0.0028301 	-0.0241304	3.0691597 	0.1933418 	-0.0392243	8.7404464 	0.0146106 	-182.0432123	123.7932266	-0.4929157	-0.0258659	2.2028297 	3854199094.7950439	13.8518553	0.0109825 	0.0000000 
54.4324502	-0.0544645	-2.9646347	0.0186166 	0.0000000 	-60.9933367	186.2671307	0.1073953 	0.0000000 	771.4429932	0.0203095 	0.0039962 	-0.0257423	3.0426819 	0.1453988 	-0.0740126	8.7341687 	0.0173908 	-182.3155412	123.7933442	-0.4938277	-0.0257858	3.0828782 	3854199154.8012700	13.8685242	0.0117461 	0.0000000 
54.5687510	-0.0649897	-3.5464043	0.0124368 	0.0000000 	-48.8298428	186.2650441	0.0104048 	0.0000000 	781.9868447	0.0243343 	0.0031964 	-0.0135321	3.0665874 	0.1673607 	-0.0891499	8.6978307 	0.0154474 	-183.5690360	123.8284268	-0.4968604	-0.0258427	2.4995436 	3854199214.8085179	13.8851936	0.0100557 	0.0000000 
54.7721524	-0.0437272	-2.3950350	0.0209633 	0.0000000 	-41.0309736	186.3028151	0.0048698 	0.0000000 	774.3022932	0.0250133 	0.0042553 	-0.0247009	3.0994682 	0.1654223 	-0.0805025	8.7625999 	0.0172287 	-182.9014971	123.7162847	-0.4955544	-0.0258170	3.2949162 	3854199274.8145533	13.9018625	0.0100643 	0.0000000 
54.9127274	-0.0691202	-3.7955792	0.0244599 	0.0000000 	-51.3525943	186.2717334	0.0168247 	0.0000000 	772.0589664	0.0235436 	0.0035441 	-0.0240663	3.0907192 	0.1720808 	-0.0474428	8.7091513 	0.0156412 	-183.6332432	123.8073882	-0.4971528	-0.0258556	2.7362269 	3854199334.8205328	13.9185314	0.0083567 	0.0000000 
55.0970964	-0.0328376	-1.8092561	-0.0129839	0.0000000 	-54.3383544	186.2842058	-0.0010808	0.0000000 	783.3874331	0.0238434 	0.0040091 	-0.0193232	3.0773583 	0.1601132 	-0.0572087	8.7742841 	0.0154862 	-184.2904158	123.8487917	-0.4987944	-0.0258054	3.1406727 	3854199394.8241348	13.9351997	0.0077186 	0.0000000 
55.3051750	-0.0571946	-3.1631581	-0.1052516	0.0000000 	-50.7593199	186.2582046	0.0021499 	0.0000000 	784.2277414	0.0259047 	0.0047235 	-0.0189650	3.0380744 	0.1596300 	-0.0631416	8.7389890 	0.0151962 	-184.4104106	123.9535930	-0.4986851	-0.0258165	3.7042713 	3854199454.8308611	13.9518689	0.0124868 	0.0000000 
55.4987418	-0.0536428	-2.9771067	-0.0327669	0.0000000 	-53.2193435	186.2695020	0.0042233 	0.0000000 	780.9159029	0.0261558 	0.0049617 	-0.0250414	3.0851085 	0.1594943 	-0.0582918	8.7680769 	0.0148723 	-181.0316104	123.8722297	-0.4898571	-0.0258740	3.8746978 	3854199514.8375831	13.9685381	0.0120741 	0.0000000 
55.6646435	-0.0493731	-2.7483341	-0.0453977	0.0000000 	-52.0195642	186.2861019	0.0010086 	0.0000000 	772.9491904	0.0240444 	0.0040215 	-0.0165194	3.1289733 	0.1617323 	-0.0713203	8.7348594 	0.0161223 	-181.3908004	123.9285615	-0.4905859	-0.0258509	3.1084099 	3854199574.8457212	13.9852075	0.0136931 	0.0000000 
55.6985157	-0.0504841	-2.8118905	-0.1812330	0.0000000 	-45.6488651	186.2746604	0.0012772 	0.0000000 	765.4945779	0.0246121 	0.0047713 	-0.0309873	3.0575721 	0.1761493 	-0.0476727	8.7465436 	0.0144955 	-181.8521756	123.9321538	-0.4918237	-0.0258788	3.6524006 	3854199634.8529282	14.0018767	0.0099200 	0.0000000 
55.7136839	-0.0530861	-2.9576249	-0.1054386	0.0000000 	-44.7997955	186.2669295	0.0286109 	0.0000000 	754.5728005	0.0235639 	0.0043838 	-0.0343041	3.1750308 	0.1713105 	-0.0605200	8.7478459 	0.0173842 	-183.1308753	123.9519329	-0.4950764	-0.0258021	3.3078751 	3854199694.8589082	14.0185456	0.0154443 	0.0000000 
55.5877194	-0.0493620	-2.7439222	-0.0485484	0.0000000 	-28.6993093	186.2534624	0.0395470 	0.0000000 	776.9439531	0.0227737 	0.0045193 	-0.0222973	3.0755650 	0.1965109 	-0.0280217	8.7325930 	0.0155794 	-184.0797066	123.9724557	-0.4974500	-0.0257875	3.5112384 	3854199754.8652992	14.0352147	0.0097915 	0.0000000 
55.3685765	-0.0633463	-3.5073927	-0.0278118	0.0000000 	-49.3341375	186.2620064	0.0605135 	0.0000000 	752.3517410	0.0246168 	0.0042301 	-0.0299281	3.0843295 	0.1726971 	-0.0104043	8.7210356 	0.0152720 	-183.2118887	123.9225339	-0.4954730	-0.0258641	3.1825166 	3854199814.8676062	14.0518828	0.0110753 	0.0000000 
55.1887726	-0.0593173	-3.2736502	0.0429527 	0.0000000 	-48.6134950	186.2990541	0.0354634 	0.0000000 	782.6311357	0.0239398 	0.0046619 	-0.0197146	3.1000541 	0.1735449 	-0.0511034	8.7131597 	0.0154912 	-181.7671233	123.9172697	-0.4916070	-0.0258514	3.6485504 	3854199874.8744230	14.0685519	0.0128421 	0.0000000 
54.9692041	-0.0412467	-2.2672981	0.0101275 	0.0000000 	-71.4615510	186.2790294	0.1100398 	0.0000000 	780.6110035	0.0238724 	0.0040033 	-0.0285705	3.1018763 	0.1515213 	-0.0568948	8.7422279 	0.0164467 	-182.2029530	123.8594300	-0.4928385	-0.0258948	3.1250473 	3854199934.8797197	14.0852206	0.0091463 	0.0000000 
54.8139816	-0.0693963	-3.8038884	0.0625020 	0.0000000 	-25.6867521	186.2899330	0.0124706 	0.0000000 	767.8925117	0.0243839 	0.0045800 	-0.0241061	3.1112645 	0.1939460 	-0.0309307	8.7956906 	0.0159120 	-182.1098945	123.9393622	-0.4923745	-0.0258730	3.5169242 	3854199994.8862681	14.1018897	0.0091156 	0.0000000 
54.7796721	-0.0372929	-2.0428902	-0.0567477	0.0000000 	-9.2434721	186.3263255	0.0768356 	0.0000000 	771.6184045	0.0247020 	0.0035764 	-0.0209462	3.0518060 	0.2067153 	-0.0378936	8.7205170 	0.0157583 	-182.0220379	123.9824232	-0.4920167	-0.0258788	2.7596123 	3854200054.8914041	14.1185583	0.0094425 	0.0000000 
54.6999510	-0.0628758	-3.4393022	0.0141664 	0.0000000 	-47.5439231	186.2386939	0.0677750 	0.0000000 	776.7376203	0.0281897 	0.0057603 	-0.0270271	3.0204832 	0.1664757 	-0.0341712	8.7264450 	0.0144794 	-181.4157496	124.0040391	-0.4902606	-0.0258399	4.4742062 	3854200114.8996348	14.1352281	0.0136783 	0.0000000 
54.7420124	-0.0316802	-1.7342355	0.0602675 	0.0000000 	-48.5191602	186.2494427	0.0639562 	0.0000000 	779.4399576	0.0239626 	0.0043909 	-0.0272703	3.1061820 	0.1617950 	-0.0639462	8.7161562 	0.0154338 	-183.3281536	123.9989052	-0.4955536	-0.0257975	3.4224103 	3854200174.9050050	14.1518967	0.0118087 	0.0000000 
54.8146679	-0.0646915	-3.5460409	0.0501516 	0.0000000 	-48.5777452	186.2772217	0.1642773 	0.0000000 	768.7649317	0.0243450 	0.0055424 	-0.0284842	3.0588083 	0.1552968 	-0.0602061	8.7103070 	0.0158627 	-182.2409844	123.9902029	-0.4924700	-0.0258398	4.2607685 	3854200234.9126201	14.1685661	0.0092528 	0.0000000 
55.0370754	-0.0154075	-0.8479859	-0.0377126	0.0000000 	-42.2955112	186.2719826	0.1254949 	0.0000000 	765.8084289	0.0243809 	0.0053129 	-0.0257401	3.0902776 	0.1686045 	-0.0696934	8.7296445 	0.0180084 	-184.9533244	123.9994851	-0.4998090	-0.0258751	4.0686956 	3854200294.9197559	14.1852353	0.0086255 	0.0000000 
55.2053106	-0.0565651	-3.1226934	-0.0082157	0.0000000 	-31.1543727	186.2724067	0.1041476 	0.0000000 	758.2940317	0.0239256 	0.0047704 	-0.0292670	3.0824607 	0.1919632 	-0.0581459	8.7116375 	0.0170645 	-183.4410252	123.9857870	-0.4959592	-0.0258828	3.6173730 	3854200354.9269848	14.2019047	0.0106750 	0.0000000 
55.1805592	-0.0420750	-2.3217230	0.0164569 	0.0000000 	-48.5552389	186.2588293	0.0525508 	0.0000000 	756.9749002	0.0224940 	0.0046796 	-0.0234692	3.0825473 	0.1738580 	-0.0427522	8.7399277 	0.0150735 	-183.1157574	123.8991705	-0.4951400	-0.0258162	3.5423535 	3854200414.9315481	14.2185733	0.0128751 	0.0000000 
55.0371047	-0.0475088	-2.6147465	-0.0457904	0.0000000 	-14.4760649	186.2509182	0.0263867 	0.0000000 	767.2085709	0.0225670 	0.0059082 	-0.0300962	3.0862093 	0.2076500 	-0.0540389	8.7166579 	0.0157481 	-189.3075474	123.9098648	-0.5116925	-0.0259374	4.5328043 	3854200474.9347501	14.2352414	0.0129542 	0.0000000 
54.8844178	-0.0645125	-3.5407334	0.0276573 	0.0000000 	-65.6160949	186.2536140	-0.0026009	0.0000000 	758.7352630	0.0238040 	0.0041964 	-0.0189517	2.9782586 	0.1369300 	-0.0436320	8.8019597 	0.0161868 	-190.0461406	123.7853045	-0.5142997	-0.0259651	3.1839811 	3854200534.9364600	14.2519092	0.0097573 	0.0000000 
54.7652018	-0.0622043	-3.4066306	0.0290784 	0.0000000 	-50.0445760	186.2587576	0.0253792 	0.0000000 	745.6000992	0.0245276 	0.0039449 	-0.0269939	3.0636711 	0.1603452 	-0.0694679	8.7685674 	0.0171485 	-183.6406612	123.8267696	-0.4968208	-0.0258437	2.9412987 	3854200594.9423189	14.2685781	0.0113377 	0.0000000 
54.7658299	-0.0566071	-3.1001326	0.0256659 	0.0000000 	-57.1687911	186.2814698	0.0047907 	0.0000000 	762.9724873	0.0247458 	0.0051876 	-0.0272172	3.0449125 	0.1493504 	-0.0426815	8.7621319 	0.0154028 	-184.3371948	124.0256957	-0.4980073	-0.0258509	3.9580004 	3854200654.9457879	14.2852464	0.0093362 	0.0000000 
54.8546963	-0.0527725	-2.8948190	-0.0134046	0.0000000 	-46.8145803	186.2734152	0.0490619 	0.0000000 	766.2442913	0.0216249 	0.0046437 	-0.0252758	3.0750212 	0.1649865 	-0.1114181	8.7519643 	0.0145893 	-183.0234499	123.9110216	-0.4948749	-0.0258864	3.5582428 	3854200714.9555912	14.3019164	0.0098156 	0.0000000 
54.8530656	-0.0562912	-3.0877445	0.0049293 	0.0000000 	-40.9203838	186.3031144	0.0987465 	0.0000000 	759.3458058	0.0233426 	0.0053838 	-0.0207605	3.1019295 	0.1753010 	-0.0413022	8.7274570 	0.0171659 	-182.8352397	124.0337202	-0.4939540	-0.0258623	4.0881684 	3854200774.9633050	14.3185858	0.0107617 	0.0000000 
54.8838716	-0.0117143	-0.6429282	0.0502077 	0.0000000 	-60.7962868	186.2612477	0.0662737 	0.0000000 	770.1051651	0.0248552 	0.0061332 	-0.0223282	3.1087498 	0.1491453 	-0.0435259	8.7836822 	0.0165050 	-188.1028149	124.0094643	-0.5083488	-0.0258782	4.7231799 	3854200834.9706140	14.3352550	0.0123664 	0.0000000 
54.8767902	-0.0366501	-2.0112385	-0.0131428	0.0000000 	-45.6846070	186.2496962	0.0522822 	0.0000000 	762.6846479	0.0234837 	0.0054542 	-0.0249463	3.0827404 	0.1651648 	-0.0407717	8.7391751 	0.0145627 	-182.8775118	124.0356038	-0.4941551	-0.0258829	4.1598511 	3854200894.9777250	14.3519242	0.0093578 	0.0000000 
54.8919779	-0.0750090	-4.1173930	0.0914099 	0.0000000 	-55.8212768	186.2658986	0.2491744 	0.0000000 	750.3769617	0.0244454 	0.0049352 	-0.0221138	3.0213266 	0.1584230 	-0.0254266	8.7578416 	0.0157332 	-182.3415941	124.0534545	-0.4925378	-0.0258273	3.7032319 	3854200954.9836493	14.3685933	0.0099272 	0.0000000 
54.9835565	-0.0575547	-3.1645597	-0.0195190	0.0000000 	-48.8519990	186.2755262	0.0543575 	0.0000000 	769.7706337	0.0253219 	0.0053767 	-0.0205947	3.0832930 	0.1646408 	-0.0326593	8.7446803 	0.0159558 	-182.5729838	123.9824293	-0.4934418	-0.0258276	4.1388389 	3854201014.9909229	14.3852625	0.0093702 	0.0000000 
55.0726459	-0.0509391	-2.8053534	-0.1305507	0.0000000 	-48.2198331	186.2814739	0.0613362 	0.0000000 	771.5601821	0.0252067 	0.0050968 	-0.0223128	3.0752853 	0.1614551 	-0.0431590	8.7435725 	0.0169130 	-182.5371458	123.9770557	-0.4934077	-0.0258449	3.9324992 	3854201074.9967508	14.4019314	0.0135048 	0.0000000 
55.0468905	-0.0372553	-2.0507885	0.1210003 	0.0000000 	-52.7010481	186.2522003	0.0802096 	0.0000000 	755.7137681	0.0235995 	0.0040122 	-0.0232570	3.1147667 	0.1600367 	0.0001794 	8.7180194 	0.0142032 	-184.5093543	123.9597416	-0.4987327	-0.0258864	3.0320692 	3854201135.0030451	14.4186006	0.0101172 	0.0000000 
55.0519814	-0.0420154	-2.3130298	-0.0294011	0.0000000 	-43.1863567	186.2288383	0.2112232 	0.0000000 	751.0997837	0.0219815 	0.0036149 	-0.0228191	3.1289444 	0.1614887 	-0.0502722	8.7668423 	0.0170136 	-182.4952335	123.9394870	-0.4933132	-0.0258750	2.7151702 	3854201195.0030489	14.4352678	0.0085461 	0.0000000 
54.9819794	-0.0616631	-3.3903605	-0.1077666	0.0000000 	-26.2037537	186.2793806	0.1815410 	0.0000000 	760.3516565	0.0222776 	0.0049830 	-0.0265185	3.0847689 	0.1902730 	-0.0673591	8.7438797 	0.0158806 	-182.0285122	124.0229904	-0.4918463	-0.0258769	3.7888274 	3854201255.0051589	14.4519356	0.0079812 	0.0000000 
54.8806440	-0.0727118	-3.9904706	-0.0621422	0.0000000 	-48.2459823	186.2727022	0.2720955 	0.0000000 	748.0019399	0.0241037 	0.0050516 	-0.0245195	3.0621241 	0.1641602 	-0.0566163	8.7515753 	0.0154966 	-182.8620357	123.9907874	-0.4942987	-0.0258213	3.7786369 	3854201315.0133657	14.4686053	0.0120965 	0.0000000 
54.7846461	-0.0704632	-3.8603010	0.0426068 	0.0000000 	-80.1828579	186.2749198	0.1006474 	0.0000000 	784.4764765	0.0230301 	0.0042110 	-0.0206212	3.0922728 	0.1460639 	-0.0753787	8.7100900 	0.0161722 	-181.9562832	123.9854883	-0.4918857	-0.0258964	3.3034676 	3854201375.0156193	14.4852731	0.0081318 	0.0000000 
54.6842163	-0.0602561	-3.2950567	0.0057614 	0.0000000 	-46.8555529	186.2816208	0.0902174 	0.0000000 	780.2057520	0.0212479 	0.0045565 	-0.0281924	3.0397390 	0.1799746 	-0.0243833	8.7092866 	0.0163736 	-181.8880387	124.0276166	-0.4916027	-0.0258892	3.5550049 	3854201435.0196919	14.5019414	0.0096363 	0.0000000 
54.6333954	-0.0395481	-2.1606464	-0.1870482	0.0000000 	-35.5432982	186.2555255	0.0880827 	0.0000000 	773.7601643	0.0245783 	0.0043018 	-0.0299525	3.0490339 	0.1793203 	-0.0809446	8.7477923 	0.0160471 	-182.9766646	124.0472453	-0.4941949	-0.0258219	3.3285913 	3854201495.0273051	14.5186108	0.0092038 	0.0000000 
54.6841632	-0.0649146	-3.5497981	-0.0735202	0.0000000 	-51.2930191	186.2755408	0.0414535 	0.0000000 	775.0407369	0.0244006 	0.0050552 	-0.0261757	3.0716743 	0.1584418 	-0.0630399	8.7361758 	0.0138346 	-182.4452007	123.9511480	-0.4932560	-0.0258838	3.9179732 	3854201555.0321398	14.5352794	0.0095259 	0.0000000 
54.7028023	-0.0606802	-3.3193761	-0.0547376	0.0000000 	-51.6535255	186.2795141	0.0157164 	0.0000000 	777.4092619	0.0229576 	0.0042000 	-0.0311487	3.0484103 	0.1710776 	-0.0608162	8.7198855 	0.0153396 	-182.7210344	124.0410846	-0.4936345	-0.0258874	3.2650997 	3854201615.0348620	14.5519475	0.0075111 	0.0000000 
54.6285340	-0.0561101	-3.0652107	-0.0626003	0.0000000 	-17.1827378	186.2737789	0.1565983 	0.0000000 	769.6509403	0.0234190 	0.0056300 	-0.0222310	3.0662922 	0.2049636 	-0.0533315	8.7343632 	0.0177760 	-182.9112989	124.0665813	-0.4941886	-0.0258776	4.3331705 	3854201675.0381250	14.5686158	0.0075670 	0.0000000 
54.6044546	-0.0594145	-3.2442970	0.1785355 	0.0000000 	-37.5981454	186.2913192	0.1149706 	0.0000000 	767.7296970	0.0212989 	0.0055525 	-0.0182950	3.0585087 	0.1737572 	-0.0653918	8.7875497 	0.0163923 	-182.9300554	124.0298557	-0.4944052	-0.0258138	4.2628512 	3854201735.0424099	14.5852842	0.0122117 	0.0000000 
54.6440122	-0.0617338	-3.3733829	-0.0279333	0.0000000 	-33.4132990	186.2872380	0.0902673 	0.0000000 	764.2317844	0.0229537 	0.0040742 	-0.0329686	3.0824940 	0.1672855 	-0.0550557	8.7618021 	0.0165966 	-182.8672552	123.9959808	-0.4943291	-0.0258790	3.1136303 	3854201795.0460010	14.6019525	0.0083289 	0.0000000 
54.6106746	-0.0594697	-3.2476822	0.0647458 	0.0000000 	-35.3644793	186.2858053	0.0487179 	0.0000000 	767.8711405	0.0221837 	0.0040928 	-0.0193719	3.0901932 	0.1793005 	-0.0751842	8.7555611 	0.0156654 	-182.6532263	124.0335917	-0.4936291	-0.0258520	3.1427411 	3854201855.0484018	14.6186203	0.0097019 	0.0000000 
54.4951692	-0.0310352	-1.6912669	-0.0184625	0.0000000 	-52.9042837	186.3058855	-0.0026405	0.0000000 	760.9511647	0.0187310 	0.0040693 	-0.0230270	3.0376461 	0.1684517 	-0.0350554	8.7075389 	0.0173817 	-182.8473674	124.0530139	-0.4940008	-0.0258783	3.0965573 	3854201915.0552778	14.6352894	0.0075111 	0.0000000 
54.5022190	-0.0586458	-3.1963279	-0.0139936	0.0000000 	-43.1432262	186.2695449	0.0488734 	0.0000000 	754.1864441	0.0226750 	0.0050202 	-0.0233764	3.0538967 	0.1746498 	-0.0441935	8.7600742 	0.0179154 	-182.3529714	123.8291558	-0.4934726	-0.0258598	3.7861636 	3854201975.0612230	14.6519583	0.0104435 	0.0000000 
54.5487416	-0.0716317	-3.9074177	-0.0340571	0.0000000 	-52.7817855	186.2559479	0.6811266 	0.0000000 	745.9303546	0.0236071 	0.0039590 	-0.0243626	3.1039781 	0.1611971 	-0.0871472	8.7251568 	3.8315786 	-182.2576102	124.0215663	-0.4925348	-0.0258405	2.9531730 	3854202035.0681047	14.6686275	0.0132218 	0.0000000 
54.6559721	-0.0641591	-3.5066794	-0.1336546	0.0000000 	-53.6426964	186.2761832	0.1393280 	0.0000000 	754.0552507	0.0248330 	0.0043191 	-0.0218550	3.0688002 	0.1611021 	-0.0669170	8.7437754 	0.0179700 	-181.7333529	124.0204823	-0.4909160	-0.0258607	3.2568483 	3854202095.0725951	14.6852961	0.0098257 	0.0000000 
54.7303050	-0.0726212	-3.9745827	-0.0080661	0.0000000 	-54.2100658	186.2959322	0.4376326 	0.0000000 	745.6967206	0.0220830 	0.0042088 	-0.0249994	3.0709774 	0.1538448 	-0.0192064	8.7677809 	2.2508815 	-181.8067377	123.9931025	-0.4912741	-0.0258347	3.1385129 	3854202155.0804682	14.7019656	0.0102299 	0.0000000 
54.5305123	-0.0406614	-2.2172843	-0.1813545	0.0000000 	-40.4645115	186.2841492	0.2545133 	0.0000000 	746.8572032	0.0245132 	0.0074259 	-0.0272150	3.0834905 	0.1673159 	-0.0634201	8.7775145 	0.0163609 	-180.9821967	123.7972183	-0.4899504	-0.0258864	5.5461164 	3854202215.0869431	14.7186347	0.0093728 	0.0000000 
54.4149112	-0.0500269	-2.7222086	-0.0325518	0.0000000 	-52.0887006	186.2615543	0.0605191 	0.0000000 	748.1949569	0.0242368 	0.0042491 	-0.0285086	3.0737939 	0.1666849 	-0.0411607	8.6905467 	0.0182189 	-180.6126855	123.9277064	-0.4883495	-0.0258613	3.1791817 	3854202275.0923309	14.7353033	0.0113397 	0.0000000 
54.4477180	-0.0766104	-4.1712630	0.0072760 	0.0000000 	-41.0588110	186.2689716	0.3180179 	0.0000000 	743.7719313	0.0253374 	0.0038674 	-0.0311333	3.0627456 	0.1817043 	-0.0936194	8.7373907 	3.3540170 	-182.0229734	123.9897649	-0.4919836	-0.0258373	2.8764410 	3854202335.0989499	14.7519725	0.0112264 	0.0000000 
54.4029872	-0.0496072	-2.6987801	0.0233006 	0.0000000 	-85.3195655	186.2637345	0.2141494 	0.0000000 	784.1382256	0.0252379 	0.0049254 	-0.0286412	3.0840121 	0.1218918 	-0.0755334	8.7136586 	2.8043727 	-182.7640176	124.0198032	-0.4936314	-0.0258682	3.8622090 	3854202395.1071749	14.7686422	0.0097838 	0.0000000 
54.5625154	-0.0884698	-4.8271326	-0.1163118	0.0000000 	-70.6078260	186.2878410	0.2202376 	0.0000000 	783.9164941	0.0232578 	0.0041079 	-0.0259303	3.0294653 	0.1427062 	-0.0358512	8.7415288 	3.0627580 	-182.2653232	124.0170712	-0.4924826	-0.0258545	3.2202157 	3854202455.1159530	14.7853119	0.0122636 	0.0000000 
54.7091313	-0.0517940	-2.8336030	0.0244038 	0.0000000 	-44.9194128	186.2823987	0.1135598 	0.0000000 	781.7885212	0.0261718 	0.0040175 	-0.0305252	3.0282002 	0.1743421 	-0.0828103	8.7239616 	1.3764373 	-182.7896574	123.9661436	-0.4940405	-0.0258627	3.1408411 	3854202515.1224608	14.8019808	0.0098516 	0.0000000 
54.9627016	-0.0648107	-3.5621732	-0.0368992	0.0000000 	-52.5760444	186.3146493	0.1121376 	0.0000000 	779.7926897	0.0229340 	0.0040126 	-0.0274405	3.0350671 	0.1707883 	-0.0841852	8.7642094 	0.0149012 	-183.3985331	123.8891539	-0.4960061	-0.0257962	3.1290239 	3854202575.1289682	14.8186500	0.0109506 	0.0000000 
55.1659402	-0.0469566	-2.5904040	-0.0863381	0.0000000 	-48.7170441	186.2837253	0.0364520 	0.0000000 	776.2605578	0.0227893 	0.0049830 	-0.0284422	3.0606748 	0.1538188 	-0.0834867	8.7405309 	0.0157948 	-182.1515826	123.9141454	-0.4927466	-0.0258699	3.8681013 	3854202635.1360059	14.8353192	0.0123132 	0.0000000 
55.1153366	-0.0633971	-3.4941510	-0.0573367	0.0000000 	-60.4710640	186.2886777	-0.0025623	0.0000000 	782.0195019	0.0224821 	0.0053825 	-0.0232525	3.0772384 	0.1570471 	-0.0264213	8.7319841 	0.0149517 	-182.4561628	123.9470972	-0.4932942	-0.0258804	4.2092000 	3854202695.1432528	14.8519886	0.0097814 	0.0000000 
54.8795380	-0.0470030	-2.5795011	-0.1067942	0.0000000 	-48.4774684	186.3043620	0.0618932 	0.0000000 	776.5940478	0.0244719 	0.0041836 	-0.0295589	3.0628077 	0.1696914 	-0.0882303	8.7403900 	0.0154121 	-181.7316029	123.9225400	-0.4912964	-0.0258636	3.2489500 	3854202755.1494369	14.8686575	0.0111036 	0.0000000 
54.7250080	-0.0559864	-3.0638546	-0.0148630	0.0000000 	-49.4236266	186.2945650	0.1281196 	0.0000000 	767.8894229	0.0234827 	0.0045773 	-0.0329089	3.0713947 	0.1651218 	-0.0472483	8.7927759 	0.0147822 	-183.5540405	123.9096637	-0.4961048	-0.0258549	3.5148696 	3854202815.1543040	14.8853261	0.0100764 	0.0000000 
54.5099091	-0.0610910	-3.3300665	-0.0060187	0.0000000 	-46.3186463	186.2433809	0.0044523 	0.0000000 	767.9028271	0.0242952 	0.0045990 	-0.0236992	3.0480618 	0.1656458 	-0.0437425	8.6938110 	0.0170064 	-181.5388594	123.7738094	-0.4912574	-0.0258497	3.5315954 	3854202875.1609149	14.9019953	0.0133734 	0.0000000 
54.2917798	-0.0382206	-2.0750627	0.0281342 	0.0000000 	-67.9423682	186.2695895	0.0411699 	0.0000000 	783.0467521	0.0237738 	0.0044958 	-0.0269607	3.0219880 	0.1279941 	-0.0707500	8.7360264 	0.0147142 	-183.1342638	123.9803048	-0.4949742	-0.0258541	3.5204385 	3854202935.1692429	14.9186650	0.0131872 	0.0000000 
54.3099195	-0.0460222	-2.4994640	-0.0104315	0.0000000 	-46.0310960	186.2691177	0.0494624 	0.0000000 	777.5200708	0.0237027 	0.0051770 	-0.0228390	3.0794223 	0.1665268 	-0.0584863	8.7721981 	0.0156321 	-181.7719535	123.9485002	-0.4912115	-0.0258413	4.0252032 	3854202995.1758208	14.9353339	0.0123406 	0.0000000 
54.2836946	-0.0631143	-3.4260795	-0.0245676	0.0000000 	-45.4211821	186.2857306	0.0679654 	0.0000000 	772.1412416	0.0232670 	0.0051650 	-0.0259215	3.0702206 	0.1755622 	-0.0250332	8.7513836 	0.0164406 	-180.9634010	123.8002405	-0.4896943	-0.0258765	3.9881239 	3854203055.1819839	14.9520031	0.0108169 	0.0000000 
54.2303259	-0.0635318	-3.4453509	-0.0293076	0.0000000 	-49.5649078	186.2650745	0.0611053 	0.0000000 	766.7331450	0.0231344 	0.0056287 	-0.0279712	3.0804477 	0.1691276 	-0.0753389	8.7172696 	0.0158146 	-183.1932914	123.8030526	-0.4956654	-0.0258685	4.3157245 	3854203115.1866760	14.9686717	0.0085723 	0.0000000 
54.0792729	-0.0551581	-2.9829073	0.0360717 	0.0000000 	-39.3727860	186.3109924	0.0155439 	0.0000000 	772.5213988	0.0232881 	0.0054126 	-0.0205748	3.1056715 	0.1745258 	-0.0710462	8.7910873 	0.0145228 	-182.2233675	123.7769394	-0.4931053	-0.0258288	4.1813421 	3854203175.1948061	14.9853411	0.0112469 	0.0000000 
54.0765494	-0.0579059	-3.1313493	0.0238241 	0.0000000 	-57.6670891	186.2753408	0.0033987 	0.0000000 	767.5107427	0.0246302 	0.0044701 	-0.0277744	3.0921308 	0.1489809 	-0.0660328	8.7332075 	0.0156408 	-183.9816127	124.0144904	-0.4968559	-0.0258243	3.4308761 	3854203235.2035751	15.0020108	0.0075494 	0.0000000 
54.1082381	-0.0542348	-2.9345468	-0.1150777	0.0000000 	-37.7924550	186.2930325	0.0061186 	0.0000000 	755.5710005	0.0236387 	0.0037146 	-0.0295500	3.0633271 	0.1774361 	-0.0811966	8.8187856 	0.0164656 	-184.8110833	124.0946457	-0.4988560	-0.0258175	2.8066250 	3854203295.2096591	15.0186797	0.0096743 	0.0000000 
54.2946768	-0.0497795	-2.7027616	0.1269557 	0.0000000 	-42.2213747	186.2253498	0.0080317 	0.0000000 	766.1661452	0.0242859 	0.0046008 	-0.0228412	3.0446883 	0.1744223 	-0.0270137	8.7361927 	0.0150481 	-184.2562316	124.1155718	-0.4974680	-0.0258236	3.5249657 	3854203355.2130718	15.0353481	0.0089781 	0.0000000 
54.3900722	-0.0318171	-1.7305347	0.0859219 	0.0000000 	-43.0043496	186.2461264	0.0990490 	0.0000000 	753.6679465	0.0222687 	0.0055995 	-0.0321615	3.0741934 	0.1781750 	-0.0713026	8.7504844 	0.0157956 	-182.3763959	124.1040082	-0.4925247	-0.0258478	4.2201542 	3854203415.2177649	15.0520167	0.0110860 	0.0000000 
54.4477640	-0.0339575	-1.8489090	-0.0954723	0.0000000 	-51.9230794	186.2282644	0.0832122 	0.0000000 	740.2943515	0.0244655 	0.0033062 	-0.0216583	3.0282313 	0.1544727 	-0.0369299	8.7068426 	0.0163598 	-182.4279468	123.9738508	-0.4930433	-0.0258262	2.4475880 	3854203475.2251968	15.0686858	0.0103750 	0.0000000 
54.3059904	-0.0655529	-3.5599158	0.0870812 	0.0000000 	-15.2735899	186.2661660	0.0873646 	0.0000000 	755.8679536	0.0244188 	0.0041304 	-0.0213752	3.1109404 	0.2172049 	-0.0380926	8.7089258 	0.0160971 	-184.3141392	123.9464592	-0.4983748	-0.0257976	3.1220692 	3854203535.2310657	15.0853547	0.0122982 	0.0000000 
54.2144503	-0.0774608	-4.1994967	-0.1269606	0.0000000 	-47.3895269	186.2763255	0.0487612 	0.0000000 	752.5709565	0.0227413 	0.0040676 	-0.0333445	3.1063706 	0.1640084 	-0.0426550	8.7405958 	0.0146888 	-182.0846371	123.9444312	-0.4922966	-0.0258741	3.0611223 	3854203595.2374601	15.1020239	0.0116871 	0.0000000 
54.1859789	-0.0693809	-3.7594695	-0.0978376	0.0000000 	-38.2483605	186.2908692	0.1761502 	0.0000000 	745.5459075	0.0225384 	0.0043847 	-0.0226046	3.0651226 	0.1887256 	-0.0417796	8.7844264 	0.0160157 	-184.2889775	124.0503139	-0.4979135	-0.0258130	3.2689636 	3854203655.2456598	15.1186933	0.0116233 	0.0000000 
54.2754445	-0.0713821	-3.8742938	-0.0768579	0.0000000 	-28.2968306	186.2814286	0.0473542 	0.0000000 	757.8900449	0.0225645 	0.0055955 	-0.0241525	3.0583777 	0.1928944 	-0.0537780	8.7616020 	0.0155484 	-182.9223696	124.0249027	-0.4942773	-0.0258729	4.2407749 	3854203715.2543330	15.1353631	0.0110610 	0.0000000 
54.3312031	-0.0603400	-3.2783459	-0.0010823	0.0000000 	-45.1027434	186.2832827	0.0214823 	0.0000000 	757.6606016	0.0239856 	0.0052177 	-0.0317413	3.0444153 	0.1641660 	-0.0712230	8.7245818 	0.0155618 	-182.3367884	124.1102363	-0.4925485	-0.0258621	3.9532622 	3854203775.2601418	15.1520319	0.0095082 	0.0000000 
54.2705271	-0.0469875	-2.5500367	-0.0403865	0.0000000 	-85.3600679	186.2760134	0.1158216 	0.0000000 	742.6079676	0.0231710 	0.0065977 	-0.0255080	3.0677992 	0.1123203 	-0.0594103	8.8130520 	0.0148016 	-182.9830828	124.0417633	-0.4945772	-0.0258501	4.8995396 	3854203835.2667828	15.1687011	0.0114051 	0.0000000 
54.2375071	-0.0520966	-2.8255887	-0.0153586	0.0000000 	-27.5357598	186.2763360	0.1353368 	0.0000000 	744.7411326	0.0243040 	0.0050804 	-0.0161899	3.0241897 	0.1945945 	-0.0770719	8.7391525 	0.0172029 	-182.0336016	124.0205975	-0.4918951	-0.0258773	3.7836036 	3854203895.2730699	15.1853703	0.0107324 	0.0000000 
54.2563027	-0.0474116	-2.5723784	-0.0169666	0.0000000 	-48.8906071	186.3078155	-0.0016971	0.0000000 	754.6574871	0.0230448 	0.0045977 	-0.0248424	3.0455139 	0.1560371 	-0.0611964	8.7890324 	0.0152085 	-182.4030439	123.9265286	-0.4931826	-0.0258816	3.4696772 	3854203955.2818651	15.2020400	0.0086557 	0.0000000 
54.0641088	-0.0579014	-3.1303901	0.0961686 	0.0000000 	-47.2528032	186.2668634	0.0429869 	0.0000000 	747.4955430	0.0245376 	0.0052766 	-0.0230226	3.0823520 	0.1670808 	-0.0548081	8.7415880 	0.0163356 	-182.2450567	123.9021278	-0.4928584	-0.0258723	3.9442539 	3854204015.2854571	15.2187081	0.0107357 	0.0000000 
53.9680194	-0.0578020	-3.1194621	0.0145590 	0.0000000 	-43.4760527	186.2957934	0.0042789 	0.0000000 	774.6618940	0.0233863 	0.0050388 	-0.0211585	3.0966584 	0.1709025 	-0.0535924	8.7510820 	0.0150924 	-182.3104633	123.9573893	-0.4929092	-0.0258603	3.9033639 	3854204075.2918501	15.2353772	0.0093503 	0.0000000 
53.9631583	-0.0521032	-2.8116537	-0.0043264	0.0000000 	-55.9017988	186.2827986	0.0522652 	0.0000000 	766.8116760	0.0245160 	0.0050423 	-0.0274649	3.0048296 	0.1626477 	-0.0650647	8.7752199 	0.0157152 	-183.3566466	124.0289710	-0.4953880	-0.0258244	3.8665251 	3854204135.2996268	15.2520467	0.0102039 	0.0000000 
53.9383994	-0.0676822	-3.6506720	0.0239737 	0.0000000 	-40.1752626	186.2630141	-0.0017310	0.0000000 	750.4706186	0.0226390 	0.0052651 	-0.0187262	3.0845803 	0.1768399 	-0.0377699	8.7611143 	0.0152448 	-182.3953736	123.9501769	-0.4930687	-0.0258676	3.9513106 	3854204195.3081741	15.2687161	0.0102107 	0.0000000 
53.8013785	-0.0552022	-2.9699560	0.0385773 	0.0000000 	-56.5583092	186.2747324	0.0009210 	0.0000000 	745.2825920	0.0245695 	0.0043452 	-0.0229761	3.0740025 	0.1536079 	-0.0683759	8.7487620 	0.0163698 	-182.7218542	123.9158967	-0.4940752	-0.0258893	3.2384326 	3854204255.3139420	15.2853850	0.0090715 	0.0000000 
53.5838329	-0.0715765	-3.8353407	-0.0450705	0.0000000 	-45.1762684	186.2665202	0.0034354 	0.0000000 	737.0925357	0.0231852 	0.0051508 	-0.0256583	3.0463484 	0.1637921 	-0.0899191	8.7226649 	0.0171036 	-182.1201279	123.9294301	-0.4922854	-0.0258891	3.7966504 	3854204315.3211598	15.3020544	0.0092174 	0.0000000 
53.3621948	-0.0621999	-3.3191218	0.0954768 	0.0000000 	-43.6151002	186.2530255	-0.0025104	0.0000000 	747.1992728	0.0233776 	0.0043036 	-0.0268811	3.0483437 	0.1683886 	-0.0729825	8.6973712 	0.0173357 	-182.2121873	123.8747101	-0.4926919	-0.0258735	3.2156543 	3854204375.3288927	15.3187239	0.0106560 	0.0000000 
52.9954085	-0.0286540	-1.5185319	0.0344168 	0.0000000 	-50.9766089	186.2527331	-0.0023540	0.0000000 	736.3793844	0.0241698 	0.0056792 	-0.0180142	3.0432279 	0.1650640 	-0.0475578	8.6989301 	0.0163786 	-182.6908512	123.8321496	-0.4941463	-0.0258672	4.1820506 	3854204435.3361340	15.3353931	0.0100928 	0.0000000 
52.7400171	-0.0490241	-2.5855302	-0.0308970	0.0000000 	-47.9299136	186.2811607	-0.0024840	0.0000000 	740.5033875	0.0249752 	0.0055486 	-0.0230093	3.1210211 	0.1626540 	-0.0591937	8.7905771 	0.0169309 	-182.3530642	123.7676474	-0.4934385	-0.0258815	4.1087244 	3854204495.3433323	15.3520625	0.0097526 	0.0000000 
52.6948348	-0.0640398	-3.3745692	0.0645214 	0.0000000 	-50.1988981	186.2938280	-0.0029553	0.0000000 	785.1781716	0.0215698 	0.0047859 	-0.0330813	3.0891257 	0.1581296 	-0.0585615	8.7584364 	0.0152089 	-182.8017550	123.7900235	-0.4946274	-0.0258591	3.7577923 	3854204555.3505888	15.3687317	0.0107705 	0.0000000 
52.9635751	-0.0575767	-3.0494703	-0.0842812	0.0000000 	-51.1524796	186.2677012	-0.0011816	0.0000000 	783.7220389	0.0234828 	0.0053749 	-0.0277346	3.0447482 	0.1581274 	-0.0503828	8.7380588 	0.0172332 	-182.9704009	123.8784457	-0.4948778	-0.0258471	4.2124632 	3854204615.3575110	15.3854008	0.0112384 	0.0000000 
53.1923002	-0.0450746	-2.3976237	-0.0919944	0.0000000 	-46.4536471	186.2504164	0.0542462 	0.0000000 	785.0370292	0.0235583 	0.0058063 	-0.0254306	3.1048081 	0.1713683 	-0.0556348	8.7226734 	0.0141513 	-184.0625283	123.8506684	-0.4980638	-0.0258695	4.5581716 	3854204675.3635569	15.4020697	0.0094792 	0.0000000 
53.0762635	-0.0479042	-2.5425748	0.0242916 	0.0000000 	-54.8623217	186.2855331	0.0344493 	0.0000000 	784.7829381	0.0231852 	0.0049281 	-0.0339216	3.1125983 	0.1490503 	-0.0230526	8.7888238 	0.0154383 	-186.7310912	123.8238285	-0.5054028	-0.0258247	3.8674699 	3854204735.3707190	15.4187392	0.0090281 	0.0000000 
52.8360576	-0.0624428	-3.2992339	0.1324718 	0.0000000 	-40.5610179	186.2692650	0.1574889 	0.0000000 	782.3648446	0.0239106 	0.0042186 	-0.0261271	3.0913251 	0.1829055 	-0.0853435	8.7326409 	0.0149028 	-182.8721478	123.8044752	-0.4949043	-0.0259003	3.3004659 	3854204795.3776250	15.4354083	0.0115043 	0.0000000 
52.7891519	-0.0609165	-3.2157320	-0.0613008	0.0000000 	-48.8423161	186.2316951	0.2661949 	0.0000000 	784.2819469	0.0219430 	0.0050955 	-0.0246390	3.0939174 	0.1676218 	-0.0623502	8.7124409 	0.0151648 	-182.7986529	123.8456138	-0.4944555	-0.0259046	3.9962976 	3854204855.3847070	15.4520775	0.0090486 	0.0000000 
52.7135096	-0.0731293	-3.8549009	-0.0693131	0.0000000 	-44.8460783	186.2967175	0.1533742 	0.0000000 	779.1596587	0.0240623 	0.0044750 	-0.0274339	3.0167901 	0.1666916 	-0.0517444	8.7856610 	0.0165085 	-183.3317067	123.9198071	-0.4956221	-0.0258932	3.4867442 	3854204915.3889890	15.4687461	0.0109100 	0.0000000 
52.6689157	-0.0533843	-2.8116955	-0.1228469	0.0000000 	-48.5105526	186.2881475	0.0749941 	0.0000000 	769.8813011	0.0244774 	0.0042478 	-0.0285506	3.0681698 	0.1561303 	-0.0514924	8.7633384 	0.0155811 	-183.5873864	123.7885810	-0.4966571	-0.0258884	3.2703070 	3854204975.3952780	15.4854150	0.0058831 	0.0000000 
52.6725275	-0.0595161	-3.1348644	-0.0085991	0.0000000 	-47.8141447	186.2794165	0.0242031 	0.0000000 	764.2975737	0.0244112 	0.0053829 	-0.0272836	3.0650005 	0.1637912 	-0.0794150	8.7602292 	0.0170034 	-182.3588775	123.8583323	-0.4931847	-0.0259086	4.1141507 	3854205035.4013309	15.5020839	0.0103296 	0.0000000 
52.7482066	-0.0450283	-2.3751596	-0.0304950	0.0000000 	-59.8739914	186.2864230	0.1243517 	0.0000000 	749.7529544	0.0230407 	0.0051841 	-0.0114978	3.0450834 	0.1448032 	-0.0741895	8.7840148 	0.0162349 	-183.7709919	123.8289635	-0.4971195	-0.0258735	3.8867663 	3854205095.4089260	15.5187533	0.0093105 	0.0000000 
52.7883796	-0.0577711	-3.0496440	-0.0318413	0.0000000 	-39.3577934	186.2712787	0.1011638 	0.0000000 	741.8007971	0.0241066 	0.0047088 	-0.0348901	3.0867753 	0.1890342 	-0.0745210	8.7507381 	0.0159582 	-183.8430889	123.8410450	-0.4972621	-0.0258468	3.4930276 	3854205155.4163070	15.5354228	0.0138796 	0.0000000 
52.8476265	-0.0530773	-2.8050100	0.1076776 	0.0000000 	-47.0524799	186.2353930	0.2592321 	0.0000000 	728.0339336	0.0257259 	0.0059268 	-0.0231066	3.0615204 	0.1653659 	-0.0552767	8.7460193 	0.0162986 	-183.4686006	123.8193738	-0.4963289	-0.0258621	4.3148958 	3854205215.4238043	15.5520919	0.0095924 	0.0000000 
52.8306006	-0.0610115	-3.2232748	0.0489269 	0.0000000 	-64.3469149	186.2631205	0.1971836 	0.0000000 	720.2962508	0.0241131 	0.0046389 	-0.0312416	3.0751033 	0.1502569 	-0.0673724	8.7735314 	0.0159287 	-183.7950975	123.8214670	-0.4973052	-0.0258760	3.3413628 	3854205275.4297552	15.5687611	0.0093038 	0.0000000 
52.7341733	-0.0504156	-2.6586274	0.1409703 	0.0000000 	-21.0358408	186.2669765	0.0167898 	0.0000000 	719.2106235	0.0243992 	0.0052771 	-0.0247053	3.0742511 	0.1909676 	-0.0615500	8.7683363 	0.0167565 	-182.9207970	123.8224444	-0.4951784	-0.0258933	3.7953235 	3854205335.4376640	15.5854306	0.0113635 	0.0000000 
52.6084891	-0.0519641	-2.7337502	0.0218421 	0.0000000 	-42.3098982	186.2449901	-0.0012806	0.0000000 	714.2329357	0.0267724 	0.0054188 	-0.0291940	3.0768234 	0.1734867 	-0.0363286	8.7670621 	0.0182797 	-182.9067792	123.8587383	-0.4948068	-0.0258377	3.8702790 	3854205395.4450378	15.6020997	0.0103283 	0.0000000 
52.5469995	-0.0568081	-2.9850933	-0.0189487	0.0000000 	-14.3092143	186.2439563	0.0259890 	0.0000000 	700.3450718	0.0243408 	0.0045538 	-0.0246279	3.1165800 	0.2040782 	-0.0395294	8.7101492 	0.0180758 	-183.0452599	123.9028731	-0.4950257	-0.0259027	3.1892589 	3854205455.4531999	15.6187694	0.0097499 	0.0000000 
52.5856303	-0.0551161	-2.8983140	-0.0637503	0.0000000 	-41.3873370	186.2539086	0.3295911 	0.0000000 	738.5573110	0.0248235 	0.0056052 	-0.0183702	3.0584266 	0.1735060 	-0.0688799	8.6993557 	0.0161810 	-190.1653846	123.8132959	-0.5147002	-0.0257470	4.1397946 	3854205515.4613342	15.6354389	0.0092091 	0.0000000 
52.4552809	-0.0448427	-2.3522369	0.0618943 	0.0000000 	-38.6992178	186.2444949	-0.0019761	0.0000000 	734.7395755	0.0250389 	0.0053993 	-0.0120351	3.0564890 	0.1713092 	-0.0390387	8.7435161 	0.0157388 	-182.9235085	123.8033275	-0.4951028	-0.0258962	3.9670824 	3854205575.4700599	15.6521086	0.0103556 	0.0000000 
52.1660226	-0.0449465	-2.3446815	-0.0086738	0.0000000 	-73.4439407	186.2709605	0.0603702 	0.0000000 	719.0175933	0.0243960 	0.0051615 	-0.0317082	3.0183038 	0.1264991 	-0.0648569	8.7834990 	0.0171733 	-181.5809307	123.6915884	-0.4918862	-0.0259022	3.7111918 	3854205635.4769740	15.6687778	0.0079708 	0.0000000 
52.0571295	-0.0584117	-3.0407450	0.0788351 	0.0000000 	-42.0258823	186.1985133	0.0820379 	0.0000000 	696.0840477	0.0245923 	0.0042886 	-0.0219899	3.0764061 	0.1795240 	-0.0277786	8.7369171 	0.0171244 	-182.9946896	123.7200853	-0.4955222	-0.0258970	2.9851926 	3854205695.4832869	15.6854467	0.0146148 	0.0000000 
52.0327757	-0.0496249	-2.5821200	0.1263200 	0.0000000 	-52.2844259	186.2681372	0.0131445 	0.0000000 	714.6924431	0.0236028 	0.0056035 	-0.0251188	3.0465216 	0.1527798 	-0.0387823	8.7910225 	0.0163577 	-181.2924134	123.6741321	-0.4911006	-0.0259059	4.0047601 	3854205755.4884129	15.7021156	0.0133571 	0.0000000 
51.9960181	-0.0738008	-3.8373461	-0.0325799	0.0000000 	-39.5927919	186.2798929	0.0590998 	0.0000000 	683.7073403	0.0257952 	0.0047390 	-0.0175078	3.0779176 	0.1653972 	-0.0536366	8.7685956 	0.0151915 	-182.8338770	123.7047847	-0.4951602	-0.0258709	3.2400649 	3854205815.4961929	15.7187850	0.0088583 	0.0000000 
51.9241349	-0.0486265	-2.5248876	0.1286947 	0.0000000 	-37.9575405	186.2526839	0.0016410 	0.0000000 	683.6768583	0.0248846 	0.0045871 	-0.0239866	3.1522706 	0.1656377 	-0.0552325	8.7950169 	0.0175926 	-182.9005791	123.7095588	-0.4953200	-0.0258119	3.1360637 	3854205875.5039539	15.7354544	0.0110254 	0.0000000 
51.8393598	-0.0357246	-1.8519386	0.1172606 	0.0000000 	-46.3093327	186.2714131	-0.0025604	0.0000000 	658.0950183	0.0247798 	0.0055871 	-0.0109118	3.0557122 	0.1446218 	-0.0831020	8.7493681 	0.0166404 	-189.8733718	123.6800483	-0.5143244	-0.0258179	3.6768339 	3854205935.5106010	15.7521236	0.0123313 	0.0000000 
51.8651332	-0.0424395	-2.2011292	0.0563782 	0.0000000 	-39.3957502	186.2724142	0.0031386 	0.0000000 	697.1582452	0.0269573 	0.0046752 	-0.0201966	3.0292278 	0.1726617 	-0.0496047	8.8042994 	0.0184619 	-181.4371289	123.6843141	-0.4915028	-0.0259008	3.2593468 	3854205995.5177507	15.7687928	0.0089680 	0.0000000 
51.7618591	-0.0582527	-3.0152657	-0.0628341	0.0000000 	-51.0745580	186.2652504	0.0985778 	0.0000000 	735.4754230	0.0241775 	0.0055016 	-0.0225140	3.1203042 	0.1642462 	-0.0539107	8.7392850 	0.0165511 	-182.4556960	123.8241169	-0.4938062	-0.0258995	4.0462991 	3854206055.5247140	15.7854619	0.0089500 	0.0000000 
51.6949969	-0.0570113	-2.9471979	0.0647271 	0.0000000 	-51.0037470	186.2558307	-0.0017263	0.0000000 	736.4573728	0.0242218 	0.0040157 	-0.0243626	3.0407932 	0.1491556 	-0.0739242	8.7439869 	0.0169955 	-182.6743829	123.6627635	-0.4948928	-0.0259055	2.9574182 	3854206115.5294132	15.8021306	0.0083967 	0.0000000 
51.7172153	-0.0859097	-4.4430104	0.0716082 	0.0000000 	-53.3994541	186.2847977	0.0102135 	0.0000000 	697.2429505	0.0230665 	0.0052354 	-0.0170567	3.1238353 	0.1449035 	-0.0466427	8.7428678 	0.0166324 	-182.6248405	123.6617390	-0.4947638	-0.0258774	3.6503717 	3854206175.5376201	15.8188000	0.0087256 	0.0000000 
51.6936555	-0.0323561	-1.6726033	0.0239924 	0.0000000 	-49.6633705	186.2747196	0.0767621 	0.0000000 	672.3572877	0.0236966 	0.0039267 	-0.0271840	3.0423446 	0.1532008 	-0.0915106	8.7756597 	0.0154454 	-184.0301499	123.5991511	-0.4988443	-0.0258067	2.6401562 	3854206235.5434561	15.8354689	0.0129440 	0.0000000 
51.6695651	-0.0588071	-3.0385361	-0.0908351	0.0000000 	-44.1648921	186.2418023	-0.0033153	0.0000000 	708.2741979	0.0255474 	0.0033403 	-0.0255654	3.0461465 	0.1683980 	-0.0545561	8.7045340 	0.0165621 	-182.7524402	123.6014122	-0.4954748	-0.0258693	2.3658754 	3854206295.5464811	15.8521372	0.0105668 	0.0000000 
51.6855808	-0.0562293	-2.9062464	0.0675880 	0.0000000 	-45.9232011	186.2428939	-0.0028695	0.0000000 	673.1488533	0.0261707 	0.0052549 	-0.0233189	3.1244945 	0.1716661 	-0.0675139	8.7272428 	0.0163436 	-181.2589454	123.5888659	-0.4913655	-0.0259068	3.5373461 	3854206355.5523663	15.8688061	0.0096564 	0.0000000 
51.6334940	-0.0516261	-2.6656357	-0.0011290	0.0000000 	-43.2460412	186.3121134	0.0054956 	0.0000000 	618.4545982	0.0252369 	0.0057952 	-0.0211475	3.0791205 	0.1560188 	-0.0454888	8.7646153 	0.0166254 	-181.7834274	123.5858881	-0.4927066	-0.0258539	3.5840941 	3854206415.5620961	15.8854761	0.0116049 	0.0000000 
51.6254078	-0.0480058	-2.4783183	0.0000771 	0.0000000 	-38.3150658	186.2747745	0.1038347 	0.0000000 	608.3124531	0.0255568 	0.0050029 	-0.0215344	3.1132753 	0.1748402 	-0.0682256	8.7274147 	0.0183459 	-183.4657481	123.5582166	-0.4974426	-0.0258331	3.0433405 	3854206475.5703220	15.9021456	0.0105976 	0.0000000 
51.6730258	-0.0608282	-3.1431759	0.0795831 	0.0000000 	-36.2734658	186.2739177	0.0054664 	0.0000000 	595.9754458	0.0254413 	0.0050144 	-0.0226002	3.1035409 	0.1690004 	-0.0542511	8.8233183 	0.0173919 	-183.1029173	123.6645752	-0.4962533	-0.0258502	2.9884821 	3854206535.5784941	15.9188150	0.0085061 	0.0000000 
51.7474639	-0.0334782	-1.7324100	0.0795363 	0.0000000 	-45.2730912	186.4170667	0.0074446 	0.0000000 	601.6451588	0.0255371 	0.0048940 	-0.0309696	3.0739004 	0.1644751 	-0.0631371	8.7657006 	0.0169849 	-183.0861158	123.4181941	-0.4971230	-0.0258875	2.9444357 	3854206595.5873260	15.9354847	0.0081379 	0.0000000 
51.8106283	-0.0098699	-0.5113680	-0.1398625	0.0000000 	-43.6156731	186.3317919	0.0690652 	0.0000000 	602.0192059	0.0244918 	0.0071075 	-0.0202696	3.0392818 	0.1596116 	-0.0601398	8.7407734 	0.0165415 	-182.5276763	123.5164721	-0.4952522	-0.0258785	4.2788552 	3854206655.5952220	15.9521542	0.0112442 	0.0000000 
51.9610438	-0.0613959	-3.1901925	-0.1258106	0.0000000 	-40.1898676	186.5183696	-0.0012174	0.0000000 	593.9175895	0.0242420 	0.0056234 	-0.0178063	3.0515818 	0.1599574 	-0.0550866	8.8074114 	0.0168646 	-182.2970776	123.4508158	-0.4949246	-0.0258892	3.3398381 	3854206715.6001601	15.9688231	0.0102957 	0.0000000 
52.0546136	-0.0676513	-3.5215634	0.0735622 	0.0000000 	-28.6354791	187.5827726	0.0250117 	0.0000000 	557.1978549	0.0243641 	0.0057580 	-0.0166941	3.0306416 	0.1820926 	-0.0496798	8.9227821 	0.0198046 	-183.9606177	123.5577437	-0.4990207	-0.0258857	3.2083674 	3854206775.6052079	15.9854917	0.0113858 	0.0000000 
52.0524458	-0.0762217	-3.9675244	0.1343603 	0.0000000 	-26.3495064	187.0550142	0.0047577 	0.0000000 	568.1722500	0.0262286 	0.0048647 	-0.0194294	3.0575477 	0.1757973 	-0.0596623	8.8098808 	0.0149735 	-181.6252524	123.4007479	-0.4931648	-0.0258865	2.7640123 	3854206835.6124630	16.0021608	0.0077930 	0.0000000 
51.9271154	-0.0530972	-2.7571840	0.0147928 	0.0000000 	-45.8024711	186.3156558	0.0001001 	0.0000000 	611.7088789	0.0252397 	0.0055751 	-0.0207738	3.0497797 	0.1522504 	-0.0440962	8.7196600 	0.0184544 	-182.8655721	123.5238793	-0.4960974	-0.0258418	3.4103558 	3854206895.6183710	16.0188297	0.0118652 	0.0000000 
51.6789693	-0.0627300	-3.2418217	0.1230290 	0.0000000 	-36.5941382	186.3220558	-0.0021561	0.0000000 	615.5840329	0.0259737 	0.0052974 	-0.0294417	3.0645167 	0.1722161 	-0.0467532	8.7517247 	0.0163374 	-182.5714360	123.4431940	-0.4954417	-0.0258443	3.2610200 	3854206955.6248617	16.0354989	0.0117396 	0.0000000 
51.3068990	-0.0582527	-2.9887630	0.0615764 	0.0000000 	-38.1559445	186.4390408	0.0497565 	0.0000000 	601.4978443	0.0234749 	0.0059839 	-0.0289331	3.0600734 	0.1589707 	-0.0551441	8.7466169 	0.0157708 	-182.2514609	123.3915164	-0.4948604	-0.0259153	3.5993092 	3854207015.6322880	16.0521683	0.0097057 	0.0000000 
50.9917953	-0.0624031	-3.1820455	0.0583603 	0.0000000 	-39.5205964	186.6282029	0.0194390 	0.0000000 	573.0991055	0.0264711 	0.0061965 	-0.0207030	3.1071385 	0.1647975 	-0.0675006	8.8013424 	0.0183527 	-182.9799711	123.2909839	-0.4972589	-0.0259101	3.5512055 	3854207075.6404619	16.0688378	0.0081415 	0.0000000 
50.8602541	-0.0781036	-3.9723696	-0.1289426	0.0000000 	-33.7696523	186.3880550	-0.0024134	0.0000000 	591.5063700	0.0250280 	0.0049936 	-0.0252736	3.0778665 	0.1716549 	-0.0253294	8.7791156 	0.0199634 	-181.5412529	123.3832571	-0.4930471	-0.0258778	2.9537596 	3854207135.6476498	16.0855069	0.0111789 	0.0000000 
50.6739782	-0.0591826	-2.9990168	0.0049013 	0.0000000 	-35.3334585	186.3355527	-0.0011750	0.0000000 	591.9807475	0.0254481 	0.0056863 	-0.0266357	3.0784458 	0.1605204 	-0.0228183	8.7916539 	0.0197181 	-183.0640713	123.3824029	-0.4971268	-0.0258453	3.3661758 	3854207195.6526937	16.1021758	0.0108269 	0.0000000 
50.4898308	-0.0589241	-2.9750701	0.1386423 	0.0000000 	-34.0791207	187.1468043	0.1132243 	0.0000000 	564.1591527	0.0244644 	0.0046539 	-0.0293134	2.9615508 	0.1748460 	-0.0343879	8.8361780 	0.0180433 	-182.1524173	123.3097438	-0.4948805	-0.0259045	2.6255578 	3854207255.6582003	16.1188444	0.0099447 	0.0000000 
50.3651120	0.0051127 	0.2575019 	-0.0916391	0.0000000 	-32.9921628	186.2945583	0.0394725 	0.0000000 	621.3000589	0.0249216 	0.0048652 	-0.0221425	3.0439159 	0.1818454 	-0.0471422	8.7603673 	0.0170716 	-182.0052779	123.4312075	-0.4941075	-0.0258824	3.0227406 	3854207315.6642752	16.1355136	0.0093536 	0.0000000 
50.3622247	-0.0490594	-2.4707410	0.0628666 	0.0000000 	-35.9423167	186.2449699	0.0257619 	0.0000000 	607.7008077	0.0241123 	0.0053953 	-0.0240397	3.0976882 	0.1664488 	-0.0633891	8.7384168 	0.0171563 	-182.3426708	123.4149246	-0.4950788	-0.0259141	3.2787392 	3854207375.6702681	16.1521825	0.0109275 	0.0000000 
50.5017266	-0.0103073	-0.5205363	-0.0922094	0.0000000 	-33.6888838	186.9048950	0.0898668 	0.0000000 	568.5256902	0.0249813 	0.0061487 	-0.0229584	3.0849065 	0.1624180 	-0.0856352	8.8087758 	0.0172752 	-183.1435713	123.3077602	-0.4975221	-0.0259002	3.4956730 	3854207435.6768498	16.1688517	0.0112431 	0.0000000 
50.6251687	-0.0519906	-2.6320307	0.0416812 	0.0000000 	-33.4306192	186.8720751	0.0241597 	0.0000000 	570.3099781	0.0259989 	0.0058533 	-0.0264544	3.0613318 	0.1615952 	-0.0607454	8.7721474 	0.0182574 	-183.2288183	123.3451135	-0.4974820	-0.0258292	3.3381725 	3854207495.6839070	16.1855208	0.0119714 	0.0000000 
50.5272409	-0.0569516	-2.8776092	0.0122498 	0.0000000 	-27.9351331	187.7475336	0.0274178 	0.0000000 	554.4662503	0.0241427 	0.0046074 	-0.0263106	3.1030082 	0.1654416 	-0.0718198	8.9403972 	0.0174030 	-183.6342779	123.3763409	-0.4984881	-0.0258638	2.5546634 	3854207555.6900630	16.2021897	0.0099568 	0.0000000 
50.4562105	-0.0431794	-2.1786711	0.0295272 	0.0000000 	-47.9555459	186.2599967	-0.0016528	0.0000000 	669.6482088	0.0249065 	0.0055269 	-0.0197854	3.0344301 	0.1634571 	-0.0333313	8.7445901 	0.0162058 	-183.9738945	123.3955709	-0.4993114	-0.0258558	3.7010483 	3854207615.6977949	16.2188592	0.0107324 	0.0000000 
50.3340104	-0.0454877	-2.2895781	0.0919054 	0.0000000 	-43.7594191	186.2776633	-0.0032210	0.0000000 	667.2364705	0.0232884 	0.0062709 	-0.0268678	3.1247763 	0.1575949 	-0.0549496	8.7767083 	0.0156529 	-182.9744289	123.2970556	-0.4969215	-0.0258834	4.1841725 	3854207675.7057953	16.2355286	0.0091202 	0.0000000 
50.3958679	-0.0784151	-3.9517951	0.1974865 	0.0000000 	-39.6748580	186.3158808	-0.0025331	0.0000000 	620.3770914	0.0241658 	0.0053364 	-0.0352969	3.0418874 	0.1692194 	-0.0486498	8.7747774 	0.0176649 	-183.3675547	123.4356191	-0.4976493	-0.0258946	3.3105894 	3854207735.7115459	16.2521975	0.0074012 	0.0000000 
50.3422210	-0.0365330	-1.8391526	-0.0700517	0.0000000 	-37.5135615	186.4203215	0.0182798 	0.0000000 	581.5307097	0.0256713 	0.0061930 	-0.0394032	3.0909545 	0.1606932 	-0.0444720	8.7801191 	0.0145941 	-183.2606326	123.2848465	-0.4979569	-0.0259279	3.6013915 	3854207795.7180181	16.2688667	0.0072868 	0.0000000 
50.3567653	-0.0780837	-3.9320442	0.1126607 	0.0000000 	-35.8525744	187.3537043	0.0769959 	0.0000000 	563.1501425	0.0262677 	0.0054556 	-0.0191773	3.0888593 	0.1682036 	-0.0502943	8.8715210 	0.0193982 	-181.9126473	123.4566460	-0.4936850	-0.0258916	3.0722939 	3854207855.7241192	16.2855356	0.0080497 	0.0000000 
50.4007278	-0.0473939	-2.3886888	0.1209255 	0.0000000 	-33.1300584	187.7589492	0.2026422 	0.0000000 	553.0836589	0.0253171 	0.0051163 	-0.0158295	3.1178251 	0.1648128 	-0.0731373	8.9981192 	0.0187403 	-183.0190443	123.4255887	-0.4967709	-0.0259014	2.8297427 	3854207915.7316151	16.3022050	0.0138441 	0.0000000 
50.5381757	-0.0674106	-3.4068066	0.2218506 	0.0000000 	-30.0834221	187.7772882	0.1005399 	0.0000000 	546.6513188	0.0240129 	0.0048222 	-0.0152701	3.0456538 	0.1707368 	-0.0486498	9.0865077 	0.0170946 	-181.3157337	123.4310172	-0.4923823	-0.0259195	2.6360766 	3854207975.7381477	16.3188742	0.0096416 	0.0000000 
50.5990480	-0.0562470	-2.8460455	-0.0722581	0.0000000 	-44.2408243	187.6309267	0.1257456 	0.0000000 	544.5522835	0.0251740 	0.0068311 	-0.0175056	3.0941460 	0.1391228 	-0.0394144	9.1158183 	0.0171381 	-158.6832261	123.4716718	-0.4307467	-0.0252035	3.7199166 	3854208035.7437639	16.3355428	0.0114572 	0.0000000 
50.7366222	-0.0633419	-3.2137516	0.1232441 	0.0000000 	-40.3176304	187.5983470	0.0311583 	0.0000000 	550.6432017	0.0233603 	0.0051145 	-0.0172336	3.1079642 	0.1532236 	-0.0619877	9.0777748 	0.0174319 	-158.5793094	123.4612925	-0.4304791	-0.0253313	2.8162811 	3854208095.7483611	16.3522114	0.0097302 	0.0000000 
50.8271508	-0.0545396	-2.7720911	0.1619593 	0.0000000 	-38.0057527	187.0708240	0.0311263 	0.0000000 	566.6032869	0.0253819 	0.0053231 	-0.0228280	3.0010411 	0.1669849 	-0.0319873	8.8793123 	0.0177219 	-159.2306795	123.4926062	-0.4321449	-0.0253027	3.0161019 	3854208155.7534122	16.3688800	0.0110141 	0.0000000 
50.8399960	-0.0585111	-2.9747036	0.0484781 	0.0000000 	-32.4335056	186.9896736	0.0439972 	0.0000000 	567.8133935	0.0249090 	0.0055455 	-0.0247075	3.0930274 	0.1577892 	-0.0603696	8.8213846 	0.0173752 	-158.8622939	123.3380905	-0.4317733	-0.0253137	3.1487840 	3854208215.7578092	16.3855486	0.0068799 	0.0000000 
51.0139605	-0.0300257	-1.5317312	0.0703460 	0.0000000 	-34.8370077	186.9382648	0.2398970 	0.0000000 	569.3077888	0.0246263 	0.0060557 	-0.0212293	3.0772762 	0.1587351 	-0.0444897	8.8366008 	0.0152861 	-159.7858423	123.3846184	-0.4339954	-0.0253182	3.4475330 	3854208275.7631760	16.4022175	0.0095584 	0.0000000 
51.1714459	-0.0292040	-1.4944126	0.0445982 	0.0000000 	-34.0237588	187.7471960	0.0291415 	0.0000000 	551.2191674	0.0261297 	0.0058360 	-0.0226621	3.0366495 	0.1550630 	-0.0531458	9.0022037 	0.0211304 	-158.5125214	123.3978580	-0.4304825	-0.0253108	3.2169081 	3854208335.7702980	16.4188867	0.0102871 	0.0000000 
51.2539996	-0.0781964	-4.0078775	-0.1435555	0.0000000 	-36.6861403	187.6511604	0.0482174 	0.0000000 	553.1896296	0.0257964 	0.0058218 	-0.0233764	3.0567265 	0.1622061 	-0.0571291	8.9290428 	0.0164596 	-158.4166224	123.3026819	-0.4305567	-0.0252823	3.2205677 	3854208395.7771149	16.4355558	0.0101956 	0.0000000 
51.0726817	-0.0466628	-2.3831945	0.0223470 	0.0000000 	-24.6878182	187.7991608	0.2472113 	0.0000000 	553.2187321	0.0259159 	0.0062027 	-0.0244554	3.0283223 	0.1839441 	-0.0357186	8.9601490 	0.0180222 	-158.7213090	123.3947214	-0.4312527	-0.0252942	3.4314470 	3854208455.7840643	16.4522250	0.0103369 	0.0000000 
50.6425621	-0.0494636	-2.5049649	-0.0170040	0.0000000 	-27.4032022	187.5940628	0.0208357 	0.0000000 	548.2398731	0.0260079 	0.0063214 	-0.0285616	3.0302154 	0.1766285 	-0.0499849	9.0796099 	0.0189639 	-158.3192192	123.3418618	-0.4301756	-0.0253697	3.4656368 	3854208515.7884979	16.4688936	0.0087225 	0.0000000 
50.3032614	-0.0552950	-2.7815189	0.1160825 	0.0000000 	-33.2464870	187.6537851	0.0725211 	0.0000000 	544.9285343	0.0239420 	0.0062417 	-0.0250060	3.0580581 	0.1675685 	-0.0654891	9.0908854 	0.0180027 	-159.6638748	123.4608758	-0.4335026	-0.0253490	3.4012634 	3854208575.7927060	16.4855619	0.0081176 	0.0000000 
49.8327666	-0.0396541	-1.9760742	0.1771799 	0.0000000 	-36.6139297	187.7602658	0.0284874 	0.0000000 	549.3480010	0.0258895 	0.0049272 	-0.0241967	3.0875632 	0.1623020 	-0.0397062	9.0851631 	0.0198400 	-157.5888669	123.2826838	-0.4284531	-0.0253291	2.7067421 	3854208635.8008709	16.5022314	0.0093824 	0.0000000 
49.4082898	-0.0830713	-4.1044120	-0.0501845	0.0000000 	-41.2781886	186.3453714	-0.0025283	0.0000000 	601.1519649	0.0252016 	0.0059308 	-0.0239557	3.0443842 	0.1646672 	-0.0915195	8.7792594 	0.0166831 	-158.9489189	123.2136239	-0.4322339	-0.0253382	3.5652907 	3854208695.8042393	16.5188997	0.0080078 	0.0000000 
49.1858759	-0.0464154	-2.2829827	0.1727016 	0.0000000 	-40.1966527	186.3980569	-0.0023210	0.0000000 	590.1174595	0.0249210 	0.0054928 	-0.0250701	3.0305772 	0.1710377 	-0.0469433	8.8076031 	0.0165100 	-161.2113265	123.3445328	-0.4379797	-0.0251832	3.2413692 	3854208755.8130722	16.5355694	0.0104006 	0.0000000 
49.0914598	-0.0595382	-2.9228175	-0.0294385	0.0000000 	-38.4833795	186.4904792	-0.0010421	0.0000000 	573.7851318	0.0244565 	0.0052372 	-0.0349387	3.0472917 	0.1608527 	-0.0909182	8.7763418 	0.0204912 	-159.9780349	123.3814503	-0.4346116	-0.0252633	3.0050325 	3854208815.8188848	16.5522383	0.0088535 	0.0000000 
49.0084411	-0.0453331	-2.2217033	0.0416812 	0.0000000 	-26.4421328	187.7052323	0.0030585 	0.0000000 	557.4915560	0.0265194 	0.0046814 	-0.0196350	3.0529490 	0.1702481 	-0.0464216	8.9428214 	0.0179619 	-158.5428249	123.3685067	-0.4306658	-0.0252063	2.6098353 	3854208875.8276601	16.5689081	0.0085198 	0.0000000 
48.6706955	-0.0452359	-2.2016620	0.1045082 	0.0000000 	-36.0440778	187.5814056	0.0314118 	0.0000000 	546.3933423	0.0256334 	0.0059932 	-0.0247650	3.1147978 	0.1677723 	-0.0585040	9.0468885 	0.0173064 	-159.8600086	123.2117288	-0.4347321	-0.0252981	3.2746506 	3854208935.8330998	16.5855767	0.0095416 	0.0000000 
48.6648169	-0.0431242	-2.0986324	-0.0606744	0.0000000 	-34.3239338	186.9006929	0.0003442 	0.0000000 	573.7600279	0.0239228 	0.0049555 	-0.0291432	3.0895962 	0.1653914 	-0.0734865	8.7953946 	0.0166728 	-158.8516172	123.1498450	-0.4323617	-0.0253101	2.8432877 	3854208995.8395791	16.6022458	0.0082614 	0.0000000 
48.0680804	-0.0469985	-2.2591301	0.2456912 	0.0000000 	-28.0385926	187.3877876	0.1678539 	0.0000000 	539.3731256	0.0251395 	0.0059104 	-0.0167958	3.0205121 	0.1684983 	-0.0514659	9.2166689 	0.0185995 	-157.5350559	122.9419055	-0.4293799	-0.0253193	3.1879065 	3854209055.8474259	16.6189153	0.0074503 	0.0000000 
48.1768310	-0.0324908	-1.5653040	0.1928773 	0.0000000 	-38.5844849	187.5215305	0.0861309 	0.0000000 	542.5969288	0.0253975 	0.0059644 	-0.0152458	3.0822987 	0.1558535 	-0.0605509	9.1297576 	0.0172951 	-160.1639147	123.2394885	-0.4355905	-0.0252620	3.2362779 	3854209115.8542871	16.6355844	0.0121717 	0.0000000 
48.2977755	-0.0536604	-2.5916803	-0.0997916	0.0000000 	-31.8188383	187.6986355	0.0246234 	0.0000000 	552.2053473	0.0245374 	0.0051110 	-0.0212868	3.0697257 	0.1735933 	-0.0650293	9.0269196 	0.0163675 	-159.2393992	123.1936780	-0.4332471	-0.0251860	2.8223143 	3854209175.8609381	16.6522536	0.0127665 	0.0000000 
48.2238742	-0.0862013	-4.1569591	0.0685884 	0.0000000 	-31.9527763	186.3246596	0.0002745 	0.0000000 	593.0599822	0.0262180 	0.0058285 	-0.0219125	3.0366895 	0.1626993 	-0.0261384	8.7429101 	0.0187495 	-160.2739254	123.2690366	-0.4356813	-0.0253225	3.4566254 	3854209235.8663282	16.6689222	0.0088650 	0.0000000 
48.0796677	-0.0415294	-1.9967212	0.0666437 	0.0000000 	-40.3727125	186.2613811	-0.0028742	0.0000000 	684.7937981	0.0235443 	0.0054564 	-0.0159290	3.0975684 	0.1832114 	-0.0703433	8.7587634 	0.0158459 	-159.2744534	123.3120063	-0.4327666	-0.0252408	3.7365336 	3854209295.8741941	16.6855917	0.0083144 	0.0000000 
48.0390032	-0.0558516	-2.6830567	0.0490391 	0.0000000 	-42.6072092	186.2529086	-0.0027517	0.0000000 	637.5884641	0.0248538 	0.0048723 	-0.0243404	3.0586396 	0.1738705 	-0.0273630	8.7885335 	0.0185207 	-158.3070218	123.2301123	-0.4304799	-0.0252324	3.1065048 	3854209355.8794880	16.7022606	0.0104313 	0.0000000 
47.8469725	-0.0513389	-2.4564131	0.0431023 	0.0000000 	-43.3607166	186.2819296	-0.0028243	0.0000000 	614.0616620	0.0240494 	0.0051376 	-0.0235886	3.0181262 	0.1561446 	-0.0731550	8.7538642 	0.0168157 	-159.2096596	123.1907908	-0.4331078	-0.0252612	3.1547786 	3854209415.8851829	16.7189294	0.0091667 	0.0000000 
47.6152116	-0.0673421	-3.2065075	0.0034054 	0.0000000 	-21.8763053	186.3610352	-0.0023681	0.0000000 	604.7539078	0.0235028 	0.0049648 	-0.0266688	3.1121766 	0.1825561 	-0.0604183	8.7731960 	0.0165943 	-160.2608492	123.1973002	-0.4358881	-0.0253189	3.0025035 	3854209475.8924999	16.7355986	0.0090262 	0.0000000 
47.3300039	-0.0621932	-2.9436066	0.0954488 	0.0000000 	-33.4151854	187.9183287	0.0084455 	0.0000000 	551.4328851	0.0225506 	0.0048165 	-0.0188345	3.0878428 	0.1699929 	-0.0488885	9.0127266 	0.0198636 	-159.3700314	122.8875227	-0.4343978	-0.0253283	2.6559595 	3854209535.8968968	16.7522672	0.0096929 	0.0000000 
47.0789062	-0.0594278	-2.7977941	-0.0728191	0.0000000 	-29.1093641	187.9604667	0.0093813 	0.0000000 	550.5916608	0.0253863 	0.0039675 	-0.0245218	3.0700164 	0.1706445 	-0.0832745	9.0671392 	0.0202895 	-159.0747121	123.1361910	-0.4327196	-0.0252933	2.1844512 	3854209595.9032602	16.7689361	0.0064668 	0.0000000 
46.9015142	-0.0370543	-1.7379025	0.0852487 	0.0000000 	-39.9117719	186.8779104	-0.0005077	0.0000000 	567.2920109	0.0261683 	0.0048599 	-0.0218573	3.0251507 	0.1676760 	-0.0597640	8.8306896 	0.0181141 	-159.5103087	122.9212075	-0.4347471	-0.0253587	2.7569665 	3854209655.9107552	16.7856056	0.0082198 	0.0000000 
47.0107830	-0.0762173	-3.5830327	0.1865759 	0.0000000 	-29.8383916	187.9875883	0.0076849 	0.0000000 	550.8936498	0.0254131 	0.0057567 	-0.0216826	3.0747327 	0.1631874 	-0.0303648	8.9997400 	0.0199821 	-170.8454274	123.0060232	-0.4653704	-0.0251707	3.1713356 	3854209715.9182448	16.8022750	0.0089568 	0.0000000 
47.0122797	-0.0615350	-2.8929011	0.1442331 	0.0000000 	-36.0283906	187.9646640	0.0124857 	0.0000000 	546.8228848	0.0248101 	0.0051513 	-0.0314915	3.0247379 	0.1666432 	-0.0442333	9.1069755 	0.0237549 	-159.5217186	123.0823141	-0.4343197	-0.0253383	2.8168429 	3854209775.9253540	16.8189442	0.0077213 	0.0000000 
46.5707472	-0.0520612	-2.4245309	0.1915030 	0.0000000 	-34.0560622	187.5111797	0.1052145 	0.0000000 	541.8483073	0.0237886 	0.0056447 	-0.0200994	3.0338952 	0.1644240 	-0.0703035	9.1874345 	0.0186511 	-157.9574129	122.8120383	-0.4309474	-0.0253080	3.0585503 	3854209835.9305100	16.8356128	0.0100113 	0.0000000 
46.1604441	-0.0621623	-2.8694405	0.2070695 	0.0000000 	-24.5022355	187.2280318	0.0929486 	0.0000000 	537.9005249	0.0255464 	0.0064414 	-0.0251276	3.0553638 	0.1708564 	-0.0021770	9.2975282 	0.0222195 	-159.2007837	123.0263065	-0.4336926	-0.0252764	3.4648374 	3854209895.9377608	16.8522822	0.0110241 	0.0000000 
46.0534144	-0.0726323	-3.3449647	0.2877441 	0.0000000 	-39.3136648	187.3066230	0.0518958 	0.0000000 	538.7678315	0.0234324 	0.0070043 	-0.0205615	2.9934617 	0.1555136 	-0.0569125	9.2283475 	0.0185815 	-157.8947994	122.9957640	-0.4302393	-0.0253670	3.7736992 	3854209955.9423089	16.8689508	0.0089298 	0.0000000 
45.7790936	-0.0507293	-2.3223415	0.2466542 	0.0000000 	-40.0409625	187.1037022	0.0349714 	0.0000000 	536.9814473	0.0249970 	0.0070211 	-0.0343307	3.0106401 	0.1515096 	-0.0562493	9.3014774 	0.0195064 	-159.4653132	123.0956342	-0.4341167	-0.0250986	3.7702240 	3854210015.9491463	16.8856200	0.0120819 	0.0000000 
45.4965815	-0.0441889	-2.0104434	0.3142119 	0.0000000 	-43.6853082	187.1373479	0.0467510 	0.0000000 	536.1060246	0.0261640 	0.0079087 	-0.0121412	3.0487565 	0.1471437 	-0.0692380	9.3687357 	0.0265505 	-158.1516420	123.0602946	-0.4306483	-0.0252348	4.2398924 	3854210075.9579210	16.9022897	0.0073751 	0.0000000 
45.2126022	-0.0425433	-1.9234930	0.3080788 	0.0000000 	-21.5026564	187.1387070	0.0484663 	0.0000000 	536.3222151	0.0259039 	0.0075809 	-0.0185073	3.0299180 	0.1788446 	-0.0448345	9.2892351 	0.0250586 	-160.7065548	122.9607750	-0.4379388	-0.0252415	4.0658312 	3854210135.9620352	16.9189581	0.0073980 	0.0000000 
45.0413380	-0.0421214	-1.8972043	0.2180642 	0.0000000 	-31.3039411	187.0032357	0.0591215 	0.0000000 	534.7479965	0.0246381 	0.0081208 	-0.0222310	3.0436252 	0.1609991 	-0.0649011	9.2895113 	0.0200723 	-179.1876247	122.9716185	-0.4881782	-0.0258590	4.3425943 	3854210195.9677711	16.9356269	0.0072672 	0.0000000 
45.5847975	-0.0484122	-2.2068610	0.1198690 	0.0000000 	-24.8787763	187.9879568	0.0120107 	0.0000000 	548.0015910	0.0247638 	0.0059472 	-0.0184211	3.0150057 	0.1816850 	-0.0542157	9.0986936 	0.0206717 	-198.0565424	123.0064799	-0.5394982	-0.0260760	3.2590483 	3854210255.9697480	16.9522947	0.0082009 	0.0000000 
45.0990855	-0.0409021	-1.8446480	0.2884360 	0.0000000 	-43.6908853	187.7022461	0.0200545 	0.0000000 	542.3363733	0.0237670 	0.0057806 	-0.0233321	3.0041460 	0.1519476 	-0.0524031	9.1836093 	0.0191064 	-200.3978228	123.0519388	-0.5457744	-0.0261357	3.1350442 	3854210315.9712892	16.9689625	0.0110783 	0.0000000 
45.0364485	-0.0336792	-1.5167901	0.0955049 	0.0000000 	-60.5662350	186.2991987	-0.0021542	0.0000000 	605.4118413	0.0250073 	0.0057877 	-0.0165349	3.0944146 	0.1459166 	-0.0597021	8.7469890 	0.0198117 	-160.3876517	123.2235327	-0.4361580	-0.0252717	3.5039500 	3854210375.9744158	16.9856306	0.0113549 	0.0000000 
44.6523668	-0.0517189	-2.3093699	0.0936350 	0.0000000 	-46.1324529	187.5472724	0.0283630 	0.0000000 	544.3329630	0.0263309 	0.0065229 	-0.0291122	3.0393972 	0.1438290 	-0.0021018	9.1106456 	0.0193798 	-160.2115558	123.3249264	-0.4352625	-0.0252864	3.5506294 	3854210435.9795499	17.0022992	0.0086973 	0.0000000 
44.6162370	-0.1112033	-4.9614715	0.0380070 	0.0000000 	-35.1041889	187.5217948	0.0263952 	0.0000000 	543.3332997	0.0246229 	0.0059999 	-0.0264477	3.0660170 	0.1679559 	-0.0492289	9.1615121 	0.0218984 	-159.5849441	123.3769500	-0.4334332	-0.0253223	3.2599206 	3854210495.9859300	17.0189683	0.0076767 	0.0000000 
44.3453803	-0.0661802	-2.9347873	0.0996840 	0.0000000 	-33.0150025	187.5556855	0.0240457 	0.0000000 	541.5631483	0.0244913 	0.0071890 	-0.0308436	3.0204011 	0.1674310 	-0.0207183	9.2426279 	0.0187292 	-159.3259635	123.4356985	-0.4325689	-0.0253507	3.8932957 	3854210555.9930868	17.0356375	0.0068892 	0.0000000 
44.0754351	-0.0343153	-1.5124626	0.2182605 	0.0000000 	-24.2636719	187.3909503	0.0287711 	0.0000000 	539.8080460	0.0262656 	0.0071584 	-0.0222663	3.0761775 	0.1916627 	-0.0532387	9.2028847 	0.0207239 	-159.1118145	123.5214348	-0.4317359	-0.0252767	3.8641823 	3854210616.0004158	17.0523069	0.0121162 	0.0000000 
43.9970506	-0.0342623	-1.5074404	0.2100893 	0.0000000 	-27.0993229	187.5202025	0.0268834 	0.0000000 	544.8564438	0.0255397 	0.0045547 	-0.0250945	3.0597405 	0.1828172 	-0.0400953	9.1370838 	0.0215252 	-177.7562880	123.4204763	-0.4826432	-0.0257125	2.4816713 	3854210676.0018530	17.0689744	0.0074635 	0.0000000 
43.4808764	-0.0579810	-2.5210632	0.1734963 	0.0000000 	-33.8067614	187.3889271	0.0294713 	0.0000000 	539.2440663	0.0247533 	0.0067691 	-0.0199048	3.0606238 	0.1642149 	-0.0206874	9.2710337 	0.0224113 	-159.7450408	123.3353627	-0.4340256	-0.0253619	3.6502202 	3854210736.0083861	17.0856436	0.0087710 	0.0000000 
43.2806854	-0.0518912	-2.2458849	0.1705326 	0.0000000 	-27.4575316	187.3515798	0.0679531 	0.0000000 	538.6365751	0.0264423 	0.0071903 	-0.0195045	3.0269551 	0.1681346 	-0.0657411	9.2711182 	0.0245815 	-159.5548143	123.5171137	-0.4329194	-0.0252260	3.8729722 	3854210796.0129938	17.1023125	0.0112457 	0.0000000 
43.2283692	-0.0440497	-1.9041981	0.1424942 	0.0000000 	-38.0895528	187.5682852	0.0188123 	0.0000000 	546.0291758	0.0245450 	0.0062789 	-0.0165017	3.0473805 	0.1639403 	-0.0531414	9.0904766 	0.0236164 	-159.3787595	123.4778775	-0.4326421	-0.0252196	3.4284467 	3854210856.0145798	17.1189803	0.0120812 	0.0000000 
43.0607427	-0.0506100	-2.1793052	-0.0063365	0.0000000 	-17.4418920	186.5192171	-0.0010365	0.0000000 	573.9367289	0.0255084 	0.0038156 	-0.0244996	3.0419695 	0.2066006 	-0.0606039	8.8172662 	0.0212769 	-158.4901784	123.4448761	-0.4303154	-0.0253028	2.1898856 	3854210916.0218058	17.1356494	0.0084861 	0.0000000 
42.6372721	-0.0675895	-2.8818308	0.2287784 	0.0000000 	-28.8680029	187.4940698	0.0251276 	0.0000000 	541.7867833	0.0232635 	0.0057443 	-0.0224919	3.0430237 	0.1649019 	-0.0475932	9.1580534 	0.0186378 	-158.2441334	123.4370832	-0.4297174	-0.0252554	3.1121915 	3854210976.0286722	17.1523186	0.0107621 	0.0000000 
42.7110355	-0.0559113	-2.3880283	0.1963926 	0.0000000 	-42.0474543	187.2118264	0.0568681 	0.0000000 	537.6184607	0.0245902 	0.0074853 	-0.0154381	3.0232087 	0.1407445 	-0.0500645	9.2598287 	0.0181240 	-159.8136414	123.3229244	-0.4341742	-0.0252426	4.0242279 	3854211036.0362959	17.1689881	0.0118537 	0.0000000 
42.4462943	-0.0689236	-2.9255523	0.3285536 	0.0000000 	-30.3723437	187.1385925	0.0895247 	0.0000000 	536.5432495	0.0249636 	0.0061690 	-0.0197323	3.0409175 	0.1608442 	-0.0568638	9.3028615 	0.0250011 	-158.7333075	123.3436913	-0.4311559	-0.0252570	3.3099545 	3854211096.0414820	17.1856569	0.0083615 	0.0000000 
41.7495248	-0.0632292	-2.6397890	0.2452237 	0.0000000 	-37.3553627	187.1498816	0.0388939 	0.0000000 	536.4053438	0.0258041 	0.0065118 	-0.0253023	3.0343480 	0.1467483 	-0.0482563	9.3279917 	0.0216911 	-160.7638985	123.3425834	-0.4367116	-0.0252375	3.4929792 	3854211156.0447621	17.2023250	0.0107886 	0.0000000 
41.6079942	-0.0491080	-2.0432855	0.2134643 	0.0000000 	-37.9849097	187.7052805	0.0203372 	0.0000000 	543.3341727	0.0250427 	0.0050911 	-0.0329862	3.0155339 	0.1426256 	-0.0816652	9.1304933 	0.0209613 	-159.7303175	123.3563771	-0.4338712	-0.0253327	2.7661453 	3854211216.0518270	17.2189942	0.0101693 	0.0000000 
41.0682379	-0.0541795	-2.2250578	0.1956821 	0.0000000 	-45.6523040	187.6087901	0.0233191 	0.0000000 	541.2439495	0.0252508 	0.0064861 	-0.0195974	2.9977408 	0.1473659 	-0.0562317	9.2238120 	0.0239977 	-159.8557916	123.3757535	-0.4341726	-0.0252938	3.5105843 	3854211276.0573168	17.2356631	0.0103863 	0.0000000 
40.6474872	-0.0493156	-2.0045567	0.2124079 	0.0000000 	-30.0663775	187.4690122	0.0278390 	0.0000000 	539.2288805	0.0230034 	0.0061983 	-0.0314738	3.0341527 	0.1663870 	-0.0420803	9.2416188 	0.0251394 	-158.3385192	123.3299867	-0.4302314	-0.0253194	3.3422841 	3854211336.0632200	17.2523319	0.0085818 	0.0000000 
40.6616448	-0.0520944	-2.1182429	0.0233941 	0.0000000 	-46.2755099	187.0792907	0.0025938 	0.0000000 	564.6881410	0.0246235 	0.0057000 	-0.0252846	3.0519325 	0.1483938 	-0.0401483	8.9514923 	0.0214349 	-158.7631265	123.3094843	-0.4314626	-0.0253599	3.2187349 	3854211396.0719972	17.2690017	0.0094420 	0.0000000 
40.1917772	-0.0352452	-1.4165690	-0.0298405	0.0000000 	-18.0764263	187.9369319	0.0122237 	0.0000000 	547.5011206	0.0239376 	0.0048506 	-0.0287562	3.0601200 	0.1890754 	-0.0514703	9.0648306 	0.0217147 	-158.5876188	123.3629104	-0.4307604	-0.0253017	2.6556932 	3854211456.0798221	17.2856711	0.0084263 	0.0000000 
39.9914647	-0.0538615	-2.1539985	0.2414466 	0.0000000 	-26.1231789	187.7645227	0.0181724 	0.0000000 	544.5382859	0.0243875 	0.0054405 	-0.0253311	3.0278318 	0.1915198 	-0.0624386	9.1409823 	0.0187003 	-158.2930413	123.2281689	-0.4302757	-0.0253055	2.9625563 	3854211516.0863280	17.3023403	0.0110338 	0.0000000 
39.8052798	-0.0479881	-1.9101804	-0.0255212	0.0000000 	-24.7183334	187.8447590	0.0163516 	0.0000000 	545.3378877	0.0254216 	0.0065552 	-0.0154138	3.0300889 	0.1765085 	-0.0509575	9.1056337 	0.0190243 	-157.4411538	123.2713188	-0.4279297	-0.0253821	3.5748154 	3854211576.0921402	17.3190092	0.0075535 	0.0000000 
39.7498737	-0.0570577	-2.2680350	-0.0485951	0.0000000 	-36.7538314	187.6080492	0.0211072 	0.0000000 	556.9825825	0.0231687 	0.0049693 	-0.0246522	3.0118474 	0.1551463 	-0.0619170	8.9621871 	0.0204852 	-157.8458732	123.2611947	-0.4291569	-0.0253442	2.7677936 	3854211636.0987549	17.3356783	0.0077454 	0.0000000 
39.3566916	-0.0444584	-1.7497343	0.0627544 	0.0000000 	-48.1708886	186.7899977	0.0187746 	0.0000000 	570.7708217	0.0250894 	0.0045667 	-0.0171739	3.1008021 	0.1434864 	-0.0839862	8.7838006 	0.0167199 	-158.6193625	123.2300841	-0.4312826	-0.0253746	2.6065294 	3854211696.1061277	17.3523475	0.0093942 	0.0000000 
38.8174994	-0.0580539	-2.2535056	-0.0833650	0.0000000 	-40.6587250	186.2356586	0.0435816 	0.0000000 	654.8922610	0.0248071 	0.0041982 	-0.0182707	3.0453741 	0.1740273 	-0.0570053	8.7374104 	0.0170242 	-159.0747991	123.2259626	-0.4324681	-0.0252903	2.7493712 	3854211756.1133962	17.3690169	0.0106904 	0.0000000 
38.2589234	-0.0592930	-2.2684873	-0.0238570	0.0000000 	-55.5076320	186.2459071	0.0183034 	0.0000000 	718.4509447	0.0233066 	0.0053369 	-0.0266047	3.0839633 	0.1537866 	-0.0605465	8.7641361 	0.0168881 	-163.0691661	123.1757381	-0.4434037	-0.0255010	3.8342703 	3854211816.1204419	17.3856861	0.0084658 	0.0000000 
37.8317223	-0.0479152	-1.8127154	0.0274517 	0.0000000 	-38.7060268	186.2568009	0.0640156 	0.0000000 	717.8257719	0.0244274 	0.0048426 	-0.0141136	3.1165955 	0.1811301 	-0.0641363	8.7881106 	0.0169462 	-158.9481472	123.0842756	-0.4325091	-0.0253781	3.4761427 	3854211876.1265941	17.4023553	0.0087632 	0.0000000 
37.1729534	-0.0735048	-2.7323898	-0.1276805	0.0000000 	-47.7861358	186.2888809	0.0955177 	0.0000000 	721.7734709	0.0239167 	0.0051074 	-0.0245925	3.0147505 	0.1638458 	-0.0489150	8.7766801 	0.0157187 	-158.3038745	123.1086461	-0.4306413	-0.0253349	3.6864174 	3854211936.1355739	17.4190250	0.0086933 	0.0000000 
36.4090276	-0.0615527	-2.2410732	0.0684481 	0.0000000 	-40.0357298	186.2510216	0.1118483 	0.0000000 	785.2118455	0.0217745 	0.0053249 	-0.0260453	3.0568663 	0.1790538 	-0.0487912	8.7294612 	0.0140588 	-157.4221913	123.2173334	-0.4279622	-0.0253049	4.1811743 	3854211996.1413951	17.4356939	0.0095961 	0.0000000 
35.3449889	-0.0797713	-2.8195156	-0.0346554	0.0000000 	-59.4080862	186.2582970	0.0399032 	0.0000000 	778.5810765	0.0222587 	0.0053338 	-0.0332671	3.0779220 	0.1567690 	-0.0338043	8.7566210 	0.0143262 	-157.3064876	123.1671456	-0.4279062	-0.0253541	4.1527625 	3854212056.1498098	17.4523633	0.0090839 	0.0000000 
33.9683166	-0.0618332	-2.1003699	0.0116982 	0.0000000 	-53.6423171	186.2691105	0.0901203 	0.0000000 	754.5053158	0.0212499 	0.0048342 	-0.0225096	3.0823098 	0.1520278 	-0.0828324	8.7164888 	0.0141094 	-159.1946463	123.2253486	-0.4329344	-0.0252672	3.6474180 	3854212116.1567941	17.4690328	0.0088266 	0.0000000 
32.4241082	-0.0380925	-1.2351139	0.0268159 	0.0000000 	-35.6916454	186.2863989	0.1682063 	0.0000000 	728.1086398	0.0237828 	0.0047097 	-0.0198207	3.0580337 	0.1729318 	-0.0625094	8.7831663 	0.0161928 	-159.9754656	123.0791800	-0.4352129	-0.0253101	3.4291983 	3854212176.1639023	17.4857019	0.0080431 	0.0000000 
30.7933934	-0.0519751	-1.6004895	-0.0393955	0.0000000 	-61.8248948	186.2879044	0.1616026 	0.0000000 	730.8666953	0.0219667 	0.0044117 	-0.0289574	3.0813089 	0.1326076 	-0.0552679	8.7432878 	0.0147034 	-159.6144975	123.0945767	-0.4342986	-0.0252861	3.2243453 	3854212236.1702919	17.5023711	0.0105471 	0.0000000 
28.8129083	-0.0588601	-1.6959303	0.0588464 	0.0000000 	-41.0584845	186.2601599	0.0335399 	0.0000000 	713.4922867	0.0236887 	0.0046725 	-0.0214924	3.0391841 	0.1660843 	-0.0439945	8.7851226 	0.0177086 	-159.0987271	123.1345853	-0.4328662	-0.0252864	3.3338156 	3854212296.1772819	17.5190403	0.0089166 	0.0000000 
26.2376339	-0.0571129	-1.4985070	0.0272179 	0.0000000 	-62.5898517	186.2620093	0.1119812 	0.0000000 	711.9593336	0.0248506 	0.0034497 	-0.0252183	3.0617091 	0.1491686 	-0.0392420	8.8031042 	0.0165212 	-160.2978126	123.0154780	-0.4365174	-0.0252954	2.4560678 	3854212356.1848550	17.5357097	0.0091122 	0.0000000 
23.8662161	-0.0500865	-1.1953759	-0.0632174	0.0000000 	-66.6168180	186.2523301	0.1008491 	0.0000000 	707.2475510	0.0246722 	0.0049059 	-0.0331344	3.0936023 	0.1419408 	-0.0487603	8.7165903 	0.0176515 	-158.5714550	123.0925246	-0.4316526	-0.0252426	3.4697082 	3854212416.1923008	17.5523789	0.0121782 	0.0000000 
21.2622968	-0.0630657	-1.3409226	0.0889136 	0.0000000 	-26.3615031	186.2327711	0.0179490 	0.0000000 	699.0045532	0.0247194 	0.0050078 	-0.0202409	3.0414701 	0.1817674 	-0.0407982	8.7456979 	0.0169174 	-159.9736598	123.1557951	-0.4352348	-0.0252845	3.5004715 	3854212476.1969681	17.5690475	0.0080818 	0.0000000 
18.9965127	-0.0427310	-0.8117409	0.0258810 	0.0000000 	-53.0548932	186.2453954	0.0268259 	0.0000000 	709.7250125	0.0241492 	0.0042447 	-0.0222553	3.0793247 	0.1561012 	-0.0757898	8.7695794 	0.0151711 	-160.1595149	123.2044410	-0.4355957	-0.0252548	3.0125744 	3854212536.2038960	17.5857167	0.0079789 	0.0000000 
16.2213400	-0.0491721	-0.7976367	0.0094356 	0.0000000 	-37.3745701	186.2683594	0.0147231 	0.0000000 	703.4551694	0.0250173 	0.0049790 	-0.0255345	3.1067501 	0.1667919 	-0.0456082	8.7627211 	0.0181691 	-159.3429749	123.1133304	-0.4335476	-0.0252656	3.5025086 	3854212596.2122049	17.6023864	0.0113476 	0.0000000 
14.6396619	-0.0559797	-0.8195245	-0.0318506	0.0000000 	-41.9347342	186.2794590	0.0022508 	0.0000000 	708.1564384	0.0237918 	0.0037031 	-0.0193321	3.0830156 	0.1681405 	-0.0973109	8.7651368 	0.0174449 	-160.0467932	123.1963410	-0.4352916	-0.0252617	2.6223457 	3854212656.2173181	17.6190550	0.0097950 	0.0000000 
11.8897826	-0.0503295	-0.5984068	-0.0192198	0.0000000 	-47.5910006	186.2692535	0.0843413 	0.0000000 	718.6901579	0.0239621 	0.0042536 	-0.0272570	3.0564113 	0.1756513 	-0.0683185	8.7567761 	0.0166477 	-159.1565937	123.1417075	-0.4330003	-0.0252804	3.0569947 	3854212716.2244072	17.6357242	0.0101253 	0.0000000 
7.9880496 	-0.0610712	-0.4878394	-0.0332343	0.0000000 	-47.9057701	186.2467472	0.1154004 	0.0000000 	708.1054154	0.0242024 	0.0039918 	-0.0172624	3.0633737 	0.1616665 	-0.0583537	8.7588564 	0.0158248 	-159.5175504	123.1358969	-0.4339537	-0.0252981	2.8266294 	3854212776.2315989	17.6523936	0.0072836 	0.0000000 
5.7483740 	-0.0440983	-0.2534937	-0.0282138	0.0000000 	-59.2658518	186.3026952	0.0754314 	0.0000000 	726.8396719	0.0224001 	0.0040441 	-0.0264566	3.0937621 	0.1387484 	-0.0635660	8.8330519 	0.0165380 	-164.7355441	123.1386558	-0.4481192	-0.0254007	2.9393980 	3854212836.2395558	17.6690631	0.0062072 	0.0000000 
4.5555752 	-0.0701805	-0.3197124	0.0146058 	0.0000000 	-70.5951132	186.2467873	0.0062411 	0.0000000 	742.8557700	0.0240105 	0.0027836 	-0.0252293	3.0168256 	0.1384971 	-0.0724697	8.7538642 	0.0173803 	-159.3430875	123.1005877	-0.4335666	-0.0254064	2.0678382 	3854212896.2481360	17.6857328	0.0072478 	0.0000000 
3.5557220 	-0.0442905	-0.1574847	0.1613236 	0.0000000 	-54.1017054	186.2725956	0.0366311 	0.0000000 	739.3480874	0.0216233 	0.0036862 	-0.0222155	3.0870749 	0.1594128 	-0.0847334	8.7622841 	0.0160797 	-158.3132992	123.1055057	-0.4308588	-0.0253384	2.7254073 	3854212956.2553248	17.7024019	0.0092234 	0.0000000 
2.7411232 	-0.0394244	-0.1080671	-0.0232961	0.0000000 	-45.1958566	186.2797376	0.0166013 	0.0000000 	725.3697272	0.0225718 	0.0035830 	-0.0244908	3.0552395 	0.1667561 	-0.0374427	8.7742925 	0.0165917 	-158.6035911	123.1309132	-0.4316206	-0.0253821	2.5990276 	3854213016.2617187	17.7190711	0.0091234 	0.0000000 
2.2278949 	-0.0590766	-0.1316164	-0.0775685	0.0000000 	-27.3439564	186.2680246	-0.0006906	0.0000000 	761.7328539	0.0228361 	0.0043922 	-0.0213221	3.0828358 	0.1907495 	-0.0450158	8.7529086 	0.0158105 	-156.7585443	123.1172788	-0.4266756	-0.0253731	3.3456730 	3854213076.2677340	17.7357400	0.0077308 	0.0000000 
1.9106918 	-0.0884278	-0.1689583	0.0292280 	0.0000000 	-48.6945987	186.2635928	-0.0026904	0.0000000 	753.2544626	0.0239636 	0.0041955 	-0.0191463	3.1032035 	0.1608473 	-0.0313153	8.7666618 	0.0154683 	-157.2483537	123.1667541	-0.4278980	-0.0253534	3.1603141 	3854213136.2760901	17.7524097	0.0100578 	0.0000000 
1.8402026 	-0.0554562	-0.1020507	-0.0492215	0.0000000 	-46.1974538	186.2706582	-0.0025340	0.0000000 	771.0046134	0.0239647 	0.0046194 	-0.0217578	3.0474803 	0.1600523 	-0.0928148	8.7658190 	0.0148335 	-158.3560340	123.1198074	-0.4309691	-0.0253518	3.5615680 	3854213196.2826610	17.7690789	0.0117135 	0.0000000 
1.8094909 	-0.0670748	-0.1213713	-0.0413495	0.0000000 	-45.4331139	186.2474099	0.0029859 	0.0000000 	754.9852926	0.0248932 	0.0052815 	-0.0294240	3.0797597 	0.1647223 	-0.0419388	8.7420447 	0.0157585 	-158.6596856	123.1260599	-0.4318402	-0.0253378	3.9874526 	3854213256.2888741	17.7857478	0.0119705 	0.0000000 
1.6760401 	-0.0451652	-0.0756987	-0.0592907	0.0000000 	-37.6467789	186.2732923	0.1031599 	0.0000000 	770.3338396	0.0224597 	0.0033789 	-0.0242387	3.0830223 	0.1681212 	-0.0462757	8.7318404 	0.0160185 	-157.3680599	123.1417652	-0.4282333	-0.0253854	2.6028572 	3854213316.2945671	17.8024167	0.0067390 	0.0000000 
1.4776450 	-0.0851543	-0.1258278	-0.0265964	0.0000000 	-54.0553512	186.2964371	0.0382992 	0.0000000 	785.2926329	0.0209033 	0.0030848 	-0.0259745	3.0746839 	0.1624619 	-0.0485039	8.7621376 	0.0154698 	-158.2295931	123.2316337	-0.4304094	-0.0253481	2.4224663 	3854213376.2994642	17.8190853	0.0110504 	0.0000000 
1.0717162 	-0.0446483	-0.0478503	-0.0064207	0.0000000 	-49.7976727	186.2710159	-0.0018093	0.0000000 	785.1753571	0.0227455 	0.0038452 	-0.0155244	3.0558898 	0.1637392 	-0.0548346	8.7406127 	0.0153918 	-159.0444796	123.2394705	-0.4324629	-0.0253896	3.0191763 	3854213436.3069859	17.8357547	0.0100338 	0.0000000 
0.7656271 	-0.0500203	-0.0382969	-0.0309812	0.0000000 	-46.3244072	186.2611802	0.0068395 	0.0000000 	785.2508010	0.0225964 	0.0044635 	-0.0348061	3.1003094 	0.1686846 	-0.0668021	8.6944311 	0.0150755 	-157.4662758	123.1442096	-0.4283982	-0.0253310	3.5049599 	3854213496.3139701	17.8524239	0.0089500 	0.0000000 
0.5575372 	-0.0493134	-0.0274941	-0.0901152	0.0000000 	-45.1456739	186.2652374	0.0772597 	0.0000000 	783.3543791	0.0228481 	0.0047084 	-0.0239446	3.0936134 	0.1655544 	-0.0527966	8.7413174 	0.0153577 	-157.6215038	123.0767908	-0.4291293	-0.0253622	3.6883502 	3854213556.3199720	17.8690928	0.0073134 	0.0000000 
0.3769179 	-0.0554850	-0.0209133	-0.0434905	0.0000000 	-61.0626139	186.2640525	0.0754785 	0.0000000 	780.9694636	0.0224045 	0.0035782 	-0.0305893	3.0996791 	0.1449030 	-0.0289899	8.7188651 	0.0150757 	-158.3130736	123.0841461	-0.4310017	-0.0254080	2.7944389 	3854213616.3261871	17.8857619	0.0073176 	0.0000000 
0.2668067 	-0.0773018	-0.0206246	-0.1185275	0.0000000 	-65.9882005	186.2774819	0.0656743 	0.0000000 	778.7822764	0.0234206 	0.0049577 	-0.0271619	3.0622107 	0.1409707 	-0.0447903	8.7172076 	0.0165771 	-157.6622515	123.1310135	-0.4290680	-0.0253549	3.8610072 	3854213676.3335152	17.9024311	0.0093592 	0.0000000 
0.1882629 	-0.0686740	-0.0129288	-0.0185560	0.0000000 	-37.7894908	186.2846891	0.0308727 	0.0000000 	776.8943846	0.0238005 	0.0042314 	-0.0310514	3.1105942 	0.1808220 	-0.0179641	8.7373202 	0.0177533 	-163.4649167	123.1062501	-0.4448702	-0.0255076	3.2873665 	3854213736.3401751	17.9191003	0.0100670 	0.0000000 
0.0838482 	-0.0578551	-0.0048510	-0.0168451	0.0000000 	-45.5055114	186.2514375	0.0318661 	0.0000000 	772.6055417	0.0238485 	0.0046464 	-0.0276550	3.0515663 	0.1645906 	-0.0671867	8.6979801 	0.0174474 	-158.6779620	123.1844477	-0.4316357	-0.0253222	3.5898359 	3854213796.3483248	17.9357697	0.0093541 	0.0000000 
-0.0127975	-0.0542480	0.0006942 	-0.1557282	0.0000000 	-90.1359781	186.2712099	0.1428971 	0.0000000 	767.6949321	0.0211099 	0.0043116 	-0.0227506	3.0748437 	0.1171390 	-0.0834204	8.7673468 	0.0151671 	-161.6381588	123.1675894	-0.4396309	-0.0252813	3.3099796 	3854213856.3551249	17.9524389	0.0105444 	0.0000000 
-0.0652930	-0.0788104	0.0051458 	-0.0663494	0.0000000 	-36.0933062	186.2574264	0.0307578 	0.0000000 	763.9468463	0.0217739 	0.0051398 	-0.0212823	3.0603419 	0.1748151 	-0.0446046	8.7625829 	0.0147022 	-160.1441231	123.2095823	-0.4353847	-0.0252505	3.9265144 	3854213916.3604012	17.9691078	0.0131427 	0.0000000 
-0.1180735	-0.0628294	0.0074185 	0.0149891 	0.0000000 	-45.9985238	186.2582306	0.0365425 	0.0000000 	736.3070775	0.0238873 	0.0049245 	-0.0256760	3.0594231 	0.1668013 	-0.0541450	8.7262872 	0.0168442 	-158.1138814	123.2467277	-0.4298810	-0.0253498	3.6259684 	3854213976.3672070	17.9857769	0.0097455 	0.0000000 
-0.1253839	-0.0865061	0.0108465 	-0.1327758	0.0000000 	-35.6892999	186.2649657	0.0262369 	0.0000000 	736.5893872	0.0224740 	0.0041849 	-0.0250348	3.0837702 	0.1745795 	-0.0947733	8.7621855 	0.0167495 	-158.4463176	123.2267423	-0.4309315	-0.0253634	3.0825656 	3854214036.3713689	18.0024453	0.0092211 	0.0000000 
-0.1228784	-0.0533799	0.0065592 	-0.0346180	0.0000000 	-44.1286503	186.2438756	0.0139908 	0.0000000 	748.6546122	0.0233030 	0.0040990 	-0.0215853	3.0714213 	0.1655925 	-0.0490653	8.7489340 	0.0157490 	-158.9065352	123.2813147	-0.4320197	-0.0253416	3.0687336 	3854214096.3792238	18.0191147	0.0092800 	0.0000000 
-0.1775789	-0.0813727	0.0144501 	0.0160082 	0.0000000 	-44.1966983	186.2649351	0.0026485 	0.0000000 	749.5872385	0.0232215 	0.0049316 	-0.0183215	3.0876409 	0.1697868 	-0.0425003	8.7664110 	0.0163389 	-157.3367596	123.2484611	-0.4278243	-0.0253870	3.6966787 	3854214156.3855710	18.0357839	0.0079016 	0.0000000 
-0.1627564	-0.0725064	0.0118009 	-0.0067666	0.0000000 	-49.4376553	186.2766982	0.0079394 	0.0000000 	744.3149275	0.0232615 	0.0052784 	-0.0278341	3.0673287 	0.1794206 	-0.0680842	8.7547860 	0.0157292 	-160.2866614	123.1709182	-0.4360256	-0.0252710	3.9287896 	3854214216.3937168	18.0524533	0.0102192 	0.0000000 
-0.2114505	-0.0500755	0.0105885 	-0.0723516	0.0000000 	-59.6495189	186.2631569	-0.0025510	0.0000000 	747.8300001	0.0243348 	0.0031202 	-0.0168467	3.0567420 	0.1466332 	-0.0510680	8.7786674 	0.0178892 	-160.1763815	123.2151777	-0.4355434	-0.0252120	2.3333979 	3854214276.3995829	18.0691225	0.0113507 	0.0000000 
-0.2083869	-0.0595758	0.0124148 	0.0660080 	0.0000000 	-50.0041590	186.2652450	0.0052195 	0.0000000 	737.7564905	0.0232415 	0.0047474 	-0.0229916	3.0657729 	0.1614443 	-0.0146882	8.7332752 	0.0144948 	-159.9165164	123.2804535	-0.4347000	-0.0252539	3.5024100 	3854214336.4087839	18.0857922	0.0117982 	0.0000000 
-0.2432862	-0.0580561	0.0141242 	-0.0754368	0.0000000 	-21.7220305	186.2531152	-0.0022908	0.0000000 	734.8280077	0.0238803 	0.0058413 	-0.0245881	3.0476002 	0.1978577 	-0.0554403	8.7180927 	0.0160665 	-157.2810467	123.1179659	-0.4279646	-0.0254050	4.2923523 	3854214396.4161749	18.1024617	0.0108038 	0.0000000 
-0.2298553	-0.0519221	0.0119346 	0.0400638 	0.0000000 	-40.3995597	186.2550712	0.0046135 	0.0000000 	730.8704396	0.0229871 	0.0039077 	-0.0238717	3.1081218 	0.1698142 	-0.0546003	8.7371680 	0.0182566 	-158.5600188	123.2279478	-0.4311285	-0.0253344	2.8560020 	3854214456.4245348	18.1191311	0.0111932 	0.0000000 
-0.2034078	-0.0697343	0.0141845 	-0.0549526	0.0000000 	-32.9945035	186.2409397	0.0015571 	0.0000000 	724.9230902	0.0240703 	0.0050016 	-0.0216870	3.0693817 	0.1888443 	-0.0445074	8.7796850 	0.0167902 	-159.0852342	123.2636695	-0.4323733	-0.0253490	3.6257714 	3854214516.4285631	18.1357994	0.0100321 	0.0000000 
-0.2420434	-0.0516614	0.0125043 	0.1265818 	0.0000000 	-71.1862160	186.2511032	0.0237667 	0.0000000 	724.7652596	0.0245713 	0.0050401 	-0.0303704	3.1594682 	0.1344000 	-0.0376019	8.7256868 	0.0163922 	-158.6835783	123.3278668	-0.4311002	-0.0253475	3.6529079 	3854214576.4349351	18.1524686	0.0095851 	0.0000000 
-0.2401439	-0.0685967	0.0164731 	-0.0246611	0.0000000 	-47.2041361	186.2797220	-0.0010157	0.0000000 	720.0064626	0.0237255 	0.0038209 	-0.0215366	3.0458868 	0.1689614 	-0.0583139	8.7933622 	0.0168037 	-158.8810152	123.2488342	-0.4318614	-0.0253319	2.7510489 	3854214636.4403772	18.1691375	0.0131918 	0.0000000 
-0.2368910	-0.0482024	0.0114187 	-0.0511568	0.0000000 	-60.7284677	186.2454352	-0.0025020	0.0000000 	727.2802090	0.0246224 	0.0037048 	-0.0178705	3.0994882 	0.1557971 	-0.0835088	8.7214951 	0.0198377 	-158.2826686	123.2696033	-0.4302565	-0.0253698	2.6944506 	3854214696.4471550	18.1858067	0.0088419 	0.0000000 
-0.2086800	-0.0487038	0.0101635 	0.0127640 	0.0000000 	-40.6557551	186.2833222	-0.0029110	0.0000000 	726.6854121	0.0237937 	0.0054330 	-0.0352903	3.0182771 	0.1665456 	-0.0645474	8.7727816 	0.0183420 	-157.9275387	123.0069603	-0.4300905	-0.0253660	3.9480551 	3854214756.4544983	18.2024758	0.0089483 	0.0000000 
-0.2190961	-0.0561741	0.0123075 	-0.0307568	0.0000000 	-79.0795536	186.2623177	-0.0027922	0.0000000 	740.6007887	0.0237715 	0.0034152 	-0.0268435	3.0438782 	0.1246740 	-0.0570142	8.7991042 	0.0169366 	-159.9590073	123.2836249	-0.4348032	-0.0252327	2.5292891 	3854214816.4631739	18.2191456	0.0111939 	0.0000000 
-0.1346478	-0.0650184	0.0087546 	-0.0450985	0.0000000 	-47.2634416	186.2622304	0.0007721 	0.0000000 	743.2151973	0.0237383 	0.0057882 	-0.0251741	3.0989733 	0.1741755 	-0.0568859	8.7169201 	0.0161354 	-159.8642942	123.3019153	-0.4344391	-0.0253128	4.3018454 	3854214876.4688930	18.2358144	0.0084881 	0.0000000 
-0.1436514	-0.0775867	0.0111454 	0.0300601 	0.0000000 	-37.9351686	186.2879129	0.0054146 	0.0000000 	735.7911339	0.0234110 	0.0037535 	-0.0318806	3.1204573 	0.1736529 	-0.0486321	8.7811367 	0.0154101 	-159.0114795	123.2309816	-0.4323988	-0.0253264	2.7618278 	3854214936.4782381	18.2524844	0.0070391 	0.0000000 
-0.1449078	-0.0544070	0.0078840 	0.0052659 	0.0000000 	-53.7366793	186.2448351	-0.0029411	0.0000000 	733.7273346	0.0244304 	0.0044710 	-0.0214128	3.0699254 	0.1640227 	-0.0534995	8.7438065 	0.0183916 	-156.8240750	123.1766853	-0.4265894	-0.0252774	3.2805096 	3854214996.4856768	18.2691536	0.0130515 	0.0000000 
-0.1287360	-0.0675100	0.0086910 	0.0527881 	0.0000000 	-52.3847141	186.2529909	0.1512396 	0.0000000 	730.3109283	0.0245029 	0.0053617 	-0.0266799	3.0587528 	0.1602713 	-0.0096351	8.7817625 	0.0177583 	-156.6922636	123.1606316	-0.4263639	-0.0253331	3.9156782 	3854215056.4929752	18.2858231	0.0105894 	0.0000000 
-0.1423775	-0.0359013	0.0051115 	-0.0105437	0.0000000 	-40.5461733	186.2713666	0.1214914 	0.0000000 	728.6177396	0.0227089 	0.0043001 	-0.0283737	3.0696724 	0.1628663 	-0.0493306	8.7527761 	0.0169410 	-157.8275538	123.3255166	-0.4290180	-0.0252672	3.1331051 	3854215116.4979677	18.3024917	0.0113692 	0.0000000 
-0.1187005	-0.0519221	0.0061632 	0.0372871 	0.0000000 	-45.3811556	186.2571145	0.0630788 	0.0000000 	723.4568899	0.0249952 	0.0039794 	-0.0299060	3.0601289 	0.1608804 	-0.0675581	8.7687422 	0.0214855 	-157.1034618	123.2872611	-0.4271648	-0.0253304	2.8789383 	3854215176.5046148	18.3191608	0.0085049 	0.0000000 
-0.1720572	-0.0831950	0.0143143 	-0.0971925	0.0000000 	-47.5907087	186.2650648	0.0334268 	0.0000000 	724.0209886	0.0231943 	0.0048599 	-0.0377448	3.0244272 	0.1651308 	-0.0764176	8.7971592 	0.0172878 	-158.3633903	123.3074473	-0.4306608	-0.0252933	3.5186492 	3854215236.5102749	18.3358297	0.0085203 	0.0000000 
-0.1646426	-0.0587916	0.0096796 	-0.0384793	0.0000000 	-34.7384695	186.2719757	0.1035407 	0.0000000 	718.3910112	0.0242574 	0.0041194 	-0.0329818	3.1002583 	0.1806128 	-0.0756351	8.8124826 	0.0179594 	-161.0992561	123.3604444	-0.4379556	-0.0253984	2.9593187 	3854215296.5179358	18.3524992	0.0085742 	0.0000000 
-0.1455998	-0.0623943	0.0090846 	-0.1063361	0.0000000 	-40.5186839	186.2229416	0.0390343 	0.0000000 	720.0676855	0.0243666 	0.0053457 	-0.0149517	3.0550353 	0.1720025 	-0.0758296	8.7257572 	0.0174557 	-157.7267573	123.2768459	-0.4288300	-0.0253455	3.8492768 	3854215356.5264192	18.3691686	0.0122713 	0.0000000 
-0.1624118	-0.0585221	0.0095047 	0.0704489 	0.0000000 	-49.6426075	186.2512474	0.0029595 	0.0000000 	712.6292607	0.0240557 	0.0038213 	-0.0285638	3.0710129 	0.1483651 	-0.0460547	8.7715808 	0.0188314 	-157.2761602	123.3323235	-0.4274409	-0.0253651	2.7231772 	3854215416.5313868	18.3858375	0.0093977 	0.0000000 
-0.1638572	-0.0638786	0.0104670 	0.0192898 	0.0000000 	-52.2179155	186.2586025	0.0335945 	0.0000000 	710.5296340	0.0245728 	0.0051517 	-0.0181778	3.0809626 	0.1585896 	-0.0406258	8.7995524 	0.0170365 	-159.0793653	123.3295491	-0.4323611	-0.0253167	3.6604584 	3854215476.5366621	18.4025061	0.0089399 	0.0000000 
-0.1486504	-0.0630989	0.0093797 	-0.0342066	0.0000000 	-46.7862244	186.2564716	0.0091334 	0.0000000 	710.6890764	0.0252772 	0.0043909 	-0.0254682	3.0643458 	0.1565939 	-0.0194142	8.7922826 	0.0165620 	-158.2221942	123.2350650	-0.4303973	-0.0252753	3.1205349 	3854215536.5424023	18.4191750	0.0074893 	0.0000000 
-0.1289858	-0.0456092	0.0058829 	-0.0883856	0.0000000 	-47.6395835	186.2564885	0.0200978 	0.0000000 	708.5930662	0.0241756 	0.0040698 	-0.0288557	3.0780019 	0.1587660 	-0.0545384	8.7627098 	0.0158879 	-158.2453694	123.3643856	-0.4299680	-0.0252391	2.8838090 	3854215596.5509977	18.4358447	0.0105657 	0.0000000 
-0.1665542	-0.0690937	0.0115078 	0.0033773 	0.0000000 	-40.3044786	186.3073381	0.1609260 	0.0000000 	691.7867849	0.0252828 	0.0039449 	-0.0242586	3.0572081 	0.1644451 	-0.0532298	8.8026475 	0.0189662 	-158.9712103	123.3832896	-0.4319512	-0.0252062	2.7290119 	3854215656.5571880	18.4525136	0.0082898 	0.0000000 
-0.1635281	-0.0628404	0.0102762 	0.1013388 	0.0000000 	-41.6057342	186.2693023	0.1118106 	0.0000000 	677.6392690	0.0230772 	0.0037429 	-0.0259988	3.0478532 	0.1649229 	-0.0440343	8.7615879 	0.0187150 	-158.3104099	123.3692006	-0.4301616	-0.0252276	2.5363492 	3854215716.5642672	18.4691831	0.0104902 	0.0000000 
-0.1019956	-0.0606780	0.0061889 	0.0097535 	0.0000000 	-35.4369233	186.2472559	-0.0016547	0.0000000 	692.7255981	0.0244137 	0.0042474 	-0.0306468	3.1157455 	0.1720674 	-0.0283002	8.7419009 	0.0183417 	-157.8754716	123.1107730	-0.4297754	-0.0252760	2.9422577 	3854215776.5705600	18.4858519	0.0106287 	0.0000000 
-0.1100195	-0.0555645	0.0061132 	0.0364737 	0.0000000 	-29.2688584	186.2688238	0.0214285 	0.0000000 	703.5470069	0.0248534 	0.0040193 	-0.0194758	3.0162397 	0.1759057 	-0.0636544	8.7922600 	0.0178006 	-158.7275400	123.3323684	-0.4313802	-0.0252765	2.8277516 	3854215836.5761080	18.5025208	0.0078747 	0.0000000 
-0.1230356	-0.0520833	0.0064081 	0.0019002 	0.0000000 	-33.5941608	186.2542958	0.0617208 	0.0000000 	671.5399306	0.0244492 	0.0051455 	-0.0305318	3.0495977 	0.1694523 	-0.0414260	8.8079921 	0.0172543 	-159.1581118	123.2061860	-0.4329177	-0.0253043	3.4554301 	3854215896.5810537	18.5191894	0.0083001 	0.0000000 
-0.1017901	-0.0529249	0.0053872 	0.1480850 	0.0000000 	-51.2142771	186.2348720	-0.0023587	0.0000000 	708.5635830	0.0242413 	0.0043625 	-0.0144895	3.0931206 	0.1612410 	-0.0528054	8.7912931 	0.0211441 	-159.9883133	123.3370768	-0.4348032	-0.0252523	3.0911183 	3854215956.5880241	18.5358586	0.0086394 	0.0000000 
-0.1581108	-0.0525892	0.0083149 	0.0563595 	0.0000000 	-44.4979734	186.2845303	0.0099213 	0.0000000 	679.0906207	0.0247247 	0.0041105 	-0.0212138	3.0911897 	0.1711748 	-0.0500424	8.7818668 	0.0235336 	-159.7963028	123.3416047	-0.4340866	-0.0253020	2.7914107 	3854216016.5943990	18.5525278	0.0090261 	0.0000000 
-0.0922365	-0.0775713	0.0071549 	0.0483098 	0.0000000 	-44.4316318	186.2509471	0.0246639 	0.0000000 	660.8998490	0.0246514 	0.0038590 	-0.0291786	3.0331784 	0.1679716 	-0.0517223	8.7241082 	0.0200784 	-158.4486502	123.3188187	-0.4305016	-0.0252249	2.5503827 	3854216076.5975227	18.5691958	0.0131818 	0.0000000 
-0.0800748	-0.0655573	0.0052495 	-0.0306913	0.0000000 	-52.3401077	186.2752247	0.0831641 	0.0000000 	654.7558937	0.0262477 	0.0040972 	-0.0239645	3.0832042 	0.1627212 	-0.0446311	8.7873354 	0.0170064 	-158.7806860	123.3116240	-0.4314007	-0.0252427	2.6826831 	3854216136.6041241	18.5858650	0.0081913 	0.0000000 
-0.0781928	-0.0530442	0.0041477 	0.1998986 	0.0000000 	-38.1480994	186.2622564	0.0101230 	0.0000000 	635.5561514	0.0236560 	0.0049719 	-0.0256428	3.0640284 	0.1663552 	-0.0459397	8.8083388 	0.0205033 	-163.5507410	123.3921766	-0.4440961	-0.0253003	3.1599352 	3854216196.6105261	18.6025342	0.0104342 	0.0000000 
-0.1071356	-0.0544866	0.0058375 	0.0743381 	0.0000000 	-44.4851705	186.2479721	0.0147202 	0.0000000 	651.5189889	0.0252615 	0.0041774 	-0.0279845	3.1028284 	0.1487834 	-0.0658427	8.7298869 	0.0174781 	-157.9957596	123.4495041	-0.4287993	-0.0251855	2.7216478 	3854216256.6195049	18.6192039	0.0111111 	0.0000000 
-0.0932591	-0.0511468	0.0047699 	-0.1461826	0.0000000 	-44.5423004	186.2441576	-0.0030900	0.0000000 	671.0279934	0.0247961 	0.0054742 	-0.0320553	3.1041334 	0.1547482 	-0.0799588	8.7924460 	0.0188687 	-158.9295328	123.4463088	-0.4315253	-0.0252245	3.6733088 	3854216316.6274548	18.6358733	0.0087421 	0.0000000 
-0.0791466	-0.0616742	0.0048813 	-0.0056447	0.0000000 	-57.7845886	186.2522463	-0.0021561	0.0000000 	692.4807313	0.0236750 	0.0047970 	-0.0397393	3.0893498 	0.1339427 	-0.0314700	8.7365507 	0.0194426 	-158.7277976	123.4251361	-0.4309423	-0.0252930	3.3218179 	3854216376.6344471	18.6525425	0.0134752 	0.0000000 
-0.0829461	-0.0674393	0.0055938 	-0.0704817	0.0000000 	-51.4222795	186.2422071	-0.0025830	0.0000000 	696.0729714	0.0242461 	0.0056433 	-0.0235201	3.0595518 	0.1651034 	-0.0315938	8.7598402 	0.0229435 	-158.1632869	123.4834551	-0.4292504	-0.0252668	3.9281715 	3854216436.6393089	18.6692111	0.0128327 	0.0000000 
-0.0901198	-0.0490925	0.0044242 	-0.0061028	0.0000000 	-42.9567619	186.2574750	0.2132626 	0.0000000 	652.8783056	0.0256238 	0.0038333 	-0.0281769	3.0456049 	0.1604989 	-0.0644148	8.8157553 	0.0189789 	-158.3112698	123.3596902	-0.4299531	-0.0252912	2.5026573 	3854216496.6462259	18.6858803	0.0114181 	0.0000000 
-0.0804849	-0.0688331	0.0055400 	-0.0095807	0.0000000 	-27.9972787	186.2363766	0.3814866 	0.0000000 	633.1920892	0.0253116 	0.0052678 	-0.0264942	3.0212290 	0.1898542 	-0.0705864	8.7658359 	0.0209070 	-158.4155591	123.4593418	-0.4299760	-0.0252975	3.3355088 	3854216556.6508260	18.7025489	0.0083823 	0.0000000 
-0.0901587	-0.0744192	0.0067095 	-0.1092063	0.0000000 	-62.5892369	186.2758772	0.0097281 	0.0000000 	643.4785046	0.0247583 	0.0037013 	-0.0171430	3.0343103 	0.1152507 	-0.0904717	8.7955073 	0.0168141 	-157.9250266	123.4845433	-0.4286303	-0.0252051	2.3816995 	3854216616.6591139	18.7192186	0.0109266 	0.0000000 
-0.0557453	-0.0774653	0.0043183 	0.1338742 	0.0000000 	-37.4913789	186.2647646	0.2090282 	0.0000000 	633.5708331	0.0240712 	0.0051460 	-0.0250967	3.0857521 	0.1646363 	-0.0619921	8.7955778 	0.0205048 	-157.1454323	123.5295844	-0.4265180	-0.0253288	3.2603395 	3854216676.6665101	18.7358878	0.0090717 	0.0000000 
-0.0581692	-0.0592621	0.0034472 	0.0136615 	0.0000000 	-44.5455676	186.2559364	0.2405454 	0.0000000 	663.1858017	0.0246007 	0.0052895 	-0.0250900	3.0904840 	0.1539720 	-0.0730135	8.7536612 	0.0189001 	-158.1444577	123.5471110	-0.4290104	-0.0252624	3.5079007 	3854216736.6735191	18.7525572	0.0072841 	0.0000000 
-0.0776475	-0.0485558	0.0037702 	-0.0535689	0.0000000 	-40.5725157	186.2555832	0.2428072 	0.0000000 	636.7780853	0.0253775 	0.0049077 	-0.0343130	3.0696946 	0.1737801 	-0.0473367	8.7627380 	0.0182069 	-157.4455966	123.4277695	-0.4275149	-0.0253328	3.1251179 	3854216796.6825342	18.7692269	0.0082357 	0.0000000 
-0.0605520	-0.0802838	0.0048613 	0.0007502 	0.0000000 	-33.8912204	186.2646747	0.5888069 	0.0000000 	608.6999562	0.0260652 	0.0032252 	-0.0228346	3.0785901 	0.1707811 	-0.0557100	8.8319159 	3.5582454 	-158.1022523	123.3709042	-0.4294951	-0.0252744	1.9631721 	3854216856.6871481	18.7858956	0.0101220 	0.0000000 
-0.0432632	-0.0140933	0.0006097 	0.1210470 	0.0000000 	-47.1359690	186.2561549	0.0992601 	0.0000000 	600.6056362	0.0248627 	0.0039537 	-0.0256185	3.0383740 	0.1451315 	-0.0599585	8.7476880 	0.0169188 	-158.4076695	123.3028421	-0.4304722	-0.0253441	2.3746337 	3854216916.6944418	18.8025647	0.0097924 	0.0000000 
-0.0902850	-0.0482554	0.0043567 	-0.1029143	0.0000000 	-38.1957568	186.4968164	0.2606495 	0.0000000 	586.3735895	0.0254585 	0.0054874 	-0.0353544	3.0671511 	0.1529755 	-0.0565500	8.8454351 	0.0202684 	-156.4589901	123.3495781	-0.4250168	-0.0253051	3.2176887 	3854216976.6982708	18.8192331	0.0092114 	0.0000000 
-0.0382543	-0.0497331	0.0019025 	0.1678493 	0.0000000 	-51.5075442	186.3957162	0.5374674 	0.0000000 	582.8556983	0.0241247 	0.0050942 	-0.0269828	3.0556012 	0.1375915 	-0.0349007	8.7783912 	0.0179450 	-158.2894466	123.3322394	-0.4301810	-0.0252706	2.9691586 	3854217036.7055230	18.8359025	0.0082466 	0.0000000 
-0.0276746	-0.0445578	0.0012331 	0.1524418 	0.0000000 	-34.3028487	186.4420325	0.0360656 	0.0000000 	581.7850348	0.0248559 	0.0063741 	-0.0269673	3.0003619 	0.1621000 	-0.0404313	8.7781938 	0.0231986 	-157.2276903	123.3498909	-0.4271380	-0.0253126	3.7083507 	3854217096.7113810	18.8525714	0.0092475 	0.0000000 
-0.0862828	-0.0560747	0.0048383 	-0.0502313	0.0000000 	-38.2305722	186.6968041	0.0937610 	0.0000000 	573.1076607	0.0249866 	0.0044183 	-0.0190468	3.0499639 	0.1572518 	-0.0528187	8.7716963 	0.0203850 	-157.8596570	123.4324947	-0.4285790	-0.0252492	2.5321713 	3854217156.7151341	18.8692397	0.0111957 	0.0000000 
-0.0537746	-0.0410766	0.0022089 	-0.1060650	0.0000000 	-30.0255350	186.7593244	0.0843563 	0.0000000 	571.5616124	0.0247700 	0.0050056 	-0.0222619	3.1074226 	0.1714516 	-0.0759622	8.7855285 	0.0246413 	-157.5918722	123.3734277	-0.4279448	-0.0252115	2.8609977 	3854217216.7219763	18.8859089	0.0107885 	0.0000000 
-0.0595583	-0.0550587	0.0032792 	0.0021619 	0.0000000 	-34.3062688	186.2712242	0.1181589 	0.0000000 	588.6797528	0.0254563 	0.0049391 	-0.0235400	3.1057692 	0.1716925 	-0.0448389	8.7770212 	0.0181223 	-157.7965870	123.4270373	-0.4284234	-0.0252993	2.9075764 	3854217276.7274470	18.9025778	0.0094597 	0.0000000 
-0.0621020	-0.0329569	0.0020467 	-0.0092815	0.0000000 	-34.0972785	186.5053648	0.2691673 	0.0000000 	576.3486060	0.0239994 	0.0045388 	-0.0296584	3.0740713 	0.1631440 	-0.0569346	8.8142134 	0.0184168 	-158.4912007	123.4171229	-0.4302936	-0.0253012	2.6159202 	3854217336.7354522	18.9192472	0.0113031 	0.0000000 
-0.0577394	-0.0430182	0.0024838 	0.1313499 	0.0000000 	-36.2944584	186.9727711	0.2998787 	0.0000000 	567.9960536	0.0252892 	0.0039590 	-0.0272327	3.0597382 	0.1611039 	-0.0678410	8.8351435 	0.0208441 	-158.6045895	123.4106616	-0.4306712	-0.0252530	2.2487229 	3854217396.7417331	18.9359161	0.0110072 	0.0000000 
-0.0844136	-0.0666043	0.0056223 	-0.0124042	0.0000000 	-44.8675809	186.3660577	0.1105553 	0.0000000 	582.5954673	0.0241199 	0.0054126 	-0.0192834	3.0309190 	0.1376014 	-0.0770056	8.7942276 	0.0183651 	-158.0225262	123.5314937	-0.4287155	-0.0253369	3.1533507 	3854217456.7501631	18.9525858	0.0088813 	0.0000000 
-0.0387582	-0.0497729	0.0019291 	0.0564063 	0.0000000 	-30.6301659	186.8324360	0.4174860 	0.0000000 	571.0954324	0.0275637 	0.0057408 	-0.0247186	3.0505498 	0.1636281 	-0.0646977	8.7689846 	3.3364680 	-157.3314115	123.5987404	-0.4266694	-0.0253155	3.2785260 	3854217516.7564907	18.9692547	0.0094631 	0.0000000 
-0.0300820	-0.0623147	0.0018746 	-0.0596273	0.0000000 	-43.8249664	187.2376860	0.1821705 	0.0000000 	564.3963524	0.0254150 	0.0045512 	-0.0270536	3.0484946 	0.1522647 	-0.0687252	8.8150083 	0.0244581 	-157.3730180	123.5450563	-0.4268465	-0.0253228	2.5686705 	3854217576.7631659	18.9859239	0.0095991 	0.0000000 
-0.0422569	-0.0636157	0.0026882 	-0.0310933	0.0000000 	-9.0225997	186.4171603	0.2575027 	0.0000000 	582.2649631	0.0236468 	0.0040419 	-0.0329641	3.0643680 	0.2116902 	-0.0264302	8.8054664 	0.0187376 	-158.5446494	123.4564832	-0.4304246	-0.0253286	2.3534369 	3854217636.7700400	19.0025931	0.0080487 	0.0000000 
-0.0612831	-0.0513765	0.0031485 	0.2039375 	0.0000000 	-36.8701574	186.2916541	0.1109247 	0.0000000 	591.6744337	0.0264886 	0.0046012 	-0.0299702	3.1210832 	0.1773774 	-0.0549894	8.7893086 	0.0197555 	-159.7402889	123.4036489	-0.4338124	-0.0252173	2.7224289 	3854217696.7769737	19.0192622	0.0118017 	0.0000000 
-0.0566615	-0.0583719	0.0033074 	0.1025822 	0.0000000 	-38.8974624	186.9546164	0.0393491 	0.0000000 	569.5372749	0.0243849 	0.0050144 	-0.0258971	3.0420095 	0.1576822 	-0.0583272	8.7959668 	0.0196938 	-158.1398635	123.4571591	-0.4294014	-0.0252128	2.8559095 	3854217756.7837877	19.0359317	0.0105429 	0.0000000 
-0.0982445	-0.0569958	0.0055995 	-0.0915363	0.0000000 	-35.4886603	187.4355709	0.3062666 	0.0000000 	561.0761580	0.0245482 	0.0053856 	-0.0211806	3.0337732 	0.1671296 	-0.0714573	8.8719494 	0.0193039 	-157.9676502	123.4020722	-0.4290515	-0.0253451	3.0217176 	3854217816.7906313	19.0526008	0.0081184 	0.0000000 
-0.1027902	-0.0521054	0.0053559 	0.0020217 	0.0000000 	-31.1903216	186.9409536	0.1232999 	0.0000000 	568.8686070	0.0256853 	0.0048528 	-0.0238274	3.0313495 	0.1685234 	-0.1120856	8.8525753 	0.3821337 	-157.8712335	123.4224419	-0.4287122	-0.0253079	2.7605975 	3854217876.7957640	19.0692694	0.0080242 	0.0000000 
-0.0454448	-0.0942570	0.0042835 	0.0201592 	0.0000000 	-35.5056837	187.6694001	0.6684206 	0.0000000 	555.1507325	0.0245435 	0.0058422 	-0.0219921	3.0438738 	0.1615670 	-0.0842824	8.9152444 	0.0201767 	-158.4509151	123.4440727	-0.4303371	-0.0253506	3.2432948 	3854217936.8022737	19.0859386	0.0086748 	0.0000000 
-0.0864027	-0.0511446	0.0044190 	0.1888945 	0.0000000 	-33.6185504	187.7391116	0.1057554 	0.0000000 	554.8790077	0.0263788 	0.0044267 	-0.0269386	3.0488986 	0.1699597 	-0.0544898	8.9725182 	0.0274323 	-159.5747680	123.3118599	-0.4338362	-0.0252888	2.4563005 	3854217996.8118072	19.1026083	0.0108792 	0.0000000 
-0.0528526	-0.0783665	0.0041419 	-0.0385728	0.0000000 	-40.9797702	187.8875152	0.1558368 	0.0000000 	550.9894132	0.0273767 	0.0046938 	-0.0231707	3.0261428 	0.1594092 	-0.0305195	9.0333466 	0.0220574 	-158.2662586	123.2616301	-0.4303172	-0.0253461	2.5862289 	3854218056.8160281	19.1192769	0.0084283 	0.0000000 
-0.0238813	-0.0781169	0.0018655 	-0.0134513	0.0000000 	-32.2075531	187.8351840	0.1173993 	0.0000000 	553.3547554	0.0260703 	0.0040162 	-0.0307153	3.0230844 	0.1608227 	-0.0434375	8.9312359 	0.0209595 	-158.4082468	123.1474448	-0.4310876	-0.0253510	2.2223715 	3854218116.8230791	19.1359461	0.0099933 	0.0000000 
-0.0474337	-0.0546831	0.0025938 	0.0297329 	0.0000000 	-16.1494311	187.8902465	0.2538724 	0.0000000 	550.3947534	0.0256364 	0.0047119 	-0.0203669	3.0399987 	0.1943921 	-0.0728897	9.0020769 	0.0194698 	-158.2089850	123.2550837	-0.4303296	-0.0252836	2.5934319 	3854218176.8276181	19.1526147	0.0112666 	0.0000000 
-0.0527975	-0.0422738	0.0022320 	-0.0059532	0.0000000 	-32.4559983	187.6578233	0.0587964 	0.0000000 	557.0967112	0.0258638 	0.0056416 	-0.0196615	3.0791516 	0.1589076 	-0.0094936	8.9385142 	0.0215526 	-157.4240340	123.1873637	-0.4283347	-0.0253095	3.1428953 	3854218236.8321528	19.1692833	0.0103481 	0.0000000 
-0.0585426	-0.0605432	0.0035444 	0.0448880 	0.0000000 	-58.6543782	187.8673991	0.2532655 	0.0000000 	551.5662523	0.0270744 	0.0044467 	-0.0275135	3.0241164 	0.1151491 	-0.0215141	9.0140966 	0.0228354 	-157.6881698	123.1856662	-0.4291163	-0.0253608	2.4526284 	3854218296.8406229	19.1859528	0.0101243 	0.0000000 
-0.0608786	-0.0615284	0.0037458 	0.0758340 	0.0000000 	-31.6531806	187.8737326	0.1492312 	0.0000000 	551.4277198	0.0297258 	0.0041690 	-0.0283847	3.0869640 	0.1668685 	-0.0561388	9.0265616 	0.0223839 	-156.9709661	123.2683578	-0.4269128	-0.0253496	2.2988875 	3854218356.8445201	19.2026214	0.0092890 	0.0000000 
-0.0248042	-0.0613495	0.0015217 	0.0502264 	0.0000000 	-38.7860443	187.8700197	0.1816899 	0.0000000 	550.7696108	0.0273802 	0.0059835 	-0.0227749	3.0425799 	0.1578188 	-0.0476727	8.9680193 	0.0207916 	-158.9653563	123.3041182	-0.4321648	-0.0253716	3.2955121 	3854218416.8529081	19.2192908	0.0079753 	0.0000000 
-0.0624580	-0.0689612	0.0043072 	0.0065187 	0.0000000 	-25.7961952	187.8926108	0.3583384 	0.0000000 	547.5492122	0.0285612 	0.0048984 	-0.0279690	3.0415478 	0.1844255 	-0.0407938	9.0449547 	0.0211826 	-157.5602557	123.2373484	-0.4286030	-0.0253370	2.6821166 	3854218476.8592510	19.2359600	0.0087093 	0.0000000 
-0.0536732	-0.0702313	0.0037695 	-0.0454538	0.0000000 	-34.6842531	187.8698708	0.1241670 	0.0000000 	547.6343272	0.0261773 	0.0049799 	-0.0140583	3.0159600 	0.1676827 	-0.0404180	9.0327293 	0.0322198 	-158.0017607	123.2553385	-0.4296656	-0.0253836	2.7271605 	3854218536.8656311	19.2526289	0.0100847 	0.0000000 
-0.0014154	-0.0359101	0.0000508 	0.0810229 	0.0000000 	-36.7561171	187.7658442	0.0255706 	0.0000000 	550.1007286	0.0277013 	0.0045605 	-0.0174857	3.0560118 	0.1589792 	-0.0663688	9.0066096 	0.0236940 	-158.2531629	123.2132346	-0.4304599	-0.0253183	2.5087248 	3854218596.8721681	19.2692981	0.0111538 	0.0000000 
-0.0108432	-0.0650272	0.0007051 	0.1310039 	0.0000000 	-27.1273787	187.7894517	0.0718972 	0.0000000 	548.5330845	0.0281444 	0.0034666 	-0.0281592	3.0540365 	0.1779977 	-0.0468814	9.1160832 	0.0206632 	-157.6577352	123.2146302	-0.4290153	-0.0253070	1.9015229 	3854218656.8785791	19.2859672	0.0063900 	0.0000000 
-0.0479844	-0.0414808	0.0019904 	0.0683079 	0.0000000 	-37.8523367	187.6620910	0.0027983 	0.0000000 	558.0756448	0.0265326 	0.0042429 	-0.0300387	3.0699432 	0.1627315 	-0.0538709	8.9093615 	0.0239744 	-158.4024284	123.2603017	-0.4307854	-0.0253466	2.3678787 	3854218716.8853397	19.3026364	0.0065641 	0.0000000 
-0.0734234	-0.0727206	0.0053394 	-0.0107868	0.0000000 	-42.0293056	186.7719564	-0.0007057	0.0000000 	569.7778954	0.0251720 	0.0044644 	-0.0259590	3.0541830 	0.1511217 	-0.0544412	8.8010605 	0.0243598 	-157.5455394	123.2924960	-0.4283629	-0.0253267	2.5437032 	3854218776.8912249	19.3193053	0.0088788 	0.0000000 
-0.0813031	-0.0427156	0.0034729 	0.0784238 	0.0000000 	-36.7182437	187.9388611	0.0071421 	0.0000000 	551.7610177	0.0262249 	0.0047177 	-0.0256030	3.0575898 	0.1662092 	-0.0735926	8.9802983 	0.0260302 	-169.3049409	123.2971502	-0.4601928	-0.0254852	2.6030464 	3854218836.8977141	19.3359742	0.0104598 	0.0000000 
-0.0445639	-0.0527349	0.0023501 	0.0925318 	0.0000000 	-34.6868597	187.6905640	0.0201393 	0.0000000 	549.4175611	0.0262332 	0.0040684 	-0.0247163	3.0686914 	0.1685816 	-0.0320403	9.0749982 	0.0218694 	-160.2739688	123.2877829	-0.4356156	-0.0252723	2.2352718 	3854218896.9058218	19.3526439	0.0108600 	0.0000000 
-0.0191920	-0.0445710	0.0008554 	0.0940557 	0.0000000 	-35.9292976	187.8029736	0.0725089 	0.0000000 	548.6597522	0.0296353 	0.0042376 	-0.0238628	3.0412948 	0.1627534 	-0.0554447	9.0962722 	0.0195251 	-160.4374734	123.2239602	-0.4362496	-0.0252867	2.3250118 	3854218956.9127231	19.3693131	0.0100120 	0.0000000 
-0.0517430	-0.0666043	0.0034463 	0.0585660 	0.0000000 	-30.6602767	187.8557044	0.1057865 	0.0000000 	547.3949819	0.0253294 	0.0057124 	-0.0299082	3.0996480 	0.1678717 	-0.0683583	9.1083539 	0.0222175 	-159.7008756	123.2267614	-0.4343112	-0.0252664	3.1269516 	3854219016.9151502	19.3859811	0.0088304 	0.0000000 
-0.0617465	-0.0500313	0.0030893 	-0.0644515	0.0000000 	-35.4000580	187.3983654	0.0026362 	0.0000000 	560.5950223	0.0277742 	0.0042102 	-0.0196306	3.0427286 	0.1581104 	-0.0557719	8.9358504 	0.0243276 	-159.6632360	123.2499132	-0.4340362	-0.0252714	2.3601956 	3854219076.9211292	19.4026500	0.0085309 	0.0000000 
-0.0389716	-0.0597569	0.0023288 	0.0932891 	0.0000000 	-36.3077890	187.8863393	0.1687530 	0.0000000 	546.3348781	0.0270851 	0.0056203 	-0.0250635	3.0486389 	0.1678708 	-0.0414481	9.0625163 	0.0188025 	-160.0001123	123.1694587	-0.4353193	-0.0252939	3.0705676 	3854219136.9242310	19.4193181	0.0135728 	0.0000000 
-0.0914291	-0.0426847	0.0039026 	0.1271614 	0.0000000 	-29.7028213	187.8633715	0.0394056 	0.0000000 	548.9618433	0.0259980 	0.0048444 	-0.0199932	3.0262737 	0.1753875 	-0.0516118	9.0516101 	0.0212685 	-157.3435850	123.2302073	-0.4279682	-0.0252961	2.6593748 	3854219196.9279571	19.4359864	0.0139249 	0.0000000 
-0.1253873	-0.0535765	0.0067178 	-0.0324583	0.0000000 	-39.0730541	186.2225284	0.1166246 	0.0000000 	753.6251102	0.0261707 	0.0039449 	-0.0259502	3.0914871 	0.1860298 	-0.0375532	8.7160124 	0.0153877 	-159.1856055	123.1430220	-0.4331767	-0.0252490	2.9729564 	3854219256.9351110	19.4526556	0.0116350 	0.0000000 
-0.1299256	-0.0700501	0.0091013 	0.0801160 	0.0000000 	-40.1584799	186.2588288	0.0757207 	0.0000000 	705.5959958	0.0261958 	0.0041074 	-0.0257821	3.0669070 	0.1741599 	-0.0474031	8.7352174 	0.0219278 	-158.7461231	123.1713743	-0.4319535	-0.0253060	2.8981739 	3854219316.9417691	19.4693247	0.0094401 	0.0000000 
-0.0824489	-0.0610667	0.0050349 	0.0460099 	0.0000000 	-49.1360262	186.2735447	0.1594840 	0.0000000 	618.9648317	0.0257706 	0.0048639 	-0.0202121	3.0855457 	0.1511240 	-0.0709312	8.7941571 	0.0211298 	-159.5641810	123.1295598	-0.4343073	-0.0252642	3.0105569 	3854219376.9480619	19.4859939	0.0075680 	0.0000000 
-0.0964849	-0.0820420	0.0079158 	0.0460193 	0.0000000 	-29.2319109	186.2196360	0.0322619 	0.0000000 	610.2103101	0.0243303 	0.0055388 	-0.0188677	3.0809205 	0.1690066 	-0.0387734	8.7978104 	0.0194163 	-159.8374585	123.2549503	-0.4347903	-0.0253022	3.3798404 	3854219436.9552369	19.5026631	0.0085638 	0.0000000 
-0.0929650	-0.0563287	0.0052366 	0.1986645 	0.0000000 	-54.8043383	186.3474864	0.0156683 	0.0000000 	593.0894165	0.0259524 	0.0048165 	-0.0288646	3.0829424 	0.1328329 	-0.0495605	8.8151520 	0.0208088 	-170.8908974	123.1426011	-0.4653008	-0.0252302	2.8565969 	3854219496.9622970	19.5193322	0.0116479 	0.0000000 
-0.0617799	-0.0408844	0.0025258 	0.1462245 	0.0000000 	-41.7090661	186.2722846	-0.0002853	0.0000000 	613.8080350	0.0264860 	0.0050260 	-0.0245992	3.0576054 	0.1577852 	-0.0580354	8.8119639 	0.0190445 	-162.2040878	123.1545658	-0.4416145	-0.0253563	3.0849705 	3854219556.9700108	19.5360017	0.0087878 	0.0000000 
-0.0555874	-0.0601501	0.0033436 	0.1043960 	0.0000000 	-25.6097456	187.0953185	0.0142773 	0.0000000 	566.7603433	0.0256816 	0.0052886 	-0.0221027	3.0921508 	0.1851206 	-0.0460414	8.8870642 	0.0237980 	-159.9281396	123.2144744	-0.4351113	-0.0251908	2.9973592 	3854219616.9755211	19.5526706	0.0119434 	0.0000000 
-0.0583671	-0.0555910	0.0032447 	0.0236933 	0.0000000 	-39.1325723	186.8310933	0.0459490 	0.0000000 	572.3650389	0.0263951 	0.0037398 	-0.0234891	3.0229290 	0.1600595 	-0.0741629	8.7861374 	0.0206581 	-162.8141808	123.0990704	-0.4432524	-0.0253797	2.1405418 	3854219676.9825439	19.5693397	0.0111379 	0.0000000 
-0.0994051	-0.0596752	0.0059320 	0.0122872 	0.0000000 	-45.8378244	186.3429685	-0.0027027	0.0000000 	596.4964000	0.0259288 	0.0037181 	-0.0299016	3.0948229 	0.1543258 	-0.0418415	8.8216383 	0.0193964 	-160.0614317	123.2241531	-0.4354018	-0.0252843	2.2178440 	3854219736.9898100	19.5860092	0.0081367 	0.0000000 
-0.0656357	-0.0594013	0.0038988 	0.0241140 	0.0000000 	-44.1200167	186.2532934	-0.0026593	0.0000000 	596.8796475	0.0252411 	0.0047040 	-0.0326745	3.0629342 	0.1520117 	-0.0481723	8.7693595 	0.0206718 	-159.6192188	123.2827056	-0.4340549	-0.0253013	2.8077080 	3854219796.9959331	19.6026781	0.0083662 	0.0000000 
-0.0576439	-0.0618531	0.0035655 	0.1513012 	0.0000000 	-33.9020968	186.3117500	-0.0019761	0.0000000 	585.1258566	0.0271815 	0.0051553 	-0.0264765	3.0197020 	0.1692292 	-0.0532122	8.7869831 	0.0215618 	-158.8173530	123.1038170	-0.4324785	-0.0252633	3.0164848 	3854219857.0008192	19.6193467	0.0119552 	0.0000000 
-0.0757635	-0.0539034	0.0040839 	0.0225994 	0.0000000 	-35.9804205	186.4766470	-0.0014747	0.0000000 	573.3061967	0.0259515 	0.0041203 	-0.0178882	3.0804033 	0.1624726 	-0.0510282	8.7735681 	0.0180151 	-160.4703442	123.1178644	-0.4369010	-0.0252309	2.3621684 	3854219917.0030651	19.6360147	0.0075020 	0.0000000 
-0.0468340	-0.0543496	0.0025454 	0.0762734 	0.0000000 	-33.7306448	187.4486823	0.0045042 	0.0000000 	559.2599221	0.0259898 	0.0051872 	-0.0258839	3.0745773 	0.1690196 	-0.0561034	8.9049048 	0.0256822 	-158.8102087	123.2537565	-0.4319979	-0.0252446	2.9009723 	3854219977.0099220	19.6526839	0.0109073 	0.0000000 
-0.0531841	-0.0586083	0.0031170 	0.1673071 	0.0000000 	-34.8699572	187.1724545	0.0004498 	0.0000000 	565.2643022	0.0267295 	0.0042177 	-0.0241215	3.0674352 	0.1642484 	-0.0565013	8.8671094 	0.0204542 	-159.1088448	123.2085423	-0.4329170	-0.0252981	2.3841100 	3854220037.0164061	19.6693531	0.0082926 	0.0000000 
-0.0433354	-0.0668142	0.0028954 	-0.0715289	0.0000000 	-51.7294753	187.7478779	0.0353427 	0.0000000 	552.0300280	0.0253728 	0.0041995 	-0.0287783	3.0619510 	0.1289180 	-0.0473810	8.9435882 	0.0222503 	-158.7353416	123.2620448	-0.4319555	-0.0253351	2.3182680 	3854220097.0222511	19.6860219	0.0088876 	0.0000000 
-0.0030563	-0.0570267	0.0001743 	0.0482724 	0.0000000 	-33.0635133	187.7492210	0.0150746 	0.0000000 	550.6693304	0.0256681 	0.0059773 	-0.0300033	3.1103212 	0.1575854 	-0.0575270	9.0008563 	0.0219358 	-166.3551099	123.2929719	-0.4523692	-0.0253669	3.2914977 	3854220157.0310569	19.7026917	0.0118894 	0.0000000 
-0.0569949	-0.0658798	0.0037548 	0.0437287 	0.0000000 	-41.8056861	186.6495292	-0.0014540	0.0000000 	575.3243429	0.0272283 	0.0044391 	-0.0233852	3.0419873 	0.1505332 	-0.0400599	8.8086404 	0.0217668 	-160.0677719	123.2028375	-0.4356903	-0.0252967	2.5539410 	3854220217.0385752	19.7193608	0.0103471 	0.0000000 
-0.0303392	-0.0376352	0.0011418 	0.1306487 	0.0000000 	-35.4720360	187.7602676	0.0439934 	0.0000000 	551.1289322	0.0258229 	0.0051070 	-0.0210634	3.0469211 	0.1593895 	-0.0577746	9.0644669 	0.0238551 	-159.0959313	123.2248195	-0.4328742	-0.0252744	2.8146160 	3854220277.0455532	19.7360303	0.0089955 	0.0000000 
-0.0601229	-0.0493510	0.0029671 	-0.0534007	0.0000000 	-29.0097001	187.7670911	0.0199461 	0.0000000 	547.9185629	0.0269274 	0.0048962 	-0.0301559	3.0597982 	0.1753682 	-0.0441050	9.0228886 	0.0265419 	-159.2695297	123.3035345	-0.4329941	-0.0252117	2.6827125 	3854220337.0545778	19.7527000	0.0108915 	0.0000000 
-0.0534932	-0.0463779	0.0024809 	-0.0015310	0.0000000 	-37.5752124	187.8527277	0.0082400 	0.0000000 	552.0931104	0.0250008 	0.0054104 	-0.0150667	3.0442289 	0.1683863 	-0.0675846	8.9794104 	0.0215542 	-159.6491293	123.3636404	-0.4338931	-0.0252837	2.9870314 	3854220397.0627379	19.7693694	0.0137183 	0.0000000 
-0.0846909	-0.0331557	0.0028080 	0.2847804 	0.0000000 	-32.0863002	187.5427961	0.0007749 	0.0000000 	560.9925042	0.0256718 	0.0044887 	-0.0317236	3.0462020 	0.1716993 	-0.0528939	8.8821566 	0.0215675 	-158.4356012	123.1240782	-0.4313558	-0.0253480	2.5181469 	3854220457.0679460	19.7860383	0.0081352 	0.0000000 
-0.0805233	-0.0553303	0.0044554 	-0.0818691	0.0000000 	-14.9297026	187.5862395	0.0016316 	0.0000000 	559.9054021	0.0236309 	0.0038877 	-0.0235267	3.0431835 	0.1897064 	-0.0386364	8.9036984 	0.0277050 	-164.2460448	123.3950959	-0.4463194	-0.0255351	2.1767679 	3854220517.0747061	19.8027075	0.0080100 	0.0000000 
-0.1126252	-0.0643447	0.0072468 	0.0353237 	0.0000000 	-44.5004581	187.7097429	0.0009116 	0.0000000 	558.8390270	0.0254893 	0.0031379 	-0.0249264	3.0972399 	0.1450504 	-0.0334816	8.9152050 	0.0219290 	-158.2474228	123.3675720	-0.4300918	-0.0252659	1.7536036 	3854220577.0811071	19.8193764	0.0113167 	0.0000000 
-0.0828918	-0.0575547	0.0047708 	0.1507215 	0.0000000 	-28.6771503	187.1362775	-0.0012259	0.0000000 	565.1802057	0.0253988 	0.0035370 	-0.0297888	3.0619799 	0.1703516 	-0.0393879	8.8433943 	0.0198375 	-157.3616655	123.4321149	-0.4275399	-0.0252999	1.9990303 	3854220637.0892849	19.8360461	0.0121532 	0.0000000 
-0.0747222	-0.0381256	0.0028488 	0.0377358 	0.0000000 	-39.1085020	187.5640022	0.0005497 	0.0000000 	560.7728513	0.0263148 	0.0042048 	-0.0233520	3.0672776 	0.1605562 	-0.0624873	8.9094150 	0.0256219 	-157.9512374	123.2485038	-0.4296906	-0.0253234	2.3579640 	3854220697.0975561	19.8527156	0.0081278 	0.0000000 
-0.0718759	-0.0520325	0.0037399 	-0.0045602	0.0000000 	-33.2797371	186.4580797	-0.0013305	0.0000000 	574.1539059	0.0258000 	0.0041172 	-0.0231574	3.0757381 	0.1705899 	-0.0379113	8.8295424 	0.0192056 	-156.6569312	123.3571089	-0.4257118	-0.0253075	2.3638812 	3854220757.1033568	19.8693844	0.0096094 	0.0000000 
-0.0935335	-0.0490594	0.0045887 	0.1284890 	0.0000000 	-33.2816584	187.0458346	-0.0008546	0.0000000 	566.4031249	0.0257168 	0.0048980 	-0.0296164	3.1298322 	0.1675184 	-0.0558515	8.8104924 	0.0217404 	-157.9013593	123.5077298	-0.4286572	-0.0252596	2.7742198 	3854220817.1089048	19.8860533	0.0131104 	0.0000000 
-0.0988013	-0.0510827	0.0050470 	0.0153537 	0.0000000 	-21.1197127	186.4781848	-0.0015520	0.0000000 	574.9594593	0.0254100 	0.0050614 	-0.0286191	3.0687203 	0.1915745 	-0.0395824	8.8356903 	0.0203504 	-157.8763341	123.4141180	-0.4289042	-0.0253320	2.9100906 	3854220877.1156330	19.9027225	0.0098706 	0.0000000 
-0.0798502	-0.0567374	0.0045305 	0.1694948 	0.0000000 	-29.5218673	186.3318612	-0.0018715	0.0000000 	590.7272011	0.0256144 	0.0050047 	-0.0259414	3.0428440 	0.1782104 	-0.0681416	8.8039217 	0.0202938 	-156.7718467	123.3811320	-0.4259349	-0.0253024	2.9564094 	3854220937.1229920	19.9193919	0.0115181 	0.0000000 
-0.0723927	-0.0516592	0.0037398 	0.2982340 	0.0000000 	-31.1454895	187.9652505	0.0029868 	0.0000000 	554.3579205	0.0250427 	0.0053869 	-0.0236439	3.0628188 	0.1562253 	-0.0322968	8.9778149 	0.0234722 	-158.0326017	123.3547332	-0.4295157	-0.0252550	2.9862725 	3854220997.1324873	19.9360617	0.0103555 	0.0000000 
-0.0383686	-0.0295972	0.0011356 	0.0781900 	0.0000000 	-31.6563318	187.8933968	0.0127618 	0.0000000 	547.9560037	0.0254052 	0.0050490 	-0.0263040	3.0517483 	0.1627176 	-0.0932658	9.0456425 	0.0228419 	-157.0818776	123.4681195	-0.4265260	-0.0253340	2.7666206 	3854221057.1403761	19.9527311	0.0110800 	0.0000000 
-0.0419929	-0.0505327	0.0021220 	0.2365196 	0.0000000 	-20.6494644	187.6700749	0.1504177 	0.0000000 	542.1553626	0.0250874 	0.0042451 	-0.0241348	3.0502080 	0.1948650 	-0.0641186	9.1567172 	0.0206985 	-156.9309414	123.7679214	-0.4249722	-0.0252621	2.3015305 	3854221117.1473789	19.9694006	0.0110250 	0.0000000 
-0.0322449	-0.0756231	0.0024385 	0.1521800 	0.0000000 	-28.7326320	187.6358293	0.1232424 	0.0000000 	541.8798041	0.0249929 	0.0055326 	-0.0218440	3.0269551 	0.1675990 	-0.0668242	9.1599730 	0.0183737 	-157.9356778	123.8745318	-0.4273078	-0.0253424	2.9980107 	3854221177.1549668	19.9860697	0.0083538 	0.0000000 
-0.0054718	-0.0605123	0.0003311 	0.1740946 	0.0000000 	-32.2052539	187.7491747	0.0969351 	0.0000000 	543.6278134	0.0252746 	0.0052346 	-0.0318408	3.0429572 	0.1655347 	-0.0350245	9.1388061 	0.0201694 	-163.6444252	123.8802157	-0.4428312	-0.0253656	2.8456477 	3854221237.1585832	20.0027381	0.0094276 	0.0000000 
0.0067204 	-0.0621292	-0.0004175	0.1489919 	0.0000000 	-45.1450933	187.5974253	0.0769299 	0.0000000 	541.3767762	0.0244185 	0.0055649 	-0.0232061	3.0282113 	0.1439549 	-0.0600513	9.1983294 	0.0227706 	-158.1644997	123.8257031	-0.4280002	-0.0253492	3.0127307 	3854221297.1668482	20.0194078	0.0081160 	0.0000000 
-0.0445836	-0.0432214	0.0019270 	0.0809481 	0.0000000 	-28.7210304	187.7686130	0.2070227 	0.0000000 	543.9597570	0.0252630 	0.0058409 	-0.0248402	3.0300867 	0.1696534 	-0.0605907	9.1629610 	0.0226380 	-157.3505586	123.7792554	-0.4260352	-0.0253016	3.1771923 	3854221357.1744289	20.0360772	0.0113527 	0.0000000 
0.0291566 	-0.0596531	-0.0017393	0.1026851 	0.0000000 	-36.4117020	187.7263778	0.0601902 	0.0000000 	543.3966009	0.0259414 	0.0049440 	-0.0230756	3.0551462 	0.1552883 	-0.0389768	9.1064117 	0.0276005 	-158.1414874	123.8471712	-0.4279084	-0.0252714	2.6865635 	3854221417.1821241	20.0527464	0.0131999 	0.0000000 
-0.0013584	-0.0635296	0.0000863 	0.1660917 	0.0000000 	-29.7609156	187.5655503	0.1560187 	0.0000000 	541.2836988	0.0261837 	0.0036282 	-0.0296142	3.0880914 	0.1702696 	-0.0490653	9.1936670 	0.0167032 	-164.2051373	123.7967348	-0.4445192	-0.0254026	1.9638923 	3854221477.1874342	20.0694153	0.0093284 	0.0000000 
-0.0127643	-0.0532606	0.0006798 	0.1160452 	0.0000000 	-7.1483602	187.7545144	0.0386846 	0.0000000 	543.3505808	0.0235419 	0.0044117 	-0.0184321	2.9878244 	0.2115263 	-0.0427876	9.1788425 	0.0220042 	-159.3480407	123.7546950	-0.4315538	-0.0252581	2.3970854 	3854221537.1947050	20.0860844	0.0100040 	0.0000000 
-0.0222788	-0.0483217	0.0010765 	0.1523483 	0.0000000 	-33.1536221	187.6235650	0.1686257 	0.0000000 	541.8532772	0.0259938 	0.0053851 	-0.0259082	3.0966628 	0.1670624 	-0.0526198	9.1676798 	0.0199537 	-158.2749165	123.8507308	-0.4283775	-0.0253265	2.9179513 	3854221597.1997361	20.1027533	0.0087547 	0.0000000 
-0.0122456	-0.0488783	0.0005985 	0.1001608 	0.0000000 	-36.1678686	187.7074015	0.0461667 	0.0000000 	543.2715123	0.0266372 	0.0051190 	-0.0228766	3.0269706 	0.1607022 	-0.0694149	9.0958719 	0.0203552 	-159.9429856	123.9581074	-0.4324722	-0.0251623	2.7809845 	3854221657.2083449	20.1194231	0.0119967 	0.0000000 
-0.0106911	-0.0582836	0.0006231 	0.2014973 	0.0000000 	-25.9337771	187.7578247	0.0869660 	0.0000000 	544.5144081	0.0256320 	0.0054963 	-0.0244001	3.0661746 	0.1803692 	-0.0744945	9.1047852 	0.0212963 	-162.0671190	124.0281795	-0.4380802	-0.0253854	2.9928121 	3854221717.2154131	20.1360922	0.0095769 	0.0000000 
0.0415233 	-0.0596089	-0.0024752	0.0571262 	0.0000000 	-34.0012116	187.6253405	0.1801235 	0.0000000 	542.0131521	0.0261724 	0.0038567 	-0.0279513	3.0117254 	0.1532066 	-0.0577525	9.1562409 	0.0192286 	-158.4830749	123.9734439	-0.4283067	-0.0252990	2.0904041 	3854221777.2225928	20.1527614	0.0077552 	0.0000000 
0.0252148 	-0.0723893	-0.0018253	0.0477769 	0.0000000 	-33.7545103	187.6017928	0.0881120 	0.0000000 	541.6488229	0.0258546 	0.0052049 	-0.0271044	3.0244272 	0.1633312 	-0.0415586	9.2380360 	0.0218696 	-157.5429864	123.9360564	-0.4259051	-0.0252650	2.8192161 	3854221837.2308092	20.1694311	0.0126574 	0.0000000 
-0.0680580	-0.0597746	0.0040681 	0.1141660 	0.0000000 	-32.6656368	187.9709259	0.0115725 	0.0000000 	547.8215274	0.0249486 	0.0049958 	-0.0276595	3.0578850 	0.1718632 	-0.0729737	9.1076858 	0.0205586 	-157.8549067	124.0105794	-0.4266148	-0.0252935	2.7368271 	3854221897.2396679	20.1861008	0.0110183 	0.0000000 
0.0315365 	-0.0530530	-0.0016731	0.1858186 	0.0000000 	-44.6746313	187.3904618	0.2654475 	0.0000000 	539.4151320	0.0247646 	0.0054409 	-0.0274958	2.9685420 	0.1479351 	-0.0538620	9.1898333 	0.0253049 	-162.8707118	123.9077153	-0.4404867	-0.0253284	2.9349228 	3854221957.2463608	20.2027700	0.0089893 	0.0000000 
0.0357126 	-0.0638521	-0.0022803	0.1287321 	0.0000000 	-28.9204315	187.4709826	0.2914042 	0.0000000 	539.7668053	0.0256070 	0.0063298 	-0.0190734	3.0633603 	0.1679801 	-0.0098163	9.2079079 	0.0240121 	-159.3890897	123.9313848	-0.4309529	-0.0252356	3.4166173 	3854222017.2517199	20.2194386	0.0086686 	0.0000000 
0.0767310 	-0.0384569	-0.0029508	0.2140533 	0.0000000 	-30.3514972	187.4730509	0.1202200 	0.0000000 	540.2686771	0.0251127 	0.0044666 	-0.0211231	3.0547556 	0.1707883 	-0.0428097	9.1879870 	0.0190540 	-157.9446816	123.9713775	-0.4269423	-0.0252609	2.4131593 	3854222077.2606611	20.2361083	0.0084462 	0.0000000 
0.0371207 	-0.0531767	-0.0019740	0.1340705 	0.0000000 	-36.0102065	187.4825441	0.2184734 	0.0000000 	540.5365178	0.0241942 	0.0063342 	-0.0177621	3.0619910 	0.1598230 	-0.0558426	9.1857826 	0.0270223 	-158.9295092	124.0850882	-0.4292686	-0.0252177	3.4238834 	3854222137.2685142	20.2527781	0.0082075 	0.0000000 
0.0302741 	-0.0647599	-0.0019606	0.2217852 	0.0000000 	-27.2392898	187.5557187	0.0412057 	0.0000000 	540.9334306	0.0262030 	0.0050547 	-0.0267064	3.0137739 	0.1790918 	-0.0464879	9.1732302 	0.0219392 	-160.5739566	123.9848456	-0.4339064	-0.0253680	2.7342782 	3854222197.2762408	20.2694472	0.0097432 	0.0000000 
0.0475662 	-0.0603201	-0.0028692	0.0231230 	0.0000000 	-36.7203984	187.4728983	0.1904159 	0.0000000 	539.9129623	0.0250479 	0.0061540 	-0.0193520	3.1055228 	0.1493934 	-0.0633228	9.2006888 	0.0231030 	-158.2491687	123.9334377	-0.4277917	-0.0253549	3.3226124 	3854222257.2829399	20.2861164	0.0073321 	0.0000000 
-0.0214369	-0.0590478	0.0012658 	0.0180463 	0.0000000 	-33.8076411	187.8099420	0.3735767 	0.0000000 	545.4255694	0.0258434 	0.0052554 	-0.0239491	3.0907481 	0.1681852 	-0.0435303	9.1063553 	0.0198907 	-157.0230516	123.9322785	-0.4244584	-0.0253091	2.8664115 	3854222317.2884607	20.3027853	0.0082361 	0.0000000 
-0.0483528	-0.0556241	0.0026896 	0.1630906 	0.0000000 	-38.7425321	187.7347265	0.2869324 	0.0000000 	544.1931096	0.0265695 	0.0061433 	-0.0221668	3.0704847 	0.1525424 	-0.0394233	9.0877762 	0.0250443 	-157.8031317	123.8807754	-0.4267482	-0.0253556	3.3431679 	3854222377.2952991	20.3194544	0.0093806 	0.0000000 
-0.0121743	-0.0643093	0.0007829 	0.1707850 	0.0000000 	-29.4529376	187.6703733	0.1845671 	0.0000000 	543.0104190	0.0247786 	0.0050933 	-0.0219435	3.0789119 	0.1763244 	-0.0565897	9.1519026 	0.0205872 	-159.5765380	123.9634732	-0.4313958	-0.0252290	2.7656995 	3854222437.3004150	20.3361233	0.0087860 	0.0000000 
-0.0444484	-0.0612987	0.0027246 	0.0423824 	0.0000000 	-29.6076190	187.7349480	0.0495689 	0.0000000 	544.6182348	0.0244387 	0.0046455 	-0.0331742	2.9968996 	0.1763661 	-0.0579558	9.1496729 	0.0249667 	-159.5294657	123.7894438	-0.4317338	-0.0252379	2.5300328 	3854222497.3083940	20.3527928	0.0089266 	0.0000000 
-0.0156344	-0.0499893	0.0007816 	0.0661015 	0.0000000 	-32.2541667	187.5665424	0.3308379 	0.0000000 	540.7870786	0.0247451 	0.0057470 	-0.0268413	3.0686670 	0.1613610 	-0.0545208	9.2329423 	0.0193490 	-159.2234591	124.1124020	-0.4299197	-0.0252627	3.1078859 	3854222557.3145018	20.3694617	0.0110643 	0.0000000 
-0.0055417	-0.0570400	0.0003161 	0.0451030 	0.0000000 	-30.1259202	187.6739161	0.2908812 	0.0000000 	542.5511127	0.0260724 	0.0041371 	-0.0298618	3.0283422 	0.1627436 	-0.0761258	9.2047959 	0.0231173 	-159.0598929	124.1153352	-0.4296094	-0.0252921	2.2445805 	3854222617.3222580	20.3861311	0.0106471 	0.0000000 
0.0307313 	-0.0785078	-0.0024126	0.0828927 	0.0000000 	-38.6033455	187.5370894	0.0580584 	0.0000000 	541.3266157	0.0242164 	0.0051234 	-0.0201038	3.0788675 	0.1632707 	-0.0083530	9.1946423 	0.0249910 	-160.3508535	124.1567966	-0.4328479	-0.0253221	2.7734261 	3854222677.3240099	20.4027989	0.0081883 	0.0000000 
0.0559820 	-0.0548731	-0.0030719	0.1488049 	0.0000000 	-20.5670533	187.5646780	0.5930017 	0.0000000 	540.8299695	0.0264831 	0.0054511 	-0.0236771	3.0766880 	0.1918195 	-0.0583802	9.2417315 	0.0241356 	-157.6931837	124.1812133	-0.4256438	-0.0252729	2.9481299 	3854222737.3312221	20.4194681	0.0051457 	0.0000000 
0.0248256 	-0.0409220	-0.0010159	0.0797888 	0.0000000 	-37.0720378	187.4967409	0.1767637 	0.0000000 	540.4627695	0.0273700 	0.0045237 	-0.0245041	3.0359016 	0.1566194 	-0.0442996	9.1969566 	0.0189364 	-156.1834554	124.1729740	-0.4215551	-0.0253297	2.4449040 	3854222797.3369350	20.4361369	0.0077815 	0.0000000 
-0.0093975	-0.0597061	0.0005611 	0.1430645 	0.0000000 	-32.2023809	187.5476332	0.0609508 	0.0000000 	541.3192862	0.0259705 	0.0061611 	-0.0185117	3.0263980 	0.1665725 	-0.0405771	9.1816981 	0.0207594 	-158.9386947	124.0920259	-0.4291849	-0.0252712	3.3351027 	3854222857.3442349	20.4528064	0.0099563 	0.0000000 
-0.0501551	-0.0540713	0.0027119 	-0.0042704	0.0000000 	-36.0513603	187.7757432	0.0272688 	0.0000000 	544.8635113	0.0259387 	0.0065402 	-0.0251232	3.0378303 	0.1702298 	-0.0578851	9.1775600 	0.0190470 	-157.5176456	124.2432322	-0.4248531	-0.0252686	3.5635012 	3854222917.3506799	20.4694756	0.0066657 	0.0000000 
-0.0579280	-0.0665999	0.0038580 	0.0994035 	0.0000000 	-37.3837997	187.6486700	0.1338817 	0.0000000 	542.8451537	0.0259625 	0.0056305 	-0.0157145	3.0637976 	0.1599068 	-0.0176325	9.1670963 	0.0277392 	-157.6323754	124.2232266	-0.4253047	-0.0252971	3.0564838 	3854222977.3577280	20.4861447	0.0077121 	0.0000000 
0.0136880 	-0.0606736	-0.0008305	0.2112486 	0.0000000 	-36.6128820	187.5878409	0.0903832 	0.0000000 	541.6196681	0.0252356 	0.0057266 	-0.0214018	3.0958505 	0.1686524 	-0.0313241	9.1668172 	0.0237650 	-158.1145801	124.1632872	-0.4267201	-0.0252819	3.1016365 	3854223037.3630719	20.5028133	0.0073200 	0.0000000 
-0.0166073	-0.0501616	0.0008330 	0.0733191 	0.0000000 	-34.6126177	187.5136328	0.1042748 	0.0000000 	540.7787288	0.0260656 	0.0058772 	-0.0194404	3.0502191 	0.1657569 	-0.0652724	9.1684522 	0.0293112 	-158.6434711	124.2568052	-0.4279536	-0.0252462	3.1782515 	3854223097.3693500	20.5194825	0.0095031 	0.0000000 
0.0543771 	-0.0499452	-0.0027159	0.1672043 	0.0000000 	-32.4612984	187.4461699	0.1529067 	0.0000000 	539.7910849	0.0249854 	0.0058922 	-0.0269121	3.0672532 	0.1642888 	-0.0568948	9.1961814 	0.0237815 	-158.0578676	124.2884332	-0.4262347	-0.0252823	3.1805751 	3854223157.3772359	20.5361519	0.0092147 	0.0000000 
-0.0626281	-0.0507779	0.0031801 	-0.0096649	0.0000000 	-31.8398966	187.8352773	0.2228802 	0.0000000 	549.4065292	0.0247912 	0.0050525 	-0.0252581	3.0669048 	0.1595458 	-0.0384507	9.0763964 	0.0232098 	-158.1122154	124.2634919	-0.4265320	-0.0252243	2.7758909 	3854223217.3841019	20.5528211	0.0105488 	0.0000000 
-0.0262044	-0.0598077	0.0015672 	0.1788254 	0.0000000 	-27.2392597	187.5204351	0.2019891 	0.0000000 	541.3174697	0.0256182 	0.0055534 	-0.0256141	3.0982120 	0.1591942 	-0.0148208	9.1223947 	0.0216168 	-158.2625787	124.2284163	-0.4270353	-0.0252629	3.0061674 	3854223277.3905292	20.5694903	0.0101108 	0.0000000 
0.0018682 	-0.0495100	-0.0000925	0.1296203 	0.0000000 	-34.2449890	187.5323877	0.2462698 	0.0000000 	540.8438606	0.0272304 	0.0057341 	-0.0222553	2.9988394 	0.1628305 	-0.0923683	9.2072567 	0.0219384 	-157.8551651	124.2670505	-0.4258683	-0.0252550	3.1012658 	3854223337.3965797	20.5861592	0.0107809 	0.0000000 
-0.0474790	-0.0550785	0.0026151 	0.1422231 	0.0000000 	-26.0175852	187.6340191	0.1076657 	0.0000000 	542.2815694	0.0262236 	0.0072891 	-0.0208600	3.0443754 	0.1818619 	-0.0455551	9.1345327 	0.0274959 	-158.7260003	124.3491660	-0.4278649	-0.0252886	3.9527383 	3854223397.4029827	20.6028283	0.0085492 	0.0000000 
-0.0288811	-0.0945861	0.0027318 	0.0137176 	0.0000000 	-32.1127289	187.5445822	0.1331711 	0.0000000 	541.0121711	0.0227545 	0.0062744 	-0.0264079	3.0184813 	0.1641557 	-0.0258776	9.1402550 	0.0192472 	-158.7392330	124.3006722	-0.4281855	-0.0252934	3.3945495 	3854223457.4082079	20.6194969	0.0070142 	0.0000000 
-0.0484349	-0.0452867	0.0021935 	0.1101551 	0.0000000 	-35.1375054	187.5755950	0.0279436 	0.0000000 	541.2971369	0.0260076 	0.0057603 	-0.0238230	3.1194453 	0.1559346 	-0.0764397	9.2091961 	0.0294355 	-158.0059663	124.3333443	-0.4260595	-0.0252735	3.1180091 	3854223517.4177618	20.6361669	0.0089374 	0.0000000 
0.0029780 	-0.0571306	-0.0001701	0.3167175 	0.0000000 	-35.1347780	187.3741141	0.1761426 	0.0000000 	539.2080477	0.0265439 	0.0065326 	-0.0217268	2.9792441 	0.1643622 	-0.0594015	9.2397950 	0.0253699 	-164.0243769	124.3960631	-0.4422312	-0.0252101	3.5224538 	3854223577.4246030	20.6528361	0.0126057 	0.0000000 
-0.0162594	-0.0464728	0.0007556 	0.1786664 	0.0000000 	-38.3415045	187.5139934	0.1205668 	0.0000000 	540.7035700	0.0264500 	0.0055419 	-0.0160241	3.0434055 	0.1563645 	-0.1101802	9.1926381 	0.0228219 	-157.9601385	124.3881806	-0.4258455	-0.0252857	2.9965319 	3854223637.4320831	20.6695056	0.0089674 	0.0000000 
-0.0179845	-0.0880788	0.0015841 	0.1413723 	0.0000000 	-26.2786782	187.4385696	0.1057601 	0.0000000 	539.9368305	0.0267697 	0.0055809 	-0.0235466	3.0159023 	0.1775073 	-0.0843222	9.1907072 	0.0237522 	-159.4745689	124.4570591	-0.4296848	-0.0251756	3.0133261 	3854223697.4368501	20.6861742	0.0103861 	0.0000000 
-0.0676519	-0.0542767	0.0036719 	0.0287325 	0.0000000 	-38.7157548	187.5096603	0.0658176 	0.0000000 	540.7560647	0.0249720 	0.0071181 	-0.0253908	3.0059415 	0.1533065 	-0.0837166	9.1526524 	0.0245968 	-165.1787339	124.4387702	-0.4450544	-0.0251415	3.8491749 	3854223757.4456248	20.7028439	0.0119574 	0.0000000 
-0.1091266	-0.0550697	0.0060096 	0.0992539 	0.0000000 	-29.6705938	187.6787712	0.1423476 	0.0000000 	543.7412066	0.0248654 	0.0052957 	-0.0255522	3.0525096 	0.1719362 	-0.0572087	9.1380620 	0.0242228 	-159.0252731	124.4319360	-0.4285056	-0.0252266	2.8794736 	3854223817.4523530	20.7195131	0.0105333 	0.0000000 
-0.0500202	-0.0500865	0.0025053 	0.1051907 	0.0000000 	-62.6161515	187.5855098	0.1446811 	0.0000000 	541.3594943	0.0256886 	0.0041783 	-0.0253266	3.0183592 	0.1125098 	-0.0436409	9.1025893 	0.0201053 	-157.7444937	124.1817607	-0.4259718	-0.0252677	2.2619483 	3854223877.4596848	20.7361822	0.0124675 	0.0000000 
-0.0359454	-0.0710264	0.0025531 	0.2031708 	0.0000000 	-44.4096810	187.4955700	0.1536183 	0.0000000 	540.3039299	0.0254321 	0.0069171 	-0.0203934	3.0091908 	0.1363926 	-0.0470140	9.1773373 	0.0205920 	-162.9482176	124.1863071	-0.4399440	-0.0252838	3.7373181 	3854223937.4643688	20.7528508	0.0092604 	0.0000000 
-0.0777980	-0.0712738	0.0055450 	0.0577993 	0.0000000 	-47.5582032	187.4908274	0.1314709 	0.0000000 	540.4602033	0.0261464 	0.0057120 	-0.0229231	3.0675151 	0.1407253 	-0.0289545	9.2149184 	0.0247677 	-159.7593788	124.2315432	-0.4311779	-0.0251833	3.0870978 	3854223997.4701700	20.7695197	0.0088345 	0.0000000 
-0.0220490	-0.0452889	0.0009986 	0.1366135 	0.0000000 	-35.7454164	187.5048503	0.0921767 	0.0000000 	540.4624731	0.0257578 	0.0043988 	-0.0285484	3.0251707 	0.1541950 	-0.0657985	9.1614586 	0.0232261 	-158.2940348	124.1948409	-0.4273691	-0.0252805	2.3774026 	3854224057.4784489	20.7861894	0.0080024 	0.0000000 
-0.0472258	-0.0784195	0.0037034 	0.0858003 	0.0000000 	-48.5915446	187.5166830	0.0357018 	0.0000000 	540.6964629	0.0265236 	0.0050353 	-0.0294395	2.9956012 	0.1383180 	-0.0308909	9.2188930 	0.0216350 	-158.4603275	124.1959382	-0.4277424	-0.0252460	2.7225439 	3854224117.4861917	20.8028589	0.0101215 	0.0000000 
-0.0843812	-0.0451166	0.0038070 	0.2262822 	0.0000000 	-32.3428768	187.6372658	0.0227809 	0.0000000 	542.6650948	0.0246777 	0.0058887 	-0.0289265	3.0305239 	0.1582461 	-0.0731108	9.1295321 	0.0195000 	-157.4339860	124.1596413	-0.4252045	-0.0252482	3.1955868 	3854224177.4929380	20.8195281	0.0092366 	0.0000000 
-0.0627815	-0.0562890	0.0035339 	0.0426535 	0.0000000 	-38.4396538	187.4158545	0.1679670 	0.0000000 	539.5083062	0.0255116 	0.0064122 	-0.0250414	3.0391553 	0.1527426 	-0.0487382	9.2710280 	0.0211140 	-157.0768865	123.9875984	-0.4247661	-0.0252658	3.4594238 	3854224237.4996872	20.8361969	0.0086351 	0.0000000 
-0.0519667	-0.0504532	0.0026219 	0.1780681 	0.0000000 	-38.1366355	187.4533346	0.1008660 	0.0000000 	540.3501520	0.0260120 	0.0056238 	-0.0239446	3.0149835 	0.1580584 	-0.0806484	9.1856755 	0.0231200 	-156.8401593	124.0364334	-0.4240442	-0.0252735	3.0388461 	3854224297.5045528	20.8528658	0.0060602 	0.0000000 
-0.1142794	-0.0556550	0.0063602 	0.0116514 	0.0000000 	-34.8373513	187.5056066	0.1608920 	0.0000000 	540.5353720	0.0259965 	0.0048032 	-0.0210347	3.0639529 	0.1719371 	-0.0284108	9.1680745 	0.0210474 	-156.5938010	123.9417264	-0.4236517	-0.0252848	2.5962902 	3854224357.5073872	20.8695339	0.0127427 	0.0000000 
-0.0835294	-0.0522159	0.0043616 	0.1457664 	0.0000000 	-38.3842229	187.4607777	0.2461727 	0.0000000 	540.0456726	0.0231906 	0.0052022 	-0.0186820	3.0520257 	0.1611362 	-0.0771338	9.1969256 	0.0241818 	-157.9676281	124.1263819	-0.4268702	-0.0252514	2.8094369 	3854224417.5147119	20.8862031	0.0078507 	0.0000000 
-0.0992180	-0.0530641	0.0052649 	0.0967576 	0.0000000 	-37.9711905	187.6193530	0.0858925 	0.0000000 	542.8496810	0.0220276 	0.0053045 	-0.0297181	2.9879753 	0.1742535 	-0.0912012	9.1223129 	0.0257993 	-157.6139118	124.0359246	-0.4261844	-0.0252110	2.8795608 	3854224477.5195312	20.9028717	0.0105280 	0.0000000 
-0.1015986	-0.0503891	0.0051195 	0.0377732 	0.0000000 	-28.5739480	187.5820385	0.1560809 	0.0000000 	542.5252255	0.0234865 	0.0052142 	-0.0277567	3.0500482 	0.1702737 	-0.0413950	9.1329767 	0.0244141 	-157.8186679	124.0752718	-0.4264560	-0.0252278	2.8288235 	3854224537.5272489	20.9195411	0.0098745 	0.0000000 
-0.0712312	-0.0969805	0.0069080 	-0.0032980	0.0000000 	-40.2071668	187.6307999	0.0632230 	0.0000000 	541.9768496	0.0262406 	0.0044582 	-0.0192635	2.9958720 	0.1597464 	-0.0496843	9.2235667 	0.0217212 	-159.3521700	124.0844620	-0.4306714	-0.0251995	2.4162284 	3854224597.5330071	20.9362100	0.0105643 	0.0000000 
-0.1152859	-0.0509723	0.0058764 	0.0589399 	0.0000000 	-40.9687462	187.6714894	0.0862384 	0.0000000 	543.1619839	0.0248726 	0.0046154 	-0.0198937	3.0545071 	0.1414231 	-0.0486321	9.1323509 	0.0225228 	-158.1225929	124.0963789	-0.4271597	-0.0252892	2.5069099 	3854224657.5401478	20.9528792	0.0080090 	0.0000000 
-0.0658234	-0.0526311	0.0034644 	0.0839585 	0.0000000 	-36.8094272	187.4955154	0.1462031 	0.0000000 	540.2024189	0.0253038 	0.0051730 	-0.0245063	3.0560851 	0.1591579 	-0.0479336	9.1973822 	0.0227836 	-158.1404229	124.1761015	-0.4270494	-0.0252681	2.7944620 	3854224717.5458202	20.9695481	0.0076332 	0.0000000 
-0.0785278	-0.0625908	0.0049151 	0.0938687 	0.0000000 	-21.2281263	187.5539297	0.0327294 	0.0000000 	540.6631722	0.0260732 	0.0037048 	-0.0245571	3.0342082 	0.1874496 	-0.0534553	9.2503911 	0.0189959 	-157.9464641	124.1254804	-0.4267210	-0.0252634	2.0030659 	3854224777.5526972	20.9862172	0.0125467 	0.0000000 
-0.1747798	-0.0507271	0.0088661 	0.0994876 	0.0000000 	-32.4134925	187.9577033	0.0129400 	0.0000000 	547.0148725	0.0258013 	0.0036982 	-0.0252736	3.0636866 	0.1681664 	-0.1006752	9.0347814 	0.0204680 	-162.1132316	124.2277410	-0.4374773	-0.0254308	2.0229639 	3854224837.5584340	21.0028861	0.0104501 	0.0000000 
-0.0896964	-0.0585177	0.0052488 	0.0635678 	0.0000000 	-44.2585602	187.5431720	0.0354624 	0.0000000 	540.7871383	0.0247042 	0.0048829 	-0.0300011	3.0540743 	0.1370232 	-0.0674033	9.1432994 	0.0209926 	-157.6050618	124.2523034	-0.4252981	-0.0252669	2.6406105 	3854224897.5657129	21.0195556	0.0105638 	0.0000000 
-0.0797523	-0.0536229	0.0042766 	0.1133713 	0.0000000 	-29.5399351	187.5193817	0.0425562 	0.0000000 	540.6466069	0.0244451 	0.0071336 	-0.0241702	3.0545736 	0.1717588 	-0.0507674	9.2031102 	0.0195531 	-158.8059241	124.3198650	-0.4283394	-0.0251418	3.8567762 	3854224957.5737710	21.0362250	0.0108725 	0.0000000 
-0.1035890	-0.0480279	0.0049752 	0.1291248 	0.0000000 	-37.3131071	187.4555127	0.0326549 	0.0000000 	539.9215743	0.0250428 	0.0057607 	-0.0299326	3.0144730 	0.1611975 	-0.0664573	9.2000884 	0.0190358 	-156.7415993	124.1297565	-0.4233685	-0.0252806	3.1103247 	3854225017.5798120	21.0528939	0.0084700 	0.0000000 
-0.0754172	-0.0407166	0.0030707 	0.1803586 	0.0000000 	-27.2235743	187.4275347	0.0900411 	0.0000000 	539.5383122	0.0258871 	0.0048103 	-0.0250613	3.0280692 	0.1765072 	-0.0499009	9.1488780 	0.0231516 	-158.6542102	124.3969555	-0.4276754	-0.0251975	2.5953244 	3854225077.5838571	21.0695625	0.0081940 	0.0000000 
-0.1993816	-0.0527725	0.0105219 	0.2214860 	0.0000000 	-34.4852751	187.8186934	0.0507960 	0.0000000 	547.9442325	0.0254099 	0.0033877 	-0.0256539	2.9943384 	0.1670078 	-0.0426859	9.0866599 	0.0261994 	-158.3309990	124.3050387	-0.4270626	-0.0252638	1.8562853 	3854225137.5901728	21.0862314	0.0063346 	0.0000000 
-0.1712822	-0.0451144	0.0077273 	-0.0907790	0.0000000 	-24.2060292	187.8213694	0.0187925 	0.0000000 	546.7791939	0.0248363 	0.0050689 	-0.0235975	3.0394305 	0.1772600 	-0.0571645	9.0869587 	0.0229048 	-159.1865504	124.3796671	-0.4292288	-0.0251804	2.7715761 	3854225197.5969162	21.1029006	0.0074888 	0.0000000 
-0.1696232	-0.0509944	0.0086498 	-0.0564205	0.0000000 	-51.0990527	187.7730514	0.2036365 	0.0000000 	544.7227032	0.0246698 	0.0050339 	-0.0206809	3.0797553 	0.1409246 	-0.0649055	9.1273023 	0.0205560 	-158.1426681	124.3273519	-0.4265835	-0.0252397	2.7420933 	3854225257.6053019	21.1195703	0.0102957 	0.0000000 
-0.1352389	-0.0505592	0.0068376 	0.0674103 	0.0000000 	-40.8535244	187.8866702	0.0167842 	0.0000000 	546.1423633	0.0249831 	0.0052545 	-0.0142131	3.0127130 	0.1530673 	-0.0692424	9.1413488 	0.0250199 	-158.1089992	124.2730517	-0.4266269	-0.0252094	2.8696948 	3854225317.6117029	21.1362392	0.0107181 	0.0000000 
-0.1454057	-0.0462829	0.0067298 	-0.0521759	0.0000000 	-39.7972678	187.7971371	0.0238025 	0.0000000 	545.7164045	0.0250310 	0.0046437 	-0.0277744	3.0377459 	0.1613158 	-0.0379644	9.1086668 	0.0184302 	-159.0907512	124.2828238	-0.4290466	-0.0252618	2.5341676 	3854225377.6174917	21.1529081	0.0086752 	0.0000000 
-0.1148411	-0.0599954	0.0068899 	0.0403069 	0.0000000 	-44.1953681	187.6783414	0.0327463 	0.0000000 	543.2570425	0.0247461 	0.0050100 	-0.0214371	3.0238634 	0.1580360 	-0.0398565	9.1714627 	0.0198713 	-158.5527313	124.3453974	-0.4275295	-0.0252324	2.7217229 	3854225437.6233683	21.1695772	0.0074294 	0.0000000 
-0.1050673	-0.0633330	0.0066542 	0.1735991 	0.0000000 	-28.8571813	187.5905414	0.1506552 	0.0000000 	541.8565874	0.0259358 	0.0039626 	-0.0379858	3.0291434 	0.1750937 	-0.0639771	9.1815825 	0.0248111 	-158.7979393	124.4358088	-0.4279040	-0.0252052	2.1471553 	3854225497.6289000	21.1862458	0.0065055 	0.0000000 
-0.0988909	-0.0639382	0.0063229 	0.1037041 	0.0000000 	-51.1679022	187.6985945	0.0527487 	0.0000000 	543.8024587	0.0257754 	0.0043382 	-0.0276329	3.0514709 	0.1359572 	-0.0534686	9.1316913 	0.0209569 	-165.2046531	124.4122115	-0.4452019	-0.0254907	2.3590993 	3854225557.6346431	21.2029147	0.0120453 	0.0000000 
-0.0988748	-0.0537930	0.0053188 	0.1817704 	0.0000000 	-47.6068951	187.6864753	0.0225793 	0.0000000 	542.9009996	0.0270329 	0.0053400 	-0.0292073	3.0723357 	0.1362363 	-0.0578364	9.1465468 	0.0214810 	-158.7071286	124.4794614	-0.4273910	-0.0251626	2.8990684 	3854225617.6410122	21.2195839	0.0103613 	0.0000000 
-0.1606431	-0.0504996	0.0081124 	0.1936346 	0.0000000 	-54.2640461	187.9162343	0.0123349 	0.0000000 	547.3493025	0.0246281 	0.0054175 	-0.0226621	3.0659082 	0.1226424 	-0.0664705	9.0761342 	0.0192332 	-157.9442570	124.3813061	-0.4257878	-0.0252876	2.9652442 	3854225677.6487060	21.2362533	0.0083996 	0.0000000 
-0.0740655	-0.0584846	0.0043317 	-0.0156858	0.0000000 	-21.4099138	187.6208393	0.0785462 	0.0000000 	541.7079227	0.0278338 	0.0062519 	-0.0304345	3.0474959 	0.2081099 	-0.0552281	9.1536898 	0.0204992 	-158.8823975	124.0273462	-0.4294039	-0.0252954	3.3866794 	3854225737.6561398	21.2529225	0.0086384 	0.0000000 
-0.0803658	-0.0818432	0.0065774 	0.2012262 	0.0000000 	-41.7782238	187.5074136	0.0543226 	0.0000000 	540.7504706	0.0246514 	0.0052540 	-0.0219170	3.0286219 	0.1643882 	-0.0541759	9.1251403 	0.0242539 	-158.2311345	124.3185492	-0.4267478	-0.0251776	2.8411237 	3854225797.6629510	21.2695919	0.0110491 	0.0000000 
-0.0958152	-0.0341828	0.0032752 	0.1609776 	0.0000000 	-27.2061255	187.9094624	0.0154798 	0.0000000 	546.2865798	0.0251529 	0.0044506 	-0.0238540	3.0225362 	0.1906044 	-0.0966433	9.0973744 	0.0189601 	-158.3114536	124.2912786	-0.4271393	-0.0252682	2.4313290 	3854225857.6698952	21.2862611	0.0080488 	0.0000000 
-0.1102160	-0.0626615	0.0069063 	0.0290784 	0.0000000 	-28.2153392	187.9339019	0.0169152 	0.0000000 	545.8115341	0.0247724 	0.0061562 	-0.0298618	3.0269329 	0.1871544 	-0.0117218	9.1442127 	0.0194183 	-158.7353142	124.3271008	-0.4280828	-0.0252118	3.3601207 	3854225917.6747560	21.3029297	0.0091800 	0.0000000 
-0.1030944	-0.0556484	0.0057370 	0.2577237 	0.0000000 	-29.8571447	187.7584155	0.0193014 	0.0000000 	544.1537965	0.0263033 	0.0046482 	-0.0296341	3.0082276 	0.1748648 	-0.0729870	9.1334700 	0.0212583 	-158.2587358	124.3123079	-0.4267970	-0.0251929	2.5293213 	3854225977.6834779	21.3195994	0.0081665 	0.0000000 
-0.0272503	-0.0548510	0.0014947 	0.0612398 	0.0000000 	-50.0140644	187.5306891	0.0327388 	0.0000000 	540.4462684	0.0247562 	0.0056243 	-0.0176007	3.0451655 	0.1462319 	-0.0278670	9.2377879 	0.0217165 	-157.4838349	124.3775982	-0.4246206	-0.0253079	3.0396260 	3854226037.6908851	21.3362686	0.0084148 	0.0000000 
-0.0992506	-0.0514185	0.0051033 	0.0859406 	0.0000000 	-34.7133727	187.8036859	0.0193636 	0.0000000 	543.5988415	0.0278646 	0.0053103 	-0.0207627	3.0693417 	0.1637491 	-0.0589770	9.1582563 	0.0240796 	-158.1594799	124.4639030	-0.4262155	-0.0251797	2.8866645 	3854226097.6977792	21.3529378	0.0107145 	0.0000000 
-0.1168686	-0.0560615	0.0065518 	0.1425970 	0.0000000 	-53.8947824	187.9067607	0.0151443 	0.0000000 	546.2045955	0.0258125 	0.0054139 	-0.0251918	3.0981277 	0.1268578 	-0.0407451	9.1081030 	0.0226582 	-157.4060044	124.4087992	-0.4243536	-0.0252464	2.9571076 	3854226157.7047873	21.3696072	0.0101029 	0.0000000 
-0.1457093	-0.0270835	0.0039463 	0.0415877 	0.0000000 	-31.9226661	187.8645105	0.0166494 	0.0000000 	545.2548456	0.0258384 	0.0038727 	-0.0202519	3.0120627 	0.1843131 	-0.0215362	9.1411655 	0.0236677 	-157.8177955	124.3722674	-0.4253783	-0.0252539	2.1115999 	3854226217.7119150	21.3862764	0.0096296 	0.0000000 
-0.1194308	-0.0671720	0.0080224 	0.1844910 	0.0000000 	-32.0101426	187.8631158	0.0164279 	0.0000000 	545.1290090	0.0249174 	0.0062558 	-0.0274671	3.0134632 	0.1718359 	-0.0446886	9.1166583 	0.0226907 	-159.0453492	124.3516022	-0.4287321	-0.0252625	3.4102404 	3854226277.7189312	21.4029456	0.0078817 	0.0000000 
-0.1149389	-0.0343153	0.0039442 	0.0568177 	0.0000000 	-31.2757584	187.8493538	0.0167182 	0.0000000 	545.1797598	0.0273207 	0.0056925 	-0.0268457	3.0033870 	0.1777379 	-0.0682522	9.1125230 	0.0231984 	-168.9015383	124.4198281	-0.4550741	-0.0251481	3.1034320 	3854226337.7250819	21.4196147	0.0108325 	0.0000000 
-0.0860406	-0.0365087	0.0031412 	0.0707574 	0.0000000 	-37.9693099	187.8842956	0.0164920 	0.0000000 	544.9098681	0.0260511 	0.0060937 	-0.0189495	2.9703020 	0.1614233 	-0.0504226	9.0972476 	0.0234758 	-164.7857506	124.4941383	-0.4438454	-0.0254459	3.3205421 	3854226397.7328410	21.4362842	0.0077727 	0.0000000 
-0.1431548	-0.0610049	0.0087331 	0.0518906 	0.0000000 	-38.3621557	187.9355504	0.0146703 	0.0000000 	546.7574465	0.0245256 	0.0050047 	-0.0277877	3.0855968 	0.1519817 	-0.0063415	9.0632886 	0.0197902 	-158.4757647	124.3805493	-0.4271518	-0.0251827	2.7363541 	3854226457.7395129	21.4529533	0.0092068 	0.0000000 
-0.1357406	-0.0246251	0.0033426 	0.0677843 	0.0000000 	-38.1819110	187.9774856	0.0109655 	0.0000000 	547.8097756	0.0255927 	0.0047784 	-0.0208755	3.0561983 	0.1537449 	0.0038090 	9.0748911 	0.0252345 	-157.9244432	124.3584911	-0.4257539	-0.0252507	2.6176440 	3854226517.7465019	21.4696225	0.0072157 	0.0000000 
-0.1431759	-0.1018930	0.0145886 	-0.0003811	0.0000000 	-37.5386238	187.9126240	0.0140257 	0.0000000 	546.1716771	0.0271581 	0.0061571 	-0.0300741	3.0497087 	0.1578340 	-0.0657101	9.0919424 	0.0213430 	-158.5213886	124.4019646	-0.4272339	-0.0252284	3.3628216 	3854226577.7540407	21.4862919	0.0078830 	0.0000000 
-0.1643871	-0.0424571	0.0069794 	0.0609220 	0.0000000 	-30.4784030	187.8974298	0.0147589 	0.0000000 	546.2153071	0.0246414 	0.0062780 	-0.0226201	3.0613074 	0.1640603 	-0.0598391	9.1113447 	0.0208870 	-165.5492848	124.3617781	-0.4463352	-0.0254768	3.4291316 	3854226637.7610502	21.5029611	0.0078015 	0.0000000 
-0.1432407	-0.0302422	0.0043319 	0.0233006 	0.0000000 	-35.4015720	187.8937339	0.0153611 	0.0000000 	545.5756197	0.0249078 	0.0068945 	-0.0196770	3.0798307 	0.1664784 	-0.0520318	9.0932081 	0.0247594 	-157.7342513	124.4122950	-0.4251449	-0.0252369	3.7614597 	3854226697.7680941	21.5196303	0.0087078 	0.0000000 
-0.0536708	-0.0454767	0.0024408 	0.0635491 	0.0000000 	-30.4121420	187.6516612	0.0257525 	0.0000000 	543.8116711	0.0259614 	0.0054564 	-0.0303660	3.0474582 	0.1646050 	-0.0362535	9.1099719 	0.0215090 	-158.7575292	124.4294705	-0.4277647	-0.0252021	2.9672736 	3854226757.7739372	21.5362992	0.0084206 	0.0000000 
-0.0914252	-0.0751813	0.0068735 	0.1668583 	0.0000000 	-32.6059400	187.5943127	0.0435722 	0.0000000 	541.2261943	0.0260055 	0.0056987 	-0.0265362	3.0058106 	0.1663718 	-0.0529381	9.2537258 	0.0205224 	-159.0425163	124.4643411	-0.4284143	-0.0251890	3.0842821 	3854226817.7810659	21.5529683	0.0083832 	0.0000000 
-0.1107558	-0.0348653	0.0038615 	0.0025359 	0.0000000 	-18.3457209	187.8645480	0.0157805 	0.0000000 	545.4532227	0.0245137 	0.0047921 	-0.0274649	3.0733256 	0.1916233 	-0.0900650	9.1372727 	0.0201827 	-161.1068923	124.4704572	-0.4340491	-0.0252393	2.6138722 	3854226877.7878361	21.5696375	0.0085757 	0.0000000 
-0.1750003	-0.0891015	0.0155928 	-0.0057662	0.0000000 	-30.8761753	187.9863573	0.0103982 	0.0000000 	549.0006135	0.0252297 	0.0045627 	-0.0261116	3.0610477 	0.1626630 	-0.0803080	9.0728418 	0.0272174 	-157.6873993	124.4203012	-0.4249936	-0.0251805	2.5049234 	3854226937.7954578	21.5863069	0.0100398 	0.0000000 
-0.1007224	-0.0712230	0.0071738 	-0.0001660	0.0000000 	-41.7135877	187.9725122	0.0137712 	0.0000000 	546.8660398	0.0254574 	0.0055791 	-0.0186311	3.0942881 	0.1542860 	-0.0713822	9.1026119 	0.0204130 	-157.3125814	124.3712724	-0.4240825	-0.0252238	3.0510284 	3854226997.8020067	21.6029761	0.0093834 	0.0000000 
-0.1795861	-0.0595294	0.0106906 	0.1078459 	0.0000000 	-35.1590461	187.9766237	0.0137985 	0.0000000 	546.8854653	0.0257665 	0.0065101 	-0.0306733	3.0406800 	0.1644715 	-0.0516074	9.0615832 	0.0203924 	-159.0254897	124.4009303	-0.4286689	-0.0251981	3.5602551 	3854227057.8069081	21.6196447	0.0084918 	0.0000000 
-0.1571042	-0.0397425	0.0062437 	0.1116884 	0.0000000 	-32.5562041	187.8160716	0.0164873 	0.0000000 	544.9031648	0.0247568 	0.0052766 	-0.0326855	3.0874789 	0.1662966 	-0.0602856	9.1134532 	0.0187641 	-164.6304011	124.3434806	-0.4439073	-0.0254097	2.8752498 	3854227117.8123293	21.6363136	0.0072000 	0.0000000 
-0.1119788	-0.0768976	0.0086109 	0.0996746 	0.0000000 	-22.5786356	187.7975776	0.0175683 	0.0000000 	544.3584650	0.0263438 	0.0053962 	-0.0235864	3.0843428 	0.1855587 	-0.0648259	9.1457377 	0.0287029 	-158.1700868	124.2911688	-0.4265897	-0.0252222	2.9374693 	3854227177.8207350	21.6529831	0.0124440 	0.0000000 
-0.0012328	-0.0262442	0.0000324 	0.0840520 	0.0000000 	-28.8560813	187.3604475	0.1026444 	0.0000000 	538.8041593	0.0263601 	0.0064015 	-0.0235997	3.0924881 	0.1665850 	-0.0537250	9.1675699 	0.0207391 	-159.7666787	124.3223999	-0.4307493	-0.0252181	3.4491816 	3854227237.8238173	21.6696514	0.0112039 	0.0000000 
-0.1432726	-0.0429343	0.0061513 	0.0301536 	0.0000000 	-29.1960759	187.8159555	0.0175683 	0.0000000 	544.0076970	0.0262148 	0.0042314 	-0.0258684	3.0302953 	0.1714861 	-0.0612538	9.1292304 	0.0216404 	-164.5163897	124.2892614	-0.4436777	-0.0252498	2.3019251 	3854227297.8290472	21.6863200	0.0118675 	0.0000000 
-0.1344100	-0.0289213	0.0038873 	0.0302097 	0.0000000 	-26.6687742	187.8317843	0.0159906 	0.0000000 	545.0368970	0.0253441 	0.0059055 	-0.0232592	3.0442267 	0.1729815 	-0.0735838	9.1169261 	0.0219132 	-158.7300174	124.3956622	-0.4276963	-0.0251129	3.2187263 	3854227357.8312311	21.7029881	0.0107002 	0.0000000 
-0.0891916	-0.0493598	0.0044025 	0.1931484 	0.0000000 	-36.5665505	187.5469189	0.0462148 	0.0000000 	541.0524131	0.0235530 	0.0062315 	-0.0252205	3.0505210 	0.1648947 	-0.0351129	9.2207507 	0.0244615 	-157.7655419	124.3484294	-0.4252379	-0.0251384	3.3715586 	3854227417.8378520	21.7196569	0.0111968 	0.0000000 
-0.0275613	-0.0648682	0.0017879 	0.1402410 	0.0000000 	-30.0276156	187.3671095	0.0812397 	0.0000000 	539.1088495	0.0251134 	0.0063170 	-0.0338376	3.0443243 	0.1757270 	-0.0268546	9.2144900 	0.0208160 	-158.0844538	124.4561183	-0.4258106	-0.0252162	3.4055285 	3854227477.8396230	21.7363247	0.0087007 	0.0000000 
-0.0357833	-0.0301406	0.0010785 	0.2942793 	0.0000000 	-32.4707554	187.4119964	0.0484022 	0.0000000 	539.3506493	0.0258458 	0.0067917 	-0.0280862	3.0615937 	0.1684988 	-0.0470405	9.2581232 	0.0274826 	-158.5511646	124.4187420	-0.4271258	-0.0251640	3.6631241 	3854227537.8464599	21.7529942	0.0090057 	0.0000000 
-0.0646103	-0.0850615	0.0054959 	0.1279094 	0.0000000 	-32.9598856	187.5029750	0.0774482 	0.0000000 	540.6749009	0.0266597 	0.0060264 	-0.0168555	3.0368981 	0.1718538 	-0.0224071	9.2061264 	0.0221453 	-158.7465921	124.5084207	-0.4275339	-0.0251853	3.2583380 	3854227597.8532028	21.7696631	0.0110618 	0.0000000 
-0.1089188	-0.0619635	0.0067490 	0.0652413 	0.0000000 	-29.8170357	187.5012239	0.0284026 	0.0000000 	540.6244360	0.0247995 	0.0072444 	-0.0284621	3.0435542 	0.1728803 	-0.0436497	9.1319394 	0.0211744 	-157.6059792	124.4454412	-0.4245505	-0.0252168	3.9164765 	3854227657.8593678	21.7863322	0.0078719 	0.0000000 
-0.1246581	-0.0654756	0.0081621 	0.1328832 	0.0000000 	-15.0366502	187.7923947	0.0174609 	0.0000000 	545.5594237	0.0256902 	0.0062470 	-0.0182353	3.0870660 	0.1981654 	-0.0467134	9.0759595 	0.0221350 	-159.4199542	124.4810505	-0.4294118	-0.0251347	3.4081006 	3854227717.8690572	21.8030022	0.0107459 	0.0000000 
-0.1681340	-0.0310352	0.0052181 	0.0563408 	0.0000000 	-39.8444453	187.9669565	0.0112379 	0.0000000 	548.0304193	0.0256905 	0.0055446 	-0.0229363	3.0741601 	0.1473032 	-0.0943312	9.0419019 	0.0215362 	-159.5089037	124.5756917	-0.4293536	-0.0251488	3.0385930 	3854227777.8774891	21.8196717	0.0093376 	0.0000000 
-0.0666763	-0.0481891	0.0032131 	0.0630910 	0.0000000 	-33.3564172	187.6429353	0.0227169 	0.0000000 	542.3016071	0.0258852 	0.0067107 	-0.0255455	3.0545714 	0.1659539 	-0.0657676	9.1730018 	0.0234333 	-163.1604223	124.4556055	-0.4395479	-0.0253790	3.6392139 	3854227837.8846230	21.8363411	0.0080830 	0.0000000 
-0.1779562	-0.0551006	0.0098055 	-0.0848422	0.0000000 	-40.9574685	187.7906299	0.0025561 	0.0000000 	557.4443365	0.0260238 	0.0048063 	-0.0263195	3.0293321 	0.1522481 	-0.0392155	8.9014545 	0.0209731 	-159.8195338	124.4862204	-0.4304088	-0.0252538	2.6792352 	3854227897.8908882	21.8530100	0.0092691 	0.0000000 
-0.1764576	-0.0678413	0.0119711 	-0.0005400	0.0000000 	-28.6912942	188.0291722	0.0039453 	0.0000000 	553.4766836	0.0256605 	0.0048129 	-0.0202364	3.0946299 	0.1730581 	-0.0939687	8.9833822 	0.0230466 	-158.7384449	124.4930595	-0.4274134	-0.0251513	2.6638424 	3854227957.8968163	21.8696789	0.0081183 	0.0000000 
-0.1853493	-0.0654182	0.0121252 	-0.1088978	0.0000000 	-26.4017437	188.0230402	0.0093521 	0.0000000 	549.8835766	0.0257740 	0.0042824 	-0.0239048	3.0166703 	0.1785593 	-0.0549850	9.0197005 	0.0227064 	-155.9454796	124.4127460	-0.4202571	-0.0252241	2.3547948 	3854228017.8998690	21.8863472	0.0105221 	0.0000000 
-0.2064364	-0.0126686	0.0026153 	0.0322759 	0.0000000 	-35.6199928	188.0909712	0.0083361 	0.0000000 	551.2213760	0.0237480 	0.0051256 	-0.0262974	3.0179620 	0.1592161 	-0.0841321	9.0538567 	0.0202462 	-159.3653698	124.4574464	-0.4292261	-0.0251503	2.8253414 	3854228077.9065189	21.9030164	0.0070085 	0.0000000 
-0.1761080	-0.0635760	0.0111962 	-0.0034476	0.0000000 	-30.8928790	187.9770525	0.0117336 	0.0000000 	547.2868246	0.0251796 	0.0072528 	-0.0257423	3.0359615 	0.1643129 	-0.0832656	9.1351529 	0.0213110 	-157.5437372	124.5097321	-0.4241811	-0.0252178	3.9693465 	3854228137.9161720	21.9196861	0.0078465 	0.0000000 
-0.1299924	-0.0334760	0.0043516 	0.0670457 	0.0000000 	-17.9712473	187.7765422	0.0281595 	0.0000000 	544.8247022	0.0262073 	0.0060663 	-0.0215764	3.0834129 	0.1875092 	-0.0394940	9.0767459 	0.0211274 	-158.7981158	124.3713589	-0.4279050	-0.0251517	3.3050629 	3854228197.9243641	21.9363558	0.0113868 	0.0000000 
-0.1341623	-0.0545948	0.0073246 	0.0899046 	0.0000000 	-35.8008914	187.7391372	0.0188161 	0.0000000 	544.0051776	0.0256693 	0.0052868 	-0.0167538	3.0409863 	0.1560210 	-0.0653564	9.1278830 	0.0193320 	-157.1841608	124.2835696	-0.4238822	-0.0252359	2.8760529 	3854228257.9320521	21.9530253	0.0101206 	0.0000000 
-0.1973584	-0.0386204	0.0076221 	0.0578087 	0.0000000 	-34.0328502	187.9804127	0.0120588 	0.0000000 	547.5811615	0.0253757 	0.0059680 	-0.0212580	3.0580781 	0.1710077 	-0.0623767	9.1216082 	0.0187383 	-158.5115710	124.3201912	-0.4273125	-0.0252340	3.2679461 	3854228317.9378338	21.9696942	0.0075101 	0.0000000 
-0.1777900	-0.0574508	0.0102142 	0.0843886 	0.0000000 	-35.1862599	188.0355044	0.0113020 	0.0000000 	548.2928979	0.0248557 	0.0041061 	-0.0257976	3.0612430 	0.1680800 	-0.0164300	9.0931489 	0.0278998 	-160.4832467	124.2586020	-0.4327809	-0.0251093	2.2513367 	3854228377.9460521	21.9863636	0.0121117 	0.0000000 
-0.1450292	-0.0632690	0.0091758 	0.1718041 	0.0000000 	-27.1711488	187.8751152	0.0151971 	0.0000000 	546.3742690	0.0268797 	0.0058143 	-0.0267949	3.1090428 	0.1632291 	-0.0851003	9.0861807 	0.0206203 	-157.3073304	124.3376089	-0.4241333	-0.0252586	3.1767763 	3854228437.9538689	22.0030331	0.0078952 	0.0000000 
-0.1326733	-0.0633087	0.0083994 	0.1648482 	0.0000000 	-35.4057708	187.4791331	0.0812218 	0.0000000 	540.1708489	0.0243356 	0.0055964 	-0.0251122	3.0571060 	0.1613135 	-0.0518196	9.1735854 	0.0204377 	-158.8599455	124.3581071	-0.4281852	-0.0252336	3.0230053 	3854228497.9600439	22.0197022	0.0079472 	0.0000000 
-0.1184797	-0.0845954	0.0100228 	0.1033115 	0.0000000 	-35.8707372	187.6326255	0.0229374 	0.0000000 	542.1996310	0.0266798 	0.0052660 	-0.0232835	3.0458424 	0.1652705 	-0.0493748	9.1990510 	0.0202300 	-158.3121825	124.3975558	-0.4266796	-0.0252179	2.8552212 	3854228557.9668121	22.0363714	0.0084215 	0.0000000 
-0.1807208	-0.0713202	0.0128890 	-0.0890213	0.0000000 	-33.8654476	187.9918043	0.0096141 	0.0000000 	548.4953891	0.0262036 	0.0039342 	-0.0153873	3.0652003 	0.1667767 	-0.0526684	9.0865133 	0.0208212 	-162.5735590	124.3516561	-0.4382091	-0.0253298	2.1579153 	3854228617.9746690	22.0530408	0.0094639 	0.0000000 
-0.1379105	-0.0673443	0.0092875 	0.1423913 	0.0000000 	-29.5625765	187.5283976	0.0294082 	0.0000000 	540.8175066	0.0248192 	0.0049241 	-0.0237014	3.0206297 	0.1753615 	-0.1086904	9.2567279 	0.0219413 	-157.5854119	124.3705683	-0.4247236	-0.0252732	2.6630341 	3854228677.9817562	22.0697100	0.0072218 	0.0000000 
-0.2055173	-0.0437096	0.0089831 	0.1060602 	0.0000000 	-35.0944413	187.8224851	0.0174222 	0.0000000 	543.9581403	0.0256091 	0.0056526 	-0.0214946	3.0669913 	0.1611577 	-0.0430661	9.1619237 	0.0182901 	-157.7641282	124.3628488	-0.4253073	-0.0252744	3.0747960 	3854228737.9877262	22.0863789	0.0104766 	0.0000000 
-0.1435775	-0.0707658	0.0101604 	0.0689623 	0.0000000 	-31.0850014	187.5019031	0.0630345 	0.0000000 	540.4598921	0.0235219 	0.0069082 	-0.0306269	3.0529046 	0.1687254 	-0.0630134	9.1599843 	0.0200492 	-159.1371169	124.4086704	-0.4288735	-0.0252534	3.7336096 	3854228797.9948430	22.1030483	0.0086054 	0.0000000 
-0.1392619	-0.1165067	0.0162249 	0.2767775 	0.0000000 	-30.1494950	187.4808462	0.1778937 	0.0000000 	540.1822639	0.0272879 	0.0070663 	-0.0245815	3.0394638 	0.1691267 	-0.0226238	9.2150904 	0.0222829 	-159.2204586	124.3664521	-0.4292061	-0.0251496	3.8170996 	3854228858.0019250	22.1197175	0.0121593 	0.0000000 
-0.1869739	-0.0701407	0.0131145 	0.0769092 	0.0000000 	-40.3212390	187.4699795	0.1672809 	0.0000000 	540.6104721	0.0245149 	0.0059188 	-0.0254969	3.0535838 	0.1433297 	-0.0330483	9.1813795 	0.0226494 	-159.9609573	124.3253218	-0.4313115	-0.0251796	3.1997688 	3854228918.0082083	22.1363864	0.0110664 	0.0000000 
-0.1687320	-0.0639073	0.0107832 	0.1594070 	0.0000000 	-31.2183120	187.6203236	0.0559945 	0.0000000 	541.3464098	0.0261581 	0.0064857 	-0.0208733	3.0504921 	0.1669460 	-0.0641495	9.1951807 	0.0203299 	-158.4346736	124.3707885	-0.4270579	-0.0252770	3.5110091 	3854228978.0138640	22.1530553	0.0064845 	0.0000000 
-0.1692989	-0.0629222	0.0106527 	0.2386325 	0.0000000 	-23.4588303	187.6814155	0.0941106 	0.0000000 	543.2939265	0.0266511 	0.0057611 	-0.0208843	3.0505232 	0.1798084 	-0.0529071	9.1019043 	0.0190249 	-158.7932492	124.3546937	-0.4280578	-0.0252375	3.1299924 	3854229038.0198050	22.1697242	0.0088475 	0.0000000 
-0.2572121	-0.0663459	0.0170650 	0.2314897 	0.0000000 	-34.2472273	187.1618172	0.0002358 	0.0000000 	564.2889828	0.0243564 	0.0057930 	-0.0268347	3.0466924 	0.1690461 	-0.0772399	8.8436254 	0.0221006 	-159.7378945	124.4015244	-0.4304603	-0.0251614	3.2689417 	3854229098.0278997	22.1863939	0.0110632 	0.0000000 
-0.2395084	-0.0656656	0.0157275 	-0.0003904	0.0000000 	-36.6960076	187.9561337	0.0038982 	0.0000000 	554.0034842	0.0260027 	0.0049312 	-0.0177046	3.0660991 	0.1684365 	-0.0454490	8.9640983 	0.0247022 	-159.1889595	124.4248912	-0.4288911	-0.0252445	2.7318888 	3854229158.0327959	22.2030625	0.0096878 	0.0000000 
-0.2549225	-0.0607884	0.0154963 	0.2015814 	0.0000000 	-28.1529174	187.4192146	0.0164374 	0.0000000 	561.0851340	0.0225635 	0.0062306 	-0.0254947	3.0293698 	0.1680737 	-0.0663158	8.9069626 	0.0209977 	-159.8644704	124.4382758	-0.4306060	-0.0251966	3.4958951 	3854229218.0410109	22.2197319	0.0108935 	0.0000000 
-0.2509009	-0.0491610	0.0123345 	-0.0490439	0.0000000 	-24.3007883	186.2966174	-0.0025726	0.0000000 	608.2782545	0.0251036 	0.0051123 	-0.0266511	3.0731480 	0.1866990 	-0.0491759	8.8301992 	0.0205716 	-158.2656605	124.4684242	-0.4262913	-0.0252329	3.1097104 	3854229278.0457311	22.2364006	0.0083402 	0.0000000 
-0.2570568	-0.0519618	0.0133571 	0.0754507 	0.0000000 	-36.0555903	187.7857578	0.1934647 	0.0000000 	549.3127140	0.0256674 	0.0054564 	-0.0196571	3.0056908 	0.1521711 	-0.0359661	9.0718439 	0.0196970 	-159.8134604	124.4927322	-0.4303795	-0.0252255	2.9972897 	3854229338.0525460	22.2530697	0.0079270 	0.0000000 
-0.2745183	-0.0639272	0.0175492 	-0.0967251	0.0000000 	-33.8241257	187.6035731	0.0413640 	0.0000000 	558.4039673	0.0264776 	0.0059976 	-0.0347840	3.0618866 	0.1678932 	-0.0382208	8.9829678 	0.0208235 	-157.1991951	124.4466137	-0.4235472	-0.0252919	3.3491059 	3854229398.0586619	22.2697389	0.0062840 	0.0000000 
-0.3000160	-0.0807145	0.0242156 	-0.0137224	0.0000000 	-30.0077540	186.2635144	0.0042016 	0.0000000 	711.1396809	0.0226107 	0.0054020 	-0.0373644	3.0455961 	0.1848869 	-0.0395736	8.7343830 	0.0141131 	-160.1591390	124.5169526	-0.4313159	-0.0251335	3.8415491 	3854229458.0634308	22.2864075	0.0096534 	0.0000000 
-0.2973422	-0.0631254	0.0187698 	-0.0884697	0.0000000 	-39.4728223	186.2626673	-0.0021363	0.0000000 	697.9476215	0.0241610 	0.0050220 	-0.0280995	3.0639174 	0.1689009 	-0.0515499	8.7794905 	0.0158269 	-159.1921893	124.5569256	-0.4286360	-0.0251605	3.5050701 	3854229518.0699749	22.3030764	0.0101351 	0.0000000 
-0.2480451	-0.0528034	0.0130976 	0.1051533 	0.0000000 	-45.2374450	186.2473616	0.1357920 	0.0000000 	672.9307140	0.0257331 	0.0049981 	-0.0266534	3.0533396 	0.1504943 	-0.0624652	8.7318122 	0.0167712 	-159.5138330	124.5928889	-0.4292627	-0.0251390	3.3633424 	3854229578.0760541	22.3197456	0.0109433 	0.0000000 
-0.2749178	-0.0563067	0.0154797 	-0.0038496	0.0000000 	-34.1698685	186.2831961	0.0309057 	0.0000000 	673.1598361	0.0254798 	0.0048019 	-0.0269364	3.0871637 	0.1807781 	-0.0684290	8.8267376 	0.0186457 	-157.4518951	124.6041863	-0.4237137	-0.0252483	3.2324153 	3854229638.0839300	22.3364150	0.0102570 	0.0000000 
-0.3143502	-0.0609055	0.0191457 	-0.0881612	0.0000000 	-46.6952592	186.2875247	-0.0021957	0.0000000 	746.1617320	0.0223922 	0.0053346 	-0.0284710	3.0432368 	0.1656866 	-0.0519434	8.7659233 	0.0145693 	-157.5915149	124.5470994	-0.4241151	-0.0252586	3.9805065 	3854229698.0903158	22.3530839	0.0084852 	0.0000000 
-0.2977704	-0.0468881	0.0139619 	-0.0677050	0.0000000 	-46.4914106	186.2769599	0.0175824 	0.0000000 	785.1944878	0.0208825 	0.0051730 	-0.0310138	3.0748703 	0.1614855 	-0.0673326	8.7089906 	0.0134314 	-158.3743891	124.4304063	-0.4266800	-0.0252215	4.0618037 	3854229758.0958643	22.3697528	0.0115114 	0.0000000 
-0.3332145	-0.0614930	0.0204904 	-0.0713138	0.0000000 	-52.6857171	186.2853023	0.0595098 	0.0000000 	784.7666925	0.0227453 	0.0047713 	-0.0306954	3.0827581 	0.1524528 	-0.0525269	8.7621686 	0.0136146 	-158.5240040	124.3059870	-0.4274600	-0.0251542	3.7443535 	3854229818.1036139	22.3864222	0.0110185 	0.0000000 
-0.3312461	-0.0546368	0.0180982 	-0.0851040	0.0000000 	-40.5806537	186.2483771	-0.0018875	0.0000000 	784.0016209	0.0224511 	0.0056823 	-0.0219347	3.0081410 	0.1662818 	-0.1068734	8.6749302 	0.0148496 	-158.9486096	124.3483205	-0.4284176	-0.0251845	4.4549377 	3854229878.1095028	22.4030911	0.0123997 	0.0000000 
-0.3268176	-0.0825810	0.0269889 	-0.0779237	0.0000000 	-52.1385663	186.2858855	-0.0027536	0.0000000 	784.2289565	0.0223921 	0.0052394 	-0.0323052	3.0512911 	0.1600837 	-0.0204929	8.7443787 	0.0136258 	-156.5671665	124.3483730	-0.4219853	-0.0253278	4.1089073 	3854229938.1136389	22.4197597	0.0093166 	0.0000000 
-0.3377130	-0.0471156	0.0159116 	-0.0089356	0.0000000 	-46.8134621	186.2864853	0.0100721 	0.0000000 	778.1835121	0.0226360 	0.0043098 	-0.0250502	3.0690066 	0.1697223 	-0.0921826	8.8151577 	0.0150140 	-158.4004234	124.4456857	-0.4267239	-0.0251958	3.3538234 	3854229998.1217289	22.4364292	0.0096438 	0.0000000 
-0.3147123	-0.0592223	0.0186380 	0.0701871 	0.0000000 	-42.5465877	186.2750766	0.0205398 	0.0000000 	784.5867719	0.0220935 	0.0047549 	-0.0250149	3.0509049 	0.1721391 	-0.0670408	8.7250271 	0.0143650 	-158.5416165	124.3933230	-0.4271567	-0.0252041	3.7306383 	3854230058.1278071	22.4530981	0.0095835 	0.0000000 
-0.3272185	-0.0647445	0.0211856 	0.1265163 	0.0000000 	-53.7830190	186.2615440	0.0034062 	0.0000000 	785.0497995	0.0212609 	0.0056473 	-0.0259347	3.0701385 	0.1593577 	-0.0510547	8.7776442 	0.0138797 	-158.7219247	124.3756864	-0.4277901	-0.0252186	4.4334266 	3854230118.1314640	22.4697664	0.0122264 	0.0000000 
-0.3495283	-0.0541574	0.0189296 	-0.0168077	0.0000000 	-49.8132779	186.2861024	0.0568219 	0.0000000 	783.8459972	0.0219749 	0.0059374 	-0.0335545	3.0048318 	0.1588870 	-0.0488001	8.8034650 	0.0138461 	-158.7081103	124.4477957	-0.4274699	-0.0252515	4.6540132 	3854230178.1401682	22.4864361	0.0087185 	0.0000000 
-0.3515830	-0.0581864	0.0204573 	-0.0985949	0.0000000 	-48.4042240	186.2784505	0.0436900 	0.0000000 	783.5102260	0.0210760 	0.0050025 	-0.0246920	3.0709375 	0.1667077 	-0.0400245	8.7158827 	0.0143309 	-161.3140432	124.4937054	-0.4344415	-0.0252420	3.9194945 	3854230238.1452179	22.5031047	0.0078479 	0.0000000 
-0.3489077	-0.0743707	0.0259485 	-0.0988380	0.0000000 	-52.8172690	186.3053027	-0.0024039	0.0000000 	784.7969234	0.0217039 	0.0038616 	-0.0283184	3.0349162 	0.1604496 	-0.0236362	8.7482377 	0.0147934 	-159.0675570	124.4355675	-0.4285746	-0.0252517	3.0305814 	3854230298.1541171	22.5197744	0.0071349 	0.0000000 
-0.3627123	-0.0609629	0.0221120 	-0.0685184	0.0000000 	-52.3536267	186.2883119	-0.0029487	0.0000000 	784.0773312	0.0229492 	0.0052284 	-0.0241149	3.0612053 	0.1504920 	-0.0324692	8.7764602 	0.0152490 	-158.9035495	124.2889426	-0.4286259	-0.0252011	4.0994315 	3854230358.1592150	22.5364433	0.0107414 	0.0000000 
-0.3350175	-0.0622794	0.0208647 	-0.1091409	0.0000000 	-45.0569477	186.2550893	-0.0026066	0.0000000 	783.9015169	0.0211750 	0.0034196 	-0.0274604	3.0736563 	0.1699525 	-0.0623944	8.7385098 	0.0160655 	-156.9132672	124.4904851	-0.4226933	-0.0251551	2.6806409 	3854230418.1666551	22.5531125	0.0123013 	0.0000000 
-0.3080929	-0.0569671	0.0175512 	-0.0757267	0.0000000 	-47.6099140	186.2590645	0.0178642 	0.0000000 	774.8263701	0.0228432 	0.0058608 	-0.0288358	3.0573257 	0.1674601 	-0.0758164	8.7193274 	0.0150384 	-159.0874132	124.4905039	-0.4284981	-0.0252533	4.5410937 	3854230478.1741991	22.5697819	0.0053078 	0.0000000 
-0.3039761	-0.0651686	0.0198097 	0.0414662 	0.0000000 	-46.8161426	186.2609779	0.0519721 	0.0000000 	769.2149371	0.0231961 	0.0042930 	-0.0227108	3.0359038 	0.1659951 	-0.0811745	8.7250271 	0.0142948 	-161.3087795	124.5526633	-0.4342786	-0.0251355	3.3022250 	3854230538.1814351	22.5864514	0.0076393 	0.0000000 
-0.3268087	-0.0605189	0.0197781 	0.0574534 	0.0000000 	-44.1903439	186.2656115	0.0337651 	0.0000000 	762.5288012	0.0239471 	0.0051562 	-0.0193763	3.0351093 	0.1733008 	-0.0707102	8.8078906 	0.0150828 	-160.4401453	124.5299889	-0.4319467	-0.0251399	3.9317213 	3854230598.1885529	22.6031206	0.0098062 	0.0000000 
-0.3443677	-0.0613053	0.0211116 	-0.1119083	0.0000000 	-50.8012125	186.2435880	0.0601290 	0.0000000 	759.7791022	0.0220245 	0.0051810 	-0.0347043	3.0437606 	0.1527950 	-0.0524518	8.7623772 	0.0148270 	-159.0735794	124.4606226	-0.4285133	-0.0252074	3.9363870 	3854230658.1926260	22.6197889	0.0085223 	0.0000000 
-0.3144510	-0.0525781	0.0165332 	-0.0742121	0.0000000 	-42.8342645	186.2754088	0.0397091 	0.0000000 	761.7027882	0.0227602 	0.0050999 	-0.0301692	3.0675950 	0.1699418 	-0.0583493	8.7760797 	0.0137929 	-159.4562474	124.5111868	-0.4292710	-0.0251994	3.8846193 	3854230718.1974783	22.6364575	0.0092708 	0.0000000 
-0.3342437	-0.0606846	0.0202834 	-0.1114221	0.0000000 	-51.2268842	186.2494305	0.0135639 	0.0000000 	756.6752577	0.0236321 	0.0051088 	-0.0279978	3.0293254 	0.1669110 	-0.0173319	8.6985326 	0.0159969 	-159.0624927	124.5381355	-0.4281296	-0.0252308	3.8656817 	3854230778.2025099	22.6531264	0.0095308 	0.0000000 
-0.3223797	-0.0503759	0.0162402 	0.0442616 	0.0000000 	-44.0622196	186.2939832	0.0151698 	0.0000000 	747.4992346	0.0220272 	0.0045184 	-0.0226909	3.0696236 	0.1649489 	-0.0612317	8.7652609 	0.0150242 	-160.5818765	124.6073678	-0.4321014	-0.0251802	3.3775070 	3854230838.2102528	22.6697958	0.0114595 	0.0000000 
-0.3105876	-0.0577976	0.0179512 	-0.0068040	0.0000000 	-45.4424316	186.2541386	-0.0015190	0.0000000 	754.3327940	0.0221991 	0.0038700 	-0.0338265	2.9918238 	0.1642301 	-0.0574297	8.7132471 	0.0145587 	-159.3272591	124.5888411	-0.4287012	-0.0251792	2.9192883 	3854230898.2142868	22.6864642	0.0075526 	0.0000000 
-0.3399728	-0.0588490	0.0200071 	-0.1002778	0.0000000 	-48.5566410	186.2448890	-0.0014917	0.0000000 	749.1197972	0.0232033 	0.0031433 	-0.0284864	3.0411505 	0.1658975 	-0.0610460	8.7010301 	0.0149040 	-159.6090179	124.5848716	-0.4296356	-0.0251494	2.3546746 	3854230958.2193351	22.7031328	0.0085235 	0.0000000 
-0.3558138	-0.0489445	0.0174151 	-0.1189483	0.0000000 	-52.1333036	186.2934057	0.0422386 	0.0000000 	756.3232199	0.0222041 	0.0041862 	-0.0237235	3.0636467 	0.1699808 	-0.0607631	8.7994707 	0.0147241 	-159.1299526	124.6429206	-0.4280975	-0.0252188	3.1661550 	3854231018.2233467	22.7198011	0.0072073 	0.0000000 
-0.3272020	-0.0566336	0.0185306 	-0.0756519	0.0000000 	-56.7137284	186.2405418	0.0435345 	0.0000000 	767.2542464	0.0230522 	0.0048430 	-0.0281857	3.0231510 	0.1563386 	-0.0648259	8.7078687 	0.0153568 	-157.8313761	124.5885435	-0.4247397	-0.0251942	3.7158448 	3854231078.2306271	22.7364706	0.0125179 	0.0000000 
-0.2879101	-0.0619569	0.0178380 	-0.0114599	0.0000000 	-49.5994256	186.2588741	-0.0011486	0.0000000 	775.7202144	0.0218126 	0.0033098 	-0.0383374	3.0647675 	0.1766456 	-0.0136979	8.7170300 	0.0155009 	-158.2471887	124.6369537	-0.4257136	-0.0252766	2.5674627 	3854231138.2382669	22.7531400	0.0087016 	0.0000000 
-0.3514069	-0.0613649	0.0215641 	-0.1379833	0.0000000 	-45.0340001	186.2528245	0.0001576 	0.0000000 	785.1763615	0.0211059 	0.0044475 	-0.0335965	3.0523742 	0.1795984 	-0.0478584	8.7213260 	0.0129393 	-157.5964493	124.6507348	-0.4239184	-0.0252321	3.4921090 	3854231198.2435122	22.7698086	0.0082328 	0.0000000 
-0.3319679	-0.0691335	0.0229501 	-0.0295694	0.0000000 	-53.6761207	186.2572135	-0.0026000	0.0000000 	785.1913139	0.0202131 	0.0052461 	-0.0195974	3.0611121 	0.1679197 	-0.0171728	8.7123479 	0.0128656 	-158.0571975	124.7242556	-0.4248785	-0.0252637	4.1191657 	3854231258.2485390	22.7864775	0.0089595 	0.0000000 
-0.2954969	-0.0556197	0.0164355 	0.0774608 	0.0000000 	-49.5970493	186.2633386	0.0433460 	0.0000000 	785.2460400	0.0227765 	0.0046894 	-0.0298353	3.0759534 	0.1681978 	-0.0498257	8.7196798 	0.0138701 	-157.2977102	124.8018769	-0.4226091	-0.0252341	3.6823027 	3854231318.2559023	22.8031467	0.0103265 	0.0000000 
-0.3288052	-0.0419889	0.0138062 	0.0485436 	0.0000000 	-25.7517874	186.2653871	-0.0026584	0.0000000 	785.2389482	0.0201283 	0.0047230 	-0.0273145	3.0891146 	0.1953532 	-0.0583537	8.7124043 	0.0141249 	-158.0183673	124.7948085	-0.4244904	-0.0252260	3.7086999 	3854231378.2633343	22.8198161	0.0087016 	0.0000000 
-0.3618344	-0.0597215	0.0216093 	-0.0014656	0.0000000 	-55.0736986	186.2863883	0.0020284 	0.0000000 	785.0992192	0.0205480 	0.0037460 	-0.0271310	3.0363277 	0.1633514 	-0.0500114	8.7914425 	0.0150090 	-157.9352278	124.8054824	-0.4243810	-0.0252393	2.9409971 	3854231438.2711773	22.8364856	0.0094825 	0.0000000 
-0.3201213	-0.0378208	0.0121072 	-0.1294849	0.0000000 	-60.8173347	186.2853560	0.0046804 	0.0000000 	785.2303554	0.0227465 	0.0037332 	-0.0258286	3.0518704 	0.1497553 	-0.0953966	8.7334838 	0.0148266 	-156.9941636	124.7538819	-0.4217873	-0.0252529	2.9314031 	3854231498.2790213	22.8531550	0.0098430 	0.0000000 
-0.3036110	-0.0789916	0.0239827 	0.1111368 	0.0000000 	-40.2602768	186.2966604	-0.0027800	0.0000000 	785.2076052	0.0229331 	0.0046978 	-0.0278983	3.0723490 	0.1787049 	-0.0690965	8.7622052 	0.0145743 	-159.7851163	124.7708359	-0.4292442	-0.0252529	3.6887298 	3854231558.2846780	22.8698239	0.0089444 	0.0000000 
-0.3007773	-0.0632712	0.0190305 	0.0794896 	0.0000000 	-76.7662745	186.2886753	0.0032959 	0.0000000 	785.2064894	0.0225846 	0.0047049 	-0.0303240	3.0527826 	0.1311905 	-0.0368238	8.7460616 	0.0152822 	-159.8286013	124.7755251	-0.4293547	-0.0251678	3.6942886 	3854231618.2941999	22.8864939	0.0099686 	0.0000000 
-0.3091679	-0.0578639	0.0178897 	0.0723187 	0.0000000 	-43.1257946	186.2532116	-0.0021278	0.0000000 	785.1909419	0.0226530 	0.0032854 	-0.0256738	3.0822588 	0.1706118 	-0.0768641	8.7078433 	0.0146123 	-160.5701429	124.8729194	-0.4310952	-0.0251534	2.5796825 	3854231678.3005490	22.9031628	0.0088307 	0.0000000 
-0.3196783	-0.0571041	0.0182549 	0.0339400 	0.0000000 	-54.6841691	186.2684667	-0.0028167	0.0000000 	785.2589839	0.0217775 	0.0050760 	-0.0280243	3.0857854 	0.1557917 	-0.0422394	8.7337008 	0.0154960 	-162.2918870	124.8902354	-0.4356260	-0.0250424	3.9859739 	3854231738.3074760	22.9198319	0.0082993 	0.0000000 
-0.3154008	-0.0847191	0.0267205 	-0.1063922	0.0000000 	-48.7692566	186.2845381	-0.0027517	0.0000000 	785.1500523	0.0222516 	0.0061278 	-0.0319580	3.0725488 	0.1601146 	-0.0339148	8.7494696 	0.0151095 	-158.5246641	124.9001455	-0.4254644	-0.0251987	4.8112799 	3854231798.3136620	22.9365011	0.0095190 	0.0000000 
-0.3241913	-0.0610446	0.0197901 	0.0218889 	0.0000000 	-43.7982794	186.2961526	-0.0030580	0.0000000 	785.1903220	0.0221438 	0.0048723 	-0.0227926	3.0419207 	0.1737783 	-0.0578188	8.7735850 	0.0146977 	-159.6725602	124.8435655	-0.4287150	-0.0251948	3.8256613 	3854231858.3224440	22.9531708	0.0105977 	0.0000000 
-0.3561487	-0.0525384	0.0187115 	-0.0075052	0.0000000 	-32.4501547	186.2868270	-0.0031588	0.0000000 	785.2172511	0.0211213 	0.0050556 	-0.0249507	3.0425310 	0.1885903 	-0.0278360	8.7793045 	0.0155383 	-158.3510552	124.8510243	-0.4252514	-0.0252197	3.9697651 	3854231918.3293152	22.9698400	0.0104551 	0.0000000 
-0.3593864	-0.0657760	0.0236390 	-0.0653771	0.0000000 	-46.2321350	186.2932288	0.0026381 	0.0000000 	785.1271898	0.0212916 	0.0045286 	-0.0266710	3.0735164 	0.1698643 	-0.0482077	8.7485083 	0.0140195 	-158.1817659	124.7630052	-0.4250535	-0.0251204	3.5555230 	3854231978.3357267	22.9865089	0.0118875 	0.0000000 
-0.3268973	-0.0563597	0.0184238 	-0.0052614	0.0000000 	-42.0212380	186.2647868	0.0036833 	0.0000000 	785.2682082	0.0228543 	0.0043802 	-0.0296739	3.0701917 	0.1781294 	-0.0526728	8.7231723 	0.0144580 	-158.2290575	124.8080005	-0.4250277	-0.0251297	3.4396545 	3854232038.3428769	23.0031783	0.0117722 	0.0000000 
-0.3039600	-0.0584956	0.0177803 	0.1046765 	0.0000000 	-41.9530917	186.2721647	-0.0020194	0.0000000 	785.2877480	0.0221182 	0.0053280 	-0.0206942	3.0161376 	0.1792123 	-0.0607896	8.7132274 	0.0132962 	-158.9866239	124.8039423	-0.4269757	-0.0251716	4.1840130 	3854232098.3490181	23.0198472	0.0096086 	0.0000000 
-0.3255308	-0.0429475	0.0139807 	0.1047700 	0.0000000 	-40.1065013	186.2829783	-0.0025444	0.0000000 	785.2085227	0.0216619 	0.0055034 	-0.0197234	3.0647142 	0.1742526 	-0.0452854	8.7492807 	0.0137517 	-158.2951083	124.8294462	-0.4251936	-0.0252152	4.3213022 	3854232158.3561702	23.0365167	0.0095089 	0.0000000 
-0.3329506	-0.0550432	0.0183267 	-0.0169479	0.0000000 	-53.0968134	186.2689566	-0.0027281	0.0000000 	785.2454449	0.0223437 	0.0051119 	-0.0214968	3.0290302 	0.1602230 	-0.0386717	8.7489622 	0.0138866 	-158.7589871	124.8413369	-0.4264630	-0.0251893	4.0140747 	3854232218.3618851	23.0531853	0.0098277 	0.0000000 
-0.3261902	-0.0539167	0.0175871 	-0.1214071	0.0000000 	-45.5502890	186.2892061	0.0142047 	0.0000000 	785.1652278	0.0223760 	0.0037314 	-0.0252581	3.0471563 	0.1745553 	-0.0499407	8.7408072 	0.0132905 	-158.4926752	124.9377552	-0.4254057	-0.0251629	2.9297690 	3854232278.3675070	23.0698542	0.0073500 	0.0000000 
-0.3115664	-0.0394332	0.0122861 	0.0116701 	0.0000000 	-41.2105926	186.3118726	-0.0011232	0.0000000 	785.1806265	0.0226542 	0.0041867 	-0.0310780	3.0986581 	0.1729654 	-0.0629868	8.7625350 	0.0138793 	-158.1354434	125.0109529	-0.4241721	-0.0252340	3.2873069 	3854232338.3762999	23.0865239	0.0066247 	0.0000000 
-0.3650442	-0.0689700	0.0251771 	-0.2033346	0.0000000 	-43.7030122	186.2757732	0.0133150 	0.0000000 	785.2643151	0.0227610 	0.0041942 	-0.0267573	3.0525917 	0.1654532 	-0.0487603	8.7261209 	0.0147289 	-158.3155965	124.8620158	-0.4250319	-0.0252630	3.2935696 	3854232398.3843942	23.1031936	0.0070853 	0.0000000 
-0.2941078	-0.0882953	0.0259683 	-0.1233798	0.0000000 	-42.8972766	186.2705762	0.0200394 	0.0000000 	785.1157089	0.0201381 	0.0052669 	-0.0212005	3.0736962 	0.1714690 	-0.0512670	8.7633130 	0.0149700 	-156.3602413	124.8981947	-0.4196534	-0.0252324	4.1351117 	3854232458.3916330	23.1198628	0.0092578 	0.0000000 
-0.3698547	-0.0473122	0.0174986 	-0.0245676	0.0000000 	-68.1149536	186.2421436	-0.0000026	0.0000000 	785.2179702	0.0221422 	0.0040782 	-0.0302355	3.0913096 	0.1446558 	-0.0665236	8.6801367 	0.0138410 	-157.7550995	124.7621401	-0.4238439	-0.0252220	3.2022620 	3854232518.3957081	23.1365311	0.0096540 	0.0000000 
-0.3059822	-0.0559797	0.0171288 	0.0757218 	0.0000000 	-14.5778403	186.2840240	0.0025561 	0.0000000 	785.1653766	0.0231188 	0.0045251 	-0.0338044	3.0177023 	0.1992940 	-0.0485392	8.7750001 	0.0141797 	-158.1786238	124.9610525	-0.4242679	-0.0251771	3.5529140 	3854232578.3983278	23.1531992	0.0112453 	0.0000000 
-0.3172854	-0.0618663	0.0196293 	-0.0895168	0.0000000 	-46.4708032	186.2797361	-0.0022729	0.0000000 	785.2023236	0.0216657 	0.0045946 	-0.0191662	3.0613029 	0.1701236 	-0.0362712	8.7238348 	0.0144150 	-168.3672520	124.9304726	-0.4517024	-0.0250099	3.6076785 	3854232638.4052629	23.1698683	0.0106071 	0.0000000 
-0.3497378	-0.0672648	0.0235250 	-0.0562522	0.0000000 	-56.7137662	186.2459677	-0.0021928	0.0000000 	785.2579176	0.0217134 	0.0046832 	-0.0178793	3.0204810 	0.1521004 	-0.0594501	8.7192908 	0.0138637 	-158.5747379	124.9703475	-0.4252917	-0.0251848	3.6774895 	3854232698.4109521	23.1865372	0.0110567 	0.0000000 
-0.3554649	-0.0450084	0.0159989 	-0.0521946	0.0000000 	-66.6973357	186.2938983	-0.0026367	0.0000000 	785.1620290	0.0222668 	0.0046026 	-0.0256185	3.0928965 	0.1297121 	-0.0568020	8.7582616 	0.0134867 	-159.7850406	125.0055597	-0.4285081	-0.0251664	3.6137526 	3854232758.4188518	23.2032067	0.0103560 	0.0000000 
-0.3616785	-0.0582924	0.0210831 	-0.1094027	0.0000000 	-66.0715130	186.2750372	-0.0027272	0.0000000 	785.1449337	0.0218492 	0.0049112 	-0.0296672	3.0358750 	0.1548274 	-0.0686810	8.7816272 	0.0139569 	-160.8526678	124.9856831	-0.4314933	-0.0251516	3.8560402 	3854232818.4272180	23.2198764	0.0073902 	0.0000000 
-0.2905147	-0.0646782	0.0187900 	0.0340055 	0.0000000 	-25.5559612	186.2605546	-0.0016632	0.0000000 	785.2866321	0.0206668 	0.0057288 	-0.0177289	3.0473272 	0.1974170 	-0.0445604	8.6873022 	0.0140205 	-159.5843928	125.0263218	-0.4279746	-0.0252172	4.4987575 	3854232878.4335051	23.2365456	0.0078045 	0.0000000 
-0.3111542	-0.0577733	0.0179764 	0.0153070 	0.0000000 	-56.5669381	186.2719917	0.0165844 	0.0000000 	785.2917676	0.0206286 	0.0055419 	-0.0317723	3.0726997 	0.1353163 	-0.0858298	8.6927624 	0.0128071 	-157.4995664	125.0625650	-0.4222142	-0.0251024	4.3520184 	3854232938.4413652	23.2532150	0.0108986 	0.0000000 
-0.3352623	-0.0919531	0.0308284 	-0.1007079	0.0000000 	-66.5259662	186.2491052	0.0548513 	0.0000000 	785.2573969	0.0219675 	0.0050415 	-0.0262222	3.0781906 	0.1371696 	-0.0502811	8.6901916 	0.0139063 	-158.5112315	125.0020876	-0.4253168	-0.0251978	3.9588392 	3854232998.4507942	23.2698847	0.0069531 	0.0000000 
-0.3468683	-0.0602495	0.0208986 	-0.0851133	0.0000000 	-43.8285390	186.3083057	0.0211995 	0.0000000 	785.2605709	0.0225395 	0.0053896 	-0.0270005	3.0526117 	0.1594271 	-0.0668375	8.7661996 	0.0140357 	-158.5923831	125.0241401	-0.4253337	-0.0251831	4.2322095 	3854233058.4579372	23.2865542	0.0088300 	0.0000000 
-0.2970179	-0.0540271	0.0160470 	0.0051724 	0.0000000 	-56.3563031	186.2680930	0.0046144 	0.0000000 	785.2100105	0.0205595 	0.0041539 	-0.0252161	3.1094645 	0.1606596 	-0.0293038	8.7486972 	0.0154231 	-159.0221723	124.9759685	-0.4265231	-0.0251370	3.2616960 	3854233118.4657030	23.3032233	0.0112161 	0.0000000 
-0.3752209	-0.0662575	0.0248612 	-0.1387032	0.0000000 	-27.8195618	186.3147370	-0.0033143	0.0000000 	785.1857346	0.0217673 	0.0048581 	-0.0184410	3.0243539 	0.1954360 	-0.0919793	8.7798175 	0.0147703 	-157.8474488	125.0364208	-0.4231733	-0.0251894	3.8145111 	3854233178.4738841	23.3198931	0.0077104 	0.0000000 
-0.3099191	-0.0600175	0.0186006 	-0.0440421	0.0000000 	-58.2145651	186.2594473	-0.0014417	0.0000000 	785.2444778	0.0221931 	0.0039816 	-0.0308392	3.1036496 	0.1477054 	-0.0619037	8.6883424 	0.0142419 	-157.8151621	124.9409385	-0.4234303	-0.0251696	3.1265559 	3854233238.4819941	23.3365625	0.0111317 	0.0000000 
-0.3688465	-0.0676999	0.0249709 	-0.1220896	0.0000000 	-52.1407828	186.3078648	-0.0035236	0.0000000 	785.1972650	0.0213787 	0.0048497 	-0.0252515	3.0677348 	0.1629716 	-0.0504093	8.7979400 	0.0131401 	-158.4936593	124.9958896	-0.4251187	-0.0252137	3.8079598 	3854233298.4901810	23.3532322	0.0114776 	0.0000000 
-0.3219335	-0.0303173	0.0097602 	0.0226742 	0.0000000 	-33.7311398	186.3094105	-0.0025651	0.0000000 	785.2457425	0.0219931 	0.0057014 	-0.0240928	3.0678902 	0.1768260 	-0.0565279	8.7731199 	0.0150968 	-163.7649967	125.0030095	-0.4392726	-0.0250809	4.4769614 	3854233358.4971409	23.3699014	0.0097694 	0.0000000 
-0.3309761	-0.0571814	0.0189257 	0.1260489 	0.0000000 	-55.9884967	186.2592995	-0.0026499	0.0000000 	785.2183670	0.0214952 	0.0037815 	-0.0341493	3.0458202 	0.1650739 	-0.0757279	8.7318375 	0.0143553 	-157.8933752	125.0332472	-0.4233702	-0.0251990	2.9692642 	3854233418.5045710	23.3865706	0.0066029 	0.0000000 
-0.3272046	-0.0682212	0.0223223 	0.0363989 	0.0000000 	-34.3254947	186.2493627	-0.0028299	0.0000000 	785.2401880	0.0221506 	0.0061239 	-0.0217047	3.0762774 	0.1815869 	-0.0550336	8.7297516 	0.0151502 	-157.4910537	125.0460783	-0.4222064	-0.0252377	4.8087023 	3854233478.5126762	23.4032403	0.0088027 	0.0000000 
-0.3334710	-0.0368776	0.0122976 	-0.0280829	0.0000000 	-53.0083391	186.3007945	-0.0028375	0.0000000 	785.1522592	0.0212456 	0.0047173 	-0.0317170	3.0350937 	0.1601988 	-0.0419167	8.7422955 	0.0147493 	-157.3495102	125.1683988	-0.4215982	-0.0252344	3.7037700 	3854233538.5176630	23.4199089	0.0094042 	0.0000000 
-0.2936564	-0.0428106	0.0125716 	0.1304897 	0.0000000 	-44.2381749	186.2981029	-0.0025519	0.0000000 	785.2564298	0.0228300 	0.0052877 	-0.0240906	3.0275943 	0.1705849 	-0.0660771	8.7921360 	0.0133122 	-158.3913841	125.1379330	-0.4244928	-0.0252089	4.1521984 	3854233598.5260000	23.4365786	0.0099421 	0.0000000 
-0.3484384	-0.0668031	0.0232768 	0.0171768 	0.0000000 	-80.4650790	186.2686368	-0.0023662	0.0000000 	785.2412543	0.0222660 	0.0030954 	-0.0286832	3.0222898 	0.1328387 	-0.0294320	8.7282153 	0.0150004 	-158.8349431	125.1737154	-0.4254194	-0.0251716	2.4306543 	3854233658.5340853	23.4532481	0.0073972 	0.0000000 
-0.3106123	-0.0690628	0.0214517 	-0.0019517	0.0000000 	-61.3673002	186.3024955	-0.0026801	0.0000000 	785.1357694	0.0220728 	0.0039537 	-0.0288402	2.9943228 	0.1577122 	-0.0469123	8.7856808 	0.0144602 	-158.7784825	125.1326171	-0.4255317	-0.0252063	3.1042164 	3854233718.5386529	23.4699167	0.0069432 	0.0000000 
-0.3133970	-0.0511733	0.0160376 	0.0356603 	0.0000000 	-33.5150306	186.2694677	-0.0021353	0.0000000 	785.2019020	0.0210291 	0.0043873 	-0.0265760	3.0782017 	0.2016041 	-0.0519831	8.7164409 	0.0143069 	-159.6496516	125.1642722	-0.4276848	-0.0251492	3.4449281 	3854233778.5464659	23.4865861	0.0094906 	0.0000000 
-0.3468608	-0.0343860	0.0119272 	-0.1292324	0.0000000 	-69.6997928	186.2223422	-0.0026688	0.0000000 	785.2285584	0.0239896 	0.0046513 	-0.0211010	3.0177600 	0.1455565 	-0.0895168	8.6934558 	0.0143159 	-159.5842486	125.1793614	-0.4276053	-0.0252008	3.6523129 	3854233838.5530882	23.5032550	0.0078398 	0.0000000 
-0.3127918	-0.0716030	0.0223968 	-0.0123107	0.0000000 	-45.2657143	186.3017244	-0.0026886	0.0000000 	785.2849200	0.0218557 	0.0041025 	-0.0266401	3.0830178 	0.1711421 	-0.0557984	8.7408579 	0.0147844 	-159.9819835	125.1884591	-0.4286234	-0.0250772	3.2216635 	3854233898.5613422	23.5199247	0.0110453 	0.0000000 
-0.2839400	-0.0578263	0.0164192 	-0.0054858	0.0000000 	-48.8517746	186.2632470	-0.0021740	0.0000000 	785.2289799	0.0219050 	0.0050144 	-0.0193851	3.0844560 	0.1717203 	-0.0984736	8.7262787 	0.0146216 	-158.7249657	125.1412791	-0.4252777	-0.0251158	3.9374822 	3854233958.5666051	23.5365933	0.0085453 	0.0000000 
-0.3330001	-0.0686829	0.0228714 	-0.1329534	0.0000000 	-24.3746979	186.2811880	-0.0019535	0.0000000 	785.2612900	0.0225271 	0.0045848 	-0.0189938	3.0759711 	0.2031153 	-0.0603122	8.7242266 	0.0139407 	-157.7166805	125.1488335	-0.4224861	-0.0252472	3.6002983 	3854234018.5746832	23.5532631	0.0092665 	0.0000000 
-0.3152465	-0.0856336	0.0269957 	-0.0658165	0.0000000 	-49.6464304	186.2461823	0.0054174 	0.0000000 	785.0050415	0.0204571 	0.0043940 	-0.0297137	3.0868929 	0.1598503 	-0.0573723	8.7174641 	0.0141672 	-159.0177991	125.1598232	-0.4258667	-0.0251583	3.4492794 	3854234078.5810518	23.5699319	0.0074052 	0.0000000 
-0.3555889	-0.0392477	0.0139560 	-0.1652270	0.0000000 	-68.1938698	186.3106311	0.0269512 	0.0000000 	784.1103294	0.0225080 	0.0050291 	-0.0134989	3.0265223 	0.1361521 	-0.0535658	8.7388819 	0.0140117 	-158.3365063	125.2411117	-0.4238763	-0.0251375	3.9433327 	3854234138.5881357	23.5866014	0.0104585 	0.0000000 
-0.3346277	-0.0933447	0.0312357 	-0.0996234	0.0000000 	-66.8413680	186.2866964	-0.0024972	0.0000000 	785.1791387	0.0243958 	0.0051810 	-0.0213531	3.0372887 	0.1407248 	-0.0468991	8.7358037 	0.0148270 	-159.3150324	125.2530359	-0.4264921	-0.0251893	4.0679837 	3854234198.5964642	23.6032708	0.0079661 	0.0000000 
-0.2971372	-0.0741696	0.0220386 	0.0320795 	0.0000000 	-38.4505385	186.2728779	0.0386130 	0.0000000 	783.1537992	0.0230373 	0.0044356 	-0.0219745	3.0702273 	0.1901476 	-0.0443659	8.7491792 	0.0145365 	-159.9545230	125.2703222	-0.4280229	-0.0250327	3.4737487 	3854234258.6034927	23.6199400	0.0113489 	0.0000000 
-0.3294511	-0.0562890	0.0185445 	0.0212251 	0.0000000 	-63.6786737	186.2605357	-0.0025133	0.0000000 	784.9284447	0.0227207 	0.0045977 	-0.0218816	3.0411328 	0.1433606 	-0.0636367	8.7147073 	0.0152184 	-159.3038929	125.2748928	-0.4263166	-0.0251459	3.6088536 	3854234318.6099009	23.6366092	0.0077424 	0.0000000 
-0.3420819	-0.0741829	0.0253766 	-0.0172658	0.0000000 	-72.4922981	186.2352046	-0.0020515	0.0000000 	785.1687737	0.0211934 	0.0054547 	-0.0259170	3.0714724 	0.1335329 	-0.0837166	8.7037729 	0.0149597 	-159.8660142	125.3173411	-0.4277534	-0.0251895	4.2828323 	3854234378.6184568	23.6532789	0.0071364 	0.0000000 
-0.3551084	-0.0865238	0.0307253 	-0.0502687	0.0000000 	-70.8850403	186.2442014	-0.0023917	0.0000000 	785.3018325	0.0214155 	0.0050893 	-0.0165349	3.0586507 	0.1350315 	-0.0628675	8.7181970 	0.0143216 	-158.8381188	125.1969990	-0.4253369	-0.0250794	3.9966253 	3854234438.6239119	23.6699478	0.0112435 	0.0000000 
-0.2986434	-0.0707393	0.0211258 	0.0997681 	0.0000000 	-61.0472973	186.3158648	-0.0021203	0.0000000 	785.1887350	0.0228856 	0.0052713 	-0.0219369	3.0514265 	0.1519906 	-0.0291048	8.7691960 	0.0148765 	-158.3366572	125.2255866	-0.4238440	-0.0251833	4.1389738 	3854234498.6307030	23.6866169	0.0083149 	0.0000000 
-0.3631459	-0.0186590	0.0067759 	-0.1636190	0.0000000 	-52.2591220	186.2437893	-0.0033879	0.0000000 	785.2023732	0.0209754 	0.0054804 	-0.0246124	3.0760444 	0.1590271 	-0.0643087	8.7349496 	0.0156977 	-158.5058931	125.2860341	-0.4242056	-0.0252151	4.3031852 	3854234558.6384277	23.7032861	0.0079221 	0.0000000 
-0.3340600	-0.0713600	0.0238385 	0.0829582 	0.0000000 	-64.7572871	186.2516747	-0.0029204	0.0000000 	785.1897269	0.0216238 	0.0043169 	-0.0291432	3.0704581 	0.1428074 	-0.0262533	8.7915440 	0.0153251 	-159.0676198	125.2379873	-0.4257754	-0.0251882	3.3895828 	3854234618.6466732	23.7199558	0.0066067 	0.0000000 
-0.3770324	-0.0529602	0.0199677 	-0.0638999	0.0000000 	-48.7943585	186.2479984	-0.0027423	0.0000000 	785.2997247	0.0213127 	0.0042460 	-0.0235997	3.1149398 	0.1620333 	-0.0547904	8.7122295 	0.0144244 	-159.3566678	125.2557941	-0.4264812	-0.0251288	3.3344103 	3854234678.6514001	23.7366244	0.0125213 	0.0000000 
-0.2937141	-0.1004793	0.0295122 	0.1306300 	0.0000000 	-47.7321667	186.2451806	-0.0027253	0.0000000 	785.2120438	0.0222933 	0.0053400 	-0.0300851	3.0880026 	0.1623221 	-0.0598745	8.7368523 	0.0142506 	-159.9922635	125.2176057	-0.4282369	-0.0251526	4.1929991 	3854234738.6586480	23.7532936	0.0091420 	0.0000000 
-0.3480400	-0.0451210	0.0157039 	0.0483566 	0.0000000 	-78.8650526	186.3045820	-0.0028186	0.0000000 	785.2315092	0.0229007 	0.0051362 	-0.0317789	3.0497064 	0.1369972 	-0.0497285	8.7531679 	0.0150328 	-159.3212498	125.3259053	-0.4261371	-0.0251149	4.0331306 	3854234798.6659532	23.7699631	0.0102342 	0.0000000 
-0.3360613	-0.0401136	0.0134806 	0.0108287 	0.0000000 	-48.2431884	186.2727150	-0.0033775	0.0000000 	784.7213184	0.0227171 	0.0049316 	-0.0258993	3.0329120 	0.1576567 	-0.0632565	8.7474653 	0.0152849 	-159.7941345	125.3611322	-0.4273489	-0.0250867	3.8699466 	3854234858.6738710	23.7866325	0.0107087 	0.0000000 
-0.3178452	-0.0757291	0.0240701 	-0.0186869	0.0000000 	-46.5844985	186.2774708	-0.0027913	0.0000000 	785.1356950	0.0222816 	0.0040707 	-0.0223592	3.0108132 	0.1667144 	-0.0392465	8.7347917 	0.0140578 	-159.1912334	125.3155276	-0.4259497	-0.0251940	3.1960152 	3854234918.6813750	23.8033019	0.0103244 	0.0000000 
-0.3873583	-0.0585972	0.0226981 	-0.1716780	0.0000000 	-48.6234368	186.2605773	-0.0033652	0.0000000 	785.1826992	0.0228779 	0.0054418 	-0.0238341	3.0719318 	0.1746100 	-0.0426461	8.7520122 	0.0134735 	-162.9719325	125.2943926	-0.4359722	-0.0251774	4.2728236 	3854234978.6878033	23.8199708	0.0079252 	0.0000000 
-0.3198999	-0.0803147	0.0256927 	0.1087340 	0.0000000 	-52.9345299	186.2912355	-0.0028073	0.0000000 	785.2346584	0.0226156 	0.0047084 	-0.0230358	3.0071445 	0.1569481 	-0.0360369	8.7537993 	0.0149373 	-157.9918345	125.3392378	-0.4225340	-0.0251772	3.6972033 	3854235038.6955628	23.8366403	0.0097750 	0.0000000 
-0.2787924	-0.0464971	0.0129631 	-0.0856182	0.0000000 	-56.8861545	186.3080254	-0.0026952	0.0000000 	785.2328730	0.0229080 	0.0060118 	-0.0222044	3.0409508 	0.1624923 	-0.0600336	8.7726914 	0.0147407 	-157.7625591	125.3694086	-0.4218450	-0.0252143	4.7206725 	3854235098.6948433	23.8533075	0.0090161 	0.0000000 
-0.3531621	-0.0634633	0.0224128 	-0.0713793	0.0000000 	-47.1669831	186.2837924	-0.0028554	0.0000000 	785.0406743	0.0221543 	0.0038257 	-0.0323273	3.0813488 	0.1635081 	-0.0652990	8.7989210 	0.0151264 	-157.5484207	125.4159725	-0.4210737	-0.0251848	3.0033604 	3854235158.7025900	23.8699769	0.0125574 	0.0000000 
-0.3379859	-0.0647135	0.0218723 	-0.0560371	0.0000000 	-48.7741204	186.2837028	-0.0028158	0.0000000 	784.2288573	0.0225034 	0.0047239 	-0.0248291	3.0373930 	0.1619764 	-0.0958653	8.7268087 	0.0151893 	-158.1664926	125.4371710	-0.4226094	-0.0252686	3.7046239 	3854235218.7118759	23.8866467	0.0072803 	0.0000000 
-0.2894705	-0.0420529	0.0121731 	-0.0280081	0.0000000 	-48.0606488	186.3112022	-0.0027979	0.0000000 	785.1967157	0.0217856 	0.0050432 	-0.0271796	3.0206186 	0.1648455 	-0.0916742	8.7633497 	0.0158701 	-157.7015601	125.5760005	-0.4210370	-0.0252284	3.9599242 	3854235278.7208600	23.9033167	0.0083592 	0.0000000 
-0.3661757	-0.0869766	0.0318487 	-0.0906761	0.0000000 	-43.7541098	186.3255538	-0.0030853	0.0000000 	785.1098321	0.0216389 	0.0044723 	-0.0249994	3.1137058 	0.1646699 	-0.0838536	8.7758711 	0.0153485 	-157.0957872	125.4675707	-0.4197594	-0.0252405	3.5112849 	3854235338.7306452	23.9199867	0.0097951 	0.0000000 
-0.2871030	-0.0555512	0.0159489 	0.1294520 	0.0000000 	-49.2504510	186.2827992	-0.0024445	0.0000000 	785.2299718	0.0228820 	0.0044037 	-0.0239734	3.0339929 	0.1719317 	-0.0391713	8.7391638 	0.0157076 	-156.5831939	125.5459154	-0.4181855	-0.0252841	3.4579186 	3854235398.7373829	23.9366558	0.0064652 	0.0000000 
-0.3142704	-0.0485558	0.0152596 	0.1163630 	0.0000000 	-51.8382222	186.2535974	-0.0022409	0.0000000 	784.1160574	0.0210934 	0.0037704 	-0.0318762	3.0735520 	0.1632174 	-0.0376770	8.7310426 	0.0148034 	-158.4939371	125.5825158	-0.4232815	-0.0251595	2.9564141 	3854235458.7443161	23.9533250	0.0102653 	0.0000000 
-0.2844439	-0.0196817	0.0055983 	0.0370253 	0.0000000 	-42.6403562	186.2601500	-0.0024775	0.0000000 	783.9429769	0.0235043 	0.0048178 	-0.0241193	3.0585464 	0.1736591 	-0.0340519	8.7207481 	0.0137587 	-158.0330938	125.5784984	-0.4220602	-0.0252179	3.7768788 	3854235518.7511759	23.9699942	0.0122445 	0.0000000 
-0.3123921	-0.0964746	0.0301379 	0.1086873 	0.0000000 	-46.6903037	186.2519517	-0.0019337	0.0000000 	785.2496851	0.0209587 	0.0033324 	-0.0328315	3.0818060 	0.1651876 	-0.0612185	8.7308707 	0.0147820 	-157.7702330	125.5515220	-0.4213148	-0.0251768	2.6167396 	3854235578.7594509	23.9866636	0.0112056 	0.0000000 